fixture,step,width,height,requested_mode,effective_mode,backend,scope,n,median_ms,p95_nearest_rank_ms,max_ms
mandelbrot-overview,render,480,270,FAST,FAST,DirectDoubleRenderBackend,fx_dispatch_ms,3,0.0775,3.203667,3.203667
mandelbrot-overview,render,480,270,FAST,FAST,DirectDoubleRenderBackend,plan_ms,3,0.371333,1.410916,1.410916
mandelbrot-overview,render,480,270,FAST,FAST,DirectDoubleRenderBackend,first_backend_region_ms,3,2.80725,5.955667,5.955667
mandelbrot-overview,render,480,270,FAST,FAST,DirectDoubleRenderBackend,backend_ms,3,13.463833,19.603417,19.603417
mandelbrot-overview,render,480,270,FAST,FAST,DirectDoubleRenderBackend,base_complete_ms,3,20.266875,21.221125,21.221125
mandelbrot-overview,render,480,270,FAST,FAST,DirectDoubleRenderBackend,first_base_publish_ms,3,3.136334,8.976083,8.976083
mandelbrot-overview,render,480,270,FAST,FAST,DirectDoubleRenderBackend,base_full_publish_ms,3,20.307375,21.283042,21.283042
mandelbrot-overview,render,480,270,FAST,FAST,DirectDoubleRenderBackend,first_visible_publish_ms,3,3.136334,8.976083,8.976083
mandelbrot-overview,render,480,270,FAST,FAST,DirectDoubleRenderBackend,full_publish_ms,3,20.312042,21.288625,21.288625
mandelbrot-overview,render,480,270,FAST,FAST,DirectDoubleRenderBackend,first_post_layout_ms,3,14.438208,18.538542,18.538542
mandelbrot-overview,render,480,270,FAST,FAST,DirectDoubleRenderBackend,full_post_layout_ms,3,20.641167,25.907125,25.907125
mandelbrot-overview,render,480,270,FAST,FAST,DirectDoubleRenderBackend,base_fx_work_ms,3,0.781709,0.813084,0.813084
mandelbrot-overview,render,480,270,FAST,FAST,DirectDoubleRenderBackend,aa_fx_work_ms,3,0.0,0.0,0.0
mandelbrot-overview,render,480,270,REFINED,FAST,DirectDoubleRenderBackend,fx_dispatch_ms,3,0.090667,3.069792,3.069792
mandelbrot-overview,render,480,270,REFINED,FAST,DirectDoubleRenderBackend,plan_ms,3,0.266542,0.2785,0.2785
mandelbrot-overview,render,480,270,REFINED,FAST,DirectDoubleRenderBackend,first_backend_region_ms,3,1.0295,3.828292,3.828292
mandelbrot-overview,render,480,270,REFINED,FAST,DirectDoubleRenderBackend,backend_ms,3,1.580042,1.6845,1.6845
mandelbrot-overview,render,480,270,REFINED,FAST,DirectDoubleRenderBackend,base_complete_ms,3,4.451042,5.975542,5.975542
mandelbrot-overview,render,480,270,REFINED,FAST,DirectDoubleRenderBackend,first_base_publish_ms,3,3.505542,3.996125,3.996125
mandelbrot-overview,render,480,270,REFINED,FAST,DirectDoubleRenderBackend,base_full_publish_ms,3,4.476625,6.010417,6.010417
mandelbrot-overview,render,480,270,REFINED,FAST,DirectDoubleRenderBackend,first_visible_publish_ms,3,3.505542,3.996125,3.996125
mandelbrot-overview,render,480,270,REFINED,FAST,DirectDoubleRenderBackend,full_publish_ms,3,4.480375,6.014709,6.014709
mandelbrot-overview,render,480,270,REFINED,FAST,DirectDoubleRenderBackend,first_post_layout_ms,3,5.136708,5.682458,5.682458
mandelbrot-overview,render,480,270,REFINED,FAST,DirectDoubleRenderBackend,full_post_layout_ms,3,5.682458,13.229542,13.229542
mandelbrot-overview,render,480,270,REFINED,FAST,DirectDoubleRenderBackend,base_fx_work_ms,3,0.548582,0.633708,0.633708
mandelbrot-overview,render,480,270,REFINED,FAST,DirectDoubleRenderBackend,aa_fx_work_ms,3,0.0,0.0,0.0
julia-overview,render,480,270,FAST,FAST,DirectDoubleRenderBackend,fx_dispatch_ms,3,0.024916,0.025541,0.025541
julia-overview,render,480,270,FAST,FAST,DirectDoubleRenderBackend,plan_ms,3,0.106916,0.117917,0.117917
julia-overview,render,480,270,FAST,FAST,DirectDoubleRenderBackend,first_backend_region_ms,3,1.031916,1.082541,1.082541
julia-overview,render,480,270,FAST,FAST,DirectDoubleRenderBackend,backend_ms,3,13.18375,13.301417,13.301417
julia-overview,render,480,270,FAST,FAST,DirectDoubleRenderBackend,base_complete_ms,3,14.101208,14.178875,14.178875
julia-overview,render,480,270,FAST,FAST,DirectDoubleRenderBackend,first_base_publish_ms,3,9.436208,10.9,10.9
julia-overview,render,480,270,FAST,FAST,DirectDoubleRenderBackend,base_full_publish_ms,3,14.127958,14.206166,14.206166
julia-overview,render,480,270,FAST,FAST,DirectDoubleRenderBackend,first_visible_publish_ms,3,9.436208,10.9,10.9
julia-overview,render,480,270,FAST,FAST,DirectDoubleRenderBackend,full_publish_ms,3,14.1315,14.209375,14.209375
julia-overview,render,480,270,FAST,FAST,DirectDoubleRenderBackend,first_post_layout_ms,3,11.67675,14.570125,14.570125
julia-overview,render,480,270,FAST,FAST,DirectDoubleRenderBackend,full_post_layout_ms,3,14.570125,15.079666,15.079666
julia-overview,render,480,270,FAST,FAST,DirectDoubleRenderBackend,base_fx_work_ms,3,0.670459,0.671667,0.671667
julia-overview,render,480,270,FAST,FAST,DirectDoubleRenderBackend,aa_fx_work_ms,3,0.0,0.0,0.0
julia-overview,render,480,270,REFINED,FAST,DirectDoubleRenderBackend,fx_dispatch_ms,3,0.021375,0.022417,0.022417
julia-overview,render,480,270,REFINED,FAST,DirectDoubleRenderBackend,plan_ms,3,0.068125,0.09675,0.09675
julia-overview,render,480,270,REFINED,FAST,DirectDoubleRenderBackend,first_backend_region_ms,3,0.573458,0.607208,0.607208
julia-overview,render,480,270,REFINED,FAST,DirectDoubleRenderBackend,backend_ms,3,1.870459,1.941083,1.941083
julia-overview,render,480,270,REFINED,FAST,DirectDoubleRenderBackend,base_complete_ms,3,2.693083,4.988583,4.988583
julia-overview,render,480,270,REFINED,FAST,DirectDoubleRenderBackend,first_base_publish_ms,3,0.7585,1.478292,1.478292
julia-overview,render,480,270,REFINED,FAST,DirectDoubleRenderBackend,base_full_publish_ms,3,2.70925,5.015208,5.015208
julia-overview,render,480,270,REFINED,FAST,DirectDoubleRenderBackend,first_visible_publish_ms,3,0.7585,1.478292,1.478292
julia-overview,render,480,270,REFINED,FAST,DirectDoubleRenderBackend,full_publish_ms,3,2.712125,5.018583,5.018583
julia-overview,render,480,270,REFINED,FAST,DirectDoubleRenderBackend,first_post_layout_ms,3,6.502958,7.186667,7.186667
julia-overview,render,480,270,REFINED,FAST,DirectDoubleRenderBackend,full_post_layout_ms,3,6.502958,7.186667,7.186667
julia-overview,render,480,270,REFINED,FAST,DirectDoubleRenderBackend,base_fx_work_ms,3,0.502709,0.608792,0.608792
julia-overview,render,480,270,REFINED,FAST,DirectDoubleRenderBackend,aa_fx_work_ms,3,0.0,0.0,0.0
multibrot_cubic-overview,render,480,270,FAST,FAST,DirectDoubleRenderBackend,fx_dispatch_ms,3,0.020333,0.025,0.025
multibrot_cubic-overview,render,480,270,FAST,FAST,DirectDoubleRenderBackend,plan_ms,3,0.073167,0.083125,0.083125
multibrot_cubic-overview,render,480,270,FAST,FAST,DirectDoubleRenderBackend,first_backend_region_ms,3,0.682042,0.686166,0.686166
multibrot_cubic-overview,render,480,270,FAST,FAST,DirectDoubleRenderBackend,backend_ms,3,7.271833,8.162125,8.162125
multibrot_cubic-overview,render,480,270,FAST,FAST,DirectDoubleRenderBackend,base_complete_ms,3,8.236208,8.884708,8.884708
multibrot_cubic-overview,render,480,270,FAST,FAST,DirectDoubleRenderBackend,first_base_publish_ms,3,4.750375,5.973875,5.973875
multibrot_cubic-overview,render,480,270,FAST,FAST,DirectDoubleRenderBackend,base_full_publish_ms,3,8.268708,8.928042,8.928042
multibrot_cubic-overview,render,480,270,FAST,FAST,DirectDoubleRenderBackend,first_visible_publish_ms,3,4.750375,5.973875,5.973875
multibrot_cubic-overview,render,480,270,FAST,FAST,DirectDoubleRenderBackend,full_publish_ms,3,8.275333,8.9315,8.9315
multibrot_cubic-overview,render,480,270,FAST,FAST,DirectDoubleRenderBackend,first_post_layout_ms,3,6.435375,7.538791,7.538791
multibrot_cubic-overview,render,480,270,FAST,FAST,DirectDoubleRenderBackend,full_post_layout_ms,3,14.563791,14.576375,14.576375
multibrot_cubic-overview,render,480,270,FAST,FAST,DirectDoubleRenderBackend,base_fx_work_ms,3,0.523125,0.534625,0.534625
multibrot_cubic-overview,render,480,270,FAST,FAST,DirectDoubleRenderBackend,aa_fx_work_ms,3,0.0,0.0,0.0
multibrot_cubic-overview,render,480,270,REFINED,FAST,DirectDoubleRenderBackend,fx_dispatch_ms,3,0.018959,0.023916,0.023916
multibrot_cubic-overview,render,480,270,REFINED,FAST,DirectDoubleRenderBackend,plan_ms,3,0.075584,0.094542,0.094542
multibrot_cubic-overview,render,480,270,REFINED,FAST,DirectDoubleRenderBackend,first_backend_region_ms,3,0.515125,0.7425,0.7425
multibrot_cubic-overview,render,480,270,REFINED,FAST,DirectDoubleRenderBackend,backend_ms,3,3.417333,3.5455,3.5455
multibrot_cubic-overview,render,480,270,REFINED,FAST,DirectDoubleRenderBackend,base_complete_ms,3,4.909042,5.828875,5.828875
multibrot_cubic-overview,render,480,270,REFINED,FAST,DirectDoubleRenderBackend,first_base_publish_ms,3,4.539042,4.716,4.716
multibrot_cubic-overview,render,480,270,REFINED,FAST,DirectDoubleRenderBackend,base_full_publish_ms,3,4.926584,5.852709,5.852709
multibrot_cubic-overview,render,480,270,REFINED,FAST,DirectDoubleRenderBackend,first_visible_publish_ms,3,4.539042,4.716,4.716
multibrot_cubic-overview,render,480,270,REFINED,FAST,DirectDoubleRenderBackend,full_publish_ms,3,4.92975,5.856709,5.856709
multibrot_cubic-overview,render,480,270,REFINED,FAST,DirectDoubleRenderBackend,first_post_layout_ms,3,5.465417,7.221667,7.221667
multibrot_cubic-overview,render,480,270,REFINED,FAST,DirectDoubleRenderBackend,full_post_layout_ms,3,5.465417,7.221667,7.221667
multibrot_cubic-overview,render,480,270,REFINED,FAST,DirectDoubleRenderBackend,base_fx_work_ms,3,0.389708,0.432417,0.432417
multibrot_cubic-overview,render,480,270,REFINED,FAST,DirectDoubleRenderBackend,aa_fx_work_ms,3,0.0,0.0,0.0
burning_ship-overview,render,480,270,FAST,FAST,DirectDoubleRenderBackend,fx_dispatch_ms,3,0.01925,0.021667,0.021667
burning_ship-overview,render,480,270,FAST,FAST,DirectDoubleRenderBackend,plan_ms,3,0.072375,0.083917,0.083917
burning_ship-overview,render,480,270,FAST,FAST,DirectDoubleRenderBackend,first_backend_region_ms,3,0.932125,1.103333,1.103333
burning_ship-overview,render,480,270,FAST,FAST,DirectDoubleRenderBackend,backend_ms,3,3.580333,13.93675,13.93675
burning_ship-overview,render,480,270,FAST,FAST,DirectDoubleRenderBackend,base_complete_ms,3,5.883583,14.639125,14.639125
burning_ship-overview,render,480,270,FAST,FAST,DirectDoubleRenderBackend,first_base_publish_ms,3,5.807166,6.34025,6.34025
burning_ship-overview,render,480,270,FAST,FAST,DirectDoubleRenderBackend,base_full_publish_ms,3,5.899208,15.642333,15.642333
burning_ship-overview,render,480,270,FAST,FAST,DirectDoubleRenderBackend,first_visible_publish_ms,3,5.807166,6.34025,6.34025
burning_ship-overview,render,480,270,FAST,FAST,DirectDoubleRenderBackend,full_publish_ms,3,5.902,15.647375,15.647375
burning_ship-overview,render,480,270,FAST,FAST,DirectDoubleRenderBackend,first_post_layout_ms,3,6.986792,7.236083,7.236083
burning_ship-overview,render,480,270,FAST,FAST,DirectDoubleRenderBackend,full_post_layout_ms,3,7.236083,15.736333,15.736333
burning_ship-overview,render,480,270,FAST,FAST,DirectDoubleRenderBackend,base_fx_work_ms,3,0.423126,1.500458,1.500458
burning_ship-overview,render,480,270,FAST,FAST,DirectDoubleRenderBackend,aa_fx_work_ms,3,0.0,0.0,0.0
burning_ship-overview,render,480,270,REFINED,FAST,DirectDoubleRenderBackend,fx_dispatch_ms,3,0.022541,0.025041,0.025041
burning_ship-overview,render,480,270,REFINED,FAST,DirectDoubleRenderBackend,plan_ms,3,0.07675,0.092542,0.092542
burning_ship-overview,render,480,270,REFINED,FAST,DirectDoubleRenderBackend,first_backend_region_ms,3,0.823625,0.983666,0.983666
burning_ship-overview,render,480,270,REFINED,FAST,DirectDoubleRenderBackend,backend_ms,3,3.838167,4.687375,4.687375
burning_ship-overview,render,480,270,REFINED,FAST,DirectDoubleRenderBackend,base_complete_ms,3,5.207875,5.401541,5.401541
burning_ship-overview,render,480,270,REFINED,FAST,DirectDoubleRenderBackend,first_base_publish_ms,3,5.135958,5.142208,5.142208
burning_ship-overview,render,480,270,REFINED,FAST,DirectDoubleRenderBackend,base_full_publish_ms,3,5.238166,5.424583,5.424583
burning_ship-overview,render,480,270,REFINED,FAST,DirectDoubleRenderBackend,first_visible_publish_ms,3,5.135958,5.142208,5.142208
burning_ship-overview,render,480,270,REFINED,FAST,DirectDoubleRenderBackend,full_publish_ms,3,5.241708,5.428166,5.428166
burning_ship-overview,render,480,270,REFINED,FAST,DirectDoubleRenderBackend,first_post_layout_ms,3,6.40675,6.51675,6.51675
burning_ship-overview,render,480,270,REFINED,FAST,DirectDoubleRenderBackend,full_post_layout_ms,3,6.40675,6.51675,6.51675
burning_ship-overview,render,480,270,REFINED,FAST,DirectDoubleRenderBackend,base_fx_work_ms,3,0.520791,0.546709,0.546709
burning_ship-overview,render,480,270,REFINED,FAST,DirectDoubleRenderBackend,aa_fx_work_ms,3,0.0,0.0,0.0
tricorn-overview,render,480,270,FAST,FAST,DirectDoubleRenderBackend,fx_dispatch_ms,3,0.018791,0.024417,0.024417
tricorn-overview,render,480,270,FAST,FAST,DirectDoubleRenderBackend,plan_ms,3,0.24775,0.304333,0.304333
tricorn-overview,render,480,270,FAST,FAST,DirectDoubleRenderBackend,first_backend_region_ms,3,0.719709,0.720541,0.720541
tricorn-overview,render,480,270,FAST,FAST,DirectDoubleRenderBackend,backend_ms,3,1.534667,1.681625,1.681625
tricorn-overview,render,480,270,FAST,FAST,DirectDoubleRenderBackend,base_complete_ms,3,2.436375,5.174,5.174
tricorn-overview,render,480,270,FAST,FAST,DirectDoubleRenderBackend,first_base_publish_ms,3,2.037708,2.430959,2.430959
tricorn-overview,render,480,270,FAST,FAST,DirectDoubleRenderBackend,base_full_publish_ms,3,2.454209,5.202625,5.202625
tricorn-overview,render,480,270,FAST,FAST,DirectDoubleRenderBackend,first_visible_publish_ms,3,2.037708,2.430959,2.430959
tricorn-overview,render,480,270,FAST,FAST,DirectDoubleRenderBackend,full_publish_ms,3,2.457292,5.206333,5.206333
tricorn-overview,render,480,270,FAST,FAST,DirectDoubleRenderBackend,first_post_layout_ms,3,6.175125,6.997625,6.997625
tricorn-overview,render,480,270,FAST,FAST,DirectDoubleRenderBackend,full_post_layout_ms,3,6.175125,6.997625,6.997625
tricorn-overview,render,480,270,FAST,FAST,DirectDoubleRenderBackend,base_fx_work_ms,3,0.361541,0.468875,0.468875
tricorn-overview,render,480,270,FAST,FAST,DirectDoubleRenderBackend,aa_fx_work_ms,3,0.0,0.0,0.0
tricorn-overview,render,480,270,REFINED,FAST,DirectDoubleRenderBackend,fx_dispatch_ms,3,0.017042,0.018084,0.018084
tricorn-overview,render,480,270,REFINED,FAST,DirectDoubleRenderBackend,plan_ms,3,0.207125,0.218375,0.218375
tricorn-overview,render,480,270,REFINED,FAST,DirectDoubleRenderBackend,first_backend_region_ms,3,0.583791,0.605417,0.605417
tricorn-overview,render,480,270,REFINED,FAST,DirectDoubleRenderBackend,backend_ms,3,1.290917,1.324458,1.324458
tricorn-overview,render,480,270,REFINED,FAST,DirectDoubleRenderBackend,base_complete_ms,3,1.901584,2.114666,2.114666
tricorn-overview,render,480,270,REFINED,FAST,DirectDoubleRenderBackend,first_base_publish_ms,3,1.028875,1.121709,1.121709
tricorn-overview,render,480,270,REFINED,FAST,DirectDoubleRenderBackend,base_full_publish_ms,3,1.91325,2.127708,2.127708
tricorn-overview,render,480,270,REFINED,FAST,DirectDoubleRenderBackend,first_visible_publish_ms,3,1.028875,1.121709,1.121709
tricorn-overview,render,480,270,REFINED,FAST,DirectDoubleRenderBackend,full_publish_ms,3,1.915625,2.130375,2.130375
tricorn-overview,render,480,270,REFINED,FAST,DirectDoubleRenderBackend,first_post_layout_ms,3,6.500292,7.268334,7.268334
tricorn-overview,render,480,270,REFINED,FAST,DirectDoubleRenderBackend,full_post_layout_ms,3,6.500292,7.268334,7.268334
tricorn-overview,render,480,270,REFINED,FAST,DirectDoubleRenderBackend,base_fx_work_ms,3,0.33371,0.39225,0.39225
tricorn-overview,render,480,270,REFINED,FAST,DirectDoubleRenderBackend,aa_fx_work_ms,3,0.0,0.0,0.0
exterior,render,480,270,FAST,FAST,DirectDoubleRenderBackend,fx_dispatch_ms,3,0.020125,0.027,0.027
exterior,render,480,270,FAST,FAST,DirectDoubleRenderBackend,plan_ms,3,0.225958,0.250167,0.250167
exterior,render,480,270,FAST,FAST,DirectDoubleRenderBackend,first_backend_region_ms,3,0.602708,0.665458,0.665458
exterior,render,480,270,FAST,FAST,DirectDoubleRenderBackend,backend_ms,3,1.348125,1.661709,1.661709
exterior,render,480,270,FAST,FAST,DirectDoubleRenderBackend,base_complete_ms,3,5.216791,5.230958,5.230958
exterior,render,480,270,FAST,FAST,DirectDoubleRenderBackend,first_base_publish_ms,3,0.940458,5.148458,5.148458
exterior,render,480,270,FAST,FAST,DirectDoubleRenderBackend,base_full_publish_ms,3,5.243125,5.258708,5.258708
exterior,render,480,270,FAST,FAST,DirectDoubleRenderBackend,first_visible_publish_ms,3,0.940458,5.148458,5.148458
exterior,render,480,270,FAST,FAST,DirectDoubleRenderBackend,full_publish_ms,3,5.247541,5.262792,5.262792
exterior,render,480,270,FAST,FAST,DirectDoubleRenderBackend,first_post_layout_ms,3,6.425125,6.490667,6.490667
exterior,render,480,270,FAST,FAST,DirectDoubleRenderBackend,full_post_layout_ms,3,6.425125,6.490667,6.490667
exterior,render,480,270,FAST,FAST,DirectDoubleRenderBackend,base_fx_work_ms,3,0.521666,0.653416,0.653416
exterior,render,480,270,FAST,FAST,DirectDoubleRenderBackend,aa_fx_work_ms,3,0.0,0.0,0.0
exterior,render,480,270,REFINED,FAST,DirectDoubleRenderBackend,fx_dispatch_ms,3,0.016708,0.035375,0.035375
exterior,render,480,270,REFINED,FAST,DirectDoubleRenderBackend,plan_ms,3,0.156625,0.161708,0.161708
exterior,render,480,270,REFINED,FAST,DirectDoubleRenderBackend,first_backend_region_ms,3,0.459,0.473583,0.473583
exterior,render,480,270,REFINED,FAST,DirectDoubleRenderBackend,backend_ms,3,1.410292,1.434042,1.434042
exterior,render,480,270,REFINED,FAST,DirectDoubleRenderBackend,base_complete_ms,3,2.18175,4.82625,4.82625
exterior,render,480,270,REFINED,FAST,DirectDoubleRenderBackend,first_base_publish_ms,3,1.442791,1.947333,1.947333
exterior,render,480,270,REFINED,FAST,DirectDoubleRenderBackend,base_full_publish_ms,3,2.200458,4.855083,4.855083
exterior,render,480,270,REFINED,FAST,DirectDoubleRenderBackend,first_visible_publish_ms,3,1.442791,1.947333,1.947333
exterior,render,480,270,REFINED,FAST,DirectDoubleRenderBackend,full_publish_ms,3,2.205,4.860166,4.860166
exterior,render,480,270,REFINED,FAST,DirectDoubleRenderBackend,first_post_layout_ms,3,6.579833,6.623875,6.623875
exterior,render,480,270,REFINED,FAST,DirectDoubleRenderBackend,full_post_layout_ms,3,6.579833,6.623875,6.623875
exterior,render,480,270,REFINED,FAST,DirectDoubleRenderBackend,base_fx_work_ms,3,0.424459,0.446334,0.446334
exterior,render,480,270,REFINED,FAST,DirectDoubleRenderBackend,aa_fx_work_ms,3,0.0,0.0,0.0
seahorse-fixed,render,480,270,FAST,FAST,DirectDoubleRenderBackend,fx_dispatch_ms,3,0.039625,3.045292,3.045292
seahorse-fixed,render,480,270,FAST,FAST,DirectDoubleRenderBackend,plan_ms,3,0.22325,0.258959,0.258959
seahorse-fixed,render,480,270,FAST,FAST,DirectDoubleRenderBackend,first_backend_region_ms,3,1.060125,3.780084,3.780084
seahorse-fixed,render,480,270,FAST,FAST,DirectDoubleRenderBackend,backend_ms,3,4.443084,5.013167,5.013167
seahorse-fixed,render,480,270,FAST,FAST,DirectDoubleRenderBackend,base_complete_ms,3,6.140875,7.926417,7.926417
seahorse-fixed,render,480,270,FAST,FAST,DirectDoubleRenderBackend,first_base_publish_ms,3,4.627375,5.116167,5.116167
seahorse-fixed,render,480,270,FAST,FAST,DirectDoubleRenderBackend,base_full_publish_ms,3,6.18875,7.958,7.958
seahorse-fixed,render,480,270,FAST,FAST,DirectDoubleRenderBackend,first_visible_publish_ms,3,4.627375,5.116167,5.116167
seahorse-fixed,render,480,270,FAST,FAST,DirectDoubleRenderBackend,full_publish_ms,3,6.193709,7.963584,7.963584
seahorse-fixed,render,480,270,FAST,FAST,DirectDoubleRenderBackend,first_post_layout_ms,3,6.612584,7.175667,7.175667
seahorse-fixed,render,480,270,FAST,FAST,DirectDoubleRenderBackend,full_post_layout_ms,3,6.612584,12.486292,12.486292
seahorse-fixed,render,480,270,FAST,FAST,DirectDoubleRenderBackend,base_fx_work_ms,3,0.637251,0.698501,0.698501
seahorse-fixed,render,480,270,FAST,FAST,DirectDoubleRenderBackend,aa_fx_work_ms,3,0.0,0.0,0.0
seahorse-fixed,render,480,270,REFINED,FAST,DirectDoubleRenderBackend,fx_dispatch_ms,3,0.018292,0.020709,0.020709
seahorse-fixed,render,480,270,REFINED,FAST,DirectDoubleRenderBackend,plan_ms,3,0.060291,0.093,0.093
seahorse-fixed,render,480,270,REFINED,FAST,DirectDoubleRenderBackend,first_backend_region_ms,3,0.425333,0.445208,0.445208
seahorse-fixed,render,480,270,REFINED,FAST,DirectDoubleRenderBackend,backend_ms,3,2.520458,2.763208,2.763208
seahorse-fixed,render,480,270,REFINED,FAST,DirectDoubleRenderBackend,base_complete_ms,3,5.392375,6.063208,6.063208
seahorse-fixed,render,480,270,REFINED,FAST,DirectDoubleRenderBackend,first_base_publish_ms,3,0.585542,5.280625,5.280625
seahorse-fixed,render,480,270,REFINED,FAST,DirectDoubleRenderBackend,base_full_publish_ms,3,5.409,6.076542,6.076542
seahorse-fixed,render,480,270,REFINED,FAST,DirectDoubleRenderBackend,first_visible_publish_ms,3,0.585542,5.280625,5.280625
seahorse-fixed,render,480,270,REFINED,FAST,DirectDoubleRenderBackend,full_publish_ms,3,5.411334,6.079542,6.079542
seahorse-fixed,render,480,270,REFINED,FAST,DirectDoubleRenderBackend,first_post_layout_ms,3,6.767333,7.431292,7.431292
seahorse-fixed,render,480,270,REFINED,FAST,DirectDoubleRenderBackend,full_post_layout_ms,3,6.767333,7.431292,7.431292
seahorse-fixed,render,480,270,REFINED,FAST,DirectDoubleRenderBackend,base_fx_work_ms,3,0.413041,0.424458,0.424458
seahorse-fixed,render,480,270,REFINED,FAST,DirectDoubleRenderBackend,aa_fx_work_ms,3,0.0,0.0,0.0
seahorse-adaptive,render,480,270,FAST,FAST,DirectDoubleRenderBackend,fx_dispatch_ms,3,0.01375,0.014167,0.014167
seahorse-adaptive,render,480,270,FAST,FAST,DirectDoubleRenderBackend,plan_ms,3,0.05225,0.06825,0.06825
seahorse-adaptive,render,480,270,FAST,FAST,DirectDoubleRenderBackend,first_backend_region_ms,3,0.39675,0.415083,0.415083
seahorse-adaptive,render,480,270,FAST,FAST,DirectDoubleRenderBackend,backend_ms,3,3.5685,3.5975,3.5975
seahorse-adaptive,render,480,270,FAST,FAST,DirectDoubleRenderBackend,base_complete_ms,3,5.457875,5.471,5.471
seahorse-adaptive,render,480,270,FAST,FAST,DirectDoubleRenderBackend,first_base_publish_ms,3,1.674583,2.103792,2.103792
seahorse-adaptive,render,480,270,FAST,FAST,DirectDoubleRenderBackend,base_full_publish_ms,3,5.471833,5.482333,5.482333
seahorse-adaptive,render,480,270,FAST,FAST,DirectDoubleRenderBackend,first_visible_publish_ms,3,1.674583,2.103792,2.103792
seahorse-adaptive,render,480,270,FAST,FAST,DirectDoubleRenderBackend,full_publish_ms,3,5.474833,5.485416,5.485416
seahorse-adaptive,render,480,270,FAST,FAST,DirectDoubleRenderBackend,first_post_layout_ms,3,6.834083,6.869375,6.869375
seahorse-adaptive,render,480,270,FAST,FAST,DirectDoubleRenderBackend,full_post_layout_ms,3,6.834083,6.869375,6.869375
seahorse-adaptive,render,480,270,FAST,FAST,DirectDoubleRenderBackend,base_fx_work_ms,3,0.362709,0.398959,0.398959
seahorse-adaptive,render,480,270,FAST,FAST,DirectDoubleRenderBackend,aa_fx_work_ms,3,0.0,0.0,0.0
seahorse-adaptive,render,480,270,REFINED,FAST,DirectDoubleRenderBackend,fx_dispatch_ms,3,0.016667,0.016959,0.016959
seahorse-adaptive,render,480,270,REFINED,FAST,DirectDoubleRenderBackend,plan_ms,3,0.076875,0.756375,0.756375
seahorse-adaptive,render,480,270,REFINED,FAST,DirectDoubleRenderBackend,first_backend_region_ms,3,0.442042,1.126917,1.126917
seahorse-adaptive,render,480,270,REFINED,FAST,DirectDoubleRenderBackend,backend_ms,3,3.716625,4.345333,4.345333
seahorse-adaptive,render,480,270,REFINED,FAST,DirectDoubleRenderBackend,base_complete_ms,3,5.412583,5.607959,5.607959
seahorse-adaptive,render,480,270,REFINED,FAST,DirectDoubleRenderBackend,first_base_publish_ms,3,1.546542,5.071417,5.071417
seahorse-adaptive,render,480,270,REFINED,FAST,DirectDoubleRenderBackend,base_full_publish_ms,3,5.429042,5.630125,5.630125
seahorse-adaptive,render,480,270,REFINED,FAST,DirectDoubleRenderBackend,first_visible_publish_ms,3,1.546542,5.071417,5.071417
seahorse-adaptive,render,480,270,REFINED,FAST,DirectDoubleRenderBackend,full_publish_ms,3,5.431708,5.633209,5.633209
seahorse-adaptive,render,480,270,REFINED,FAST,DirectDoubleRenderBackend,first_post_layout_ms,3,6.753708,6.788667,6.788667
seahorse-adaptive,render,480,270,REFINED,FAST,DirectDoubleRenderBackend,full_post_layout_ms,3,6.753708,6.788667,6.788667
seahorse-adaptive,render,480,270,REFINED,FAST,DirectDoubleRenderBackend,base_fx_work_ms,3,0.493875,0.524208,0.524208
seahorse-adaptive,render,480,270,REFINED,FAST,DirectDoubleRenderBackend,aa_fx_work_ms,3,0.0,0.0,0.0
mandelbrot-aa-regular,render,480,270,FAST,FAST,DirectDoubleRenderBackend,fx_dispatch_ms,3,0.016417,0.020833,0.020833
mandelbrot-aa-regular,render,480,270,FAST,FAST,DirectDoubleRenderBackend,plan_ms,3,0.057458,0.0615,0.0615
mandelbrot-aa-regular,render,480,270,FAST,FAST,DirectDoubleRenderBackend,first_backend_region_ms,3,0.277708,0.295959,0.295959
mandelbrot-aa-regular,render,480,270,FAST,FAST,DirectDoubleRenderBackend,backend_ms,3,1.061083,1.066875,1.066875
mandelbrot-aa-regular,render,480,270,FAST,FAST,DirectDoubleRenderBackend,base_complete_ms,3,1.55,1.580292,1.580292
mandelbrot-aa-regular,render,480,270,FAST,FAST,DirectDoubleRenderBackend,first_base_publish_ms,3,0.337791,0.35325,0.35325
mandelbrot-aa-regular,render,480,270,FAST,FAST,DirectDoubleRenderBackend,base_full_publish_ms,3,1.573667,1.593292,1.593292
mandelbrot-aa-regular,render,480,270,FAST,FAST,DirectDoubleRenderBackend,aa_ms,3,16.581,20.207333,20.207333
mandelbrot-aa-regular,render,480,270,FAST,FAST,DirectDoubleRenderBackend,first_aa_publish_ms,3,5.051542,5.072166,5.072166
mandelbrot-aa-regular,render,480,270,FAST,FAST,DirectDoubleRenderBackend,first_visible_publish_ms,3,0.337791,0.35325,0.35325
mandelbrot-aa-regular,render,480,270,FAST,FAST,DirectDoubleRenderBackend,full_publish_ms,3,18.180792,21.771416,21.771416
mandelbrot-aa-regular,render,480,270,FAST,FAST,DirectDoubleRenderBackend,first_post_layout_ms,3,6.854833,6.874,6.874
mandelbrot-aa-regular,render,480,270,FAST,FAST,DirectDoubleRenderBackend,full_post_layout_ms,3,23.318417,23.375834,23.375834
mandelbrot-aa-regular,render,480,270,FAST,FAST,DirectDoubleRenderBackend,base_fx_work_ms,3,0.285459,0.323001,0.323001
mandelbrot-aa-regular,render,480,270,FAST,FAST,DirectDoubleRenderBackend,aa_fx_work_ms,3,0.305004,0.31554,0.31554
mandelbrot-aa-regular,render,480,270,REFINED,REFINED,DirectDoubleRenderBackend,fx_dispatch_ms,3,0.01475,0.014833,0.014833
mandelbrot-aa-regular,render,480,270,REFINED,REFINED,DirectDoubleRenderBackend,plan_ms,3,0.065375,0.073208,0.073208
mandelbrot-aa-regular,render,480,270,REFINED,REFINED,DirectDoubleRenderBackend,first_backend_region_ms,3,0.286,0.326875,0.326875
mandelbrot-aa-regular,render,480,270,REFINED,REFINED,DirectDoubleRenderBackend,backend_ms,3,1.0345,1.103583,1.103583
mandelbrot-aa-regular,render,480,270,REFINED,REFINED,DirectDoubleRenderBackend,base_complete_ms,3,1.2665,1.324667,1.324667
mandelbrot-aa-regular,render,480,270,REFINED,REFINED,DirectDoubleRenderBackend,aa_ms,3,7.334791,7.970875,7.970875
mandelbrot-aa-regular,render,480,270,REFINED,REFINED,DirectDoubleRenderBackend,first_aa_publish_ms,3,5.040833,5.141125,5.141125
mandelbrot-aa-regular,render,480,270,REFINED,REFINED,DirectDoubleRenderBackend,first_visible_publish_ms,3,5.040833,5.141125,5.141125
mandelbrot-aa-regular,render,480,270,REFINED,REFINED,DirectDoubleRenderBackend,full_publish_ms,3,9.141291,9.914542,9.914542
mandelbrot-aa-regular,render,480,270,REFINED,REFINED,DirectDoubleRenderBackend,first_post_layout_ms,3,8.131083,8.742667,8.742667
mandelbrot-aa-regular,render,480,270,REFINED,REFINED,DirectDoubleRenderBackend,full_post_layout_ms,3,15.044542,15.15575,15.15575
mandelbrot-aa-regular,render,480,270,REFINED,REFINED,DirectDoubleRenderBackend,base_fx_work_ms,3,0.577582,0.58775,0.58775
mandelbrot-aa-regular,render,480,270,REFINED,REFINED,DirectDoubleRenderBackend,aa_fx_work_ms,3,0.204787,0.238711,0.238711
julia-aa-regular,render,480,270,FAST,FAST,DirectDoubleRenderBackend,fx_dispatch_ms,3,0.016625,0.016875,0.016875
julia-aa-regular,render,480,270,FAST,FAST,DirectDoubleRenderBackend,plan_ms,3,0.059709,0.083,0.083
julia-aa-regular,render,480,270,FAST,FAST,DirectDoubleRenderBackend,first_backend_region_ms,3,0.500709,0.512542,0.512542
julia-aa-regular,render,480,270,FAST,FAST,DirectDoubleRenderBackend,backend_ms,3,1.846833,1.913292,1.913292
julia-aa-regular,render,480,270,FAST,FAST,DirectDoubleRenderBackend,base_complete_ms,3,2.338167,5.489667,5.489667
julia-aa-regular,render,480,270,FAST,FAST,DirectDoubleRenderBackend,first_base_publish_ms,3,1.322,2.11075,2.11075
julia-aa-regular,render,480,270,FAST,FAST,DirectDoubleRenderBackend,base_full_publish_ms,3,2.351125,5.558417,5.558417
julia-aa-regular,render,480,270,FAST,FAST,DirectDoubleRenderBackend,aa_ms,3,20.001416,20.171958,20.171958
julia-aa-regular,render,480,270,FAST,FAST,DirectDoubleRenderBackend,first_aa_publish_ms,3,5.248042,9.009917,9.009917
julia-aa-regular,render,480,270,FAST,FAST,DirectDoubleRenderBackend,first_visible_publish_ms,3,1.322,2.11075,2.11075
julia-aa-regular,render,480,270,FAST,FAST,DirectDoubleRenderBackend,full_publish_ms,3,22.53,24.693833,24.693833
julia-aa-regular,render,480,270,FAST,FAST,DirectDoubleRenderBackend,first_post_layout_ms,3,6.90725,7.05025,7.05025
julia-aa-regular,render,480,270,FAST,FAST,DirectDoubleRenderBackend,full_post_layout_ms,3,23.526584,31.704583,31.704583
julia-aa-regular,render,480,270,FAST,FAST,DirectDoubleRenderBackend,base_fx_work_ms,3,0.444208,0.555542,0.555542
julia-aa-regular,render,480,270,FAST,FAST,DirectDoubleRenderBackend,aa_fx_work_ms,3,0.169,0.180575,0.180575
julia-aa-regular,render,480,270,REFINED,REFINED,DirectDoubleRenderBackend,fx_dispatch_ms,3,0.017083,0.020833,0.020833
julia-aa-regular,render,480,270,REFINED,REFINED,DirectDoubleRenderBackend,plan_ms,3,0.067375,1.277708,1.277708
julia-aa-regular,render,480,270,REFINED,REFINED,DirectDoubleRenderBackend,first_backend_region_ms,3,0.446542,1.674541,1.674541
julia-aa-regular,render,480,270,REFINED,REFINED,DirectDoubleRenderBackend,backend_ms,3,1.883625,2.022375,2.022375
julia-aa-regular,render,480,270,REFINED,REFINED,DirectDoubleRenderBackend,base_complete_ms,3,5.036208,5.279833,5.279833
julia-aa-regular,render,480,270,REFINED,REFINED,DirectDoubleRenderBackend,aa_ms,3,19.404459,20.22025,20.22025
julia-aa-regular,render,480,270,REFINED,REFINED,DirectDoubleRenderBackend,first_aa_publish_ms,3,8.937208,13.830416,13.830416
julia-aa-regular,render,480,270,REFINED,REFINED,DirectDoubleRenderBackend,first_visible_publish_ms,3,8.937208,13.830416,13.830416
julia-aa-regular,render,480,270,REFINED,REFINED,DirectDoubleRenderBackend,full_publish_ms,3,23.178916,25.084583,25.084583
julia-aa-regular,render,480,270,REFINED,REFINED,DirectDoubleRenderBackend,first_post_layout_ms,3,14.875416,15.608708,15.608708
julia-aa-regular,render,480,270,REFINED,REFINED,DirectDoubleRenderBackend,full_post_layout_ms,3,24.204083,31.693333,31.693333
julia-aa-regular,render,480,270,REFINED,REFINED,DirectDoubleRenderBackend,base_fx_work_ms,3,0.55879,0.612583,0.612583
julia-aa-regular,render,480,270,REFINED,REFINED,DirectDoubleRenderBackend,aa_fx_work_ms,3,0.172377,0.20138,0.20138
mandelbrot-aa-deterministic_jitter,render,480,270,FAST,FAST,DirectDoubleRenderBackend,fx_dispatch_ms,3,0.014709,0.017917,0.017917
mandelbrot-aa-deterministic_jitter,render,480,270,FAST,FAST,DirectDoubleRenderBackend,plan_ms,3,0.057125,0.072791,0.072791
mandelbrot-aa-deterministic_jitter,render,480,270,FAST,FAST,DirectDoubleRenderBackend,first_backend_region_ms,3,0.238125,0.267333,0.267333
mandelbrot-aa-deterministic_jitter,render,480,270,FAST,FAST,DirectDoubleRenderBackend,backend_ms,3,1.103667,1.18825,1.18825
mandelbrot-aa-deterministic_jitter,render,480,270,FAST,FAST,DirectDoubleRenderBackend,base_complete_ms,3,1.610292,1.707458,1.707458
mandelbrot-aa-deterministic_jitter,render,480,270,FAST,FAST,DirectDoubleRenderBackend,first_base_publish_ms,3,0.458959,1.606292,1.606292
mandelbrot-aa-deterministic_jitter,render,480,270,FAST,FAST,DirectDoubleRenderBackend,base_full_publish_ms,3,1.6205,1.717916,1.717916
mandelbrot-aa-deterministic_jitter,render,480,270,FAST,FAST,DirectDoubleRenderBackend,aa_ms,3,7.377083,8.202959,8.202959
mandelbrot-aa-deterministic_jitter,render,480,270,FAST,FAST,DirectDoubleRenderBackend,first_aa_publish_ms,3,5.115084,5.216125,5.216125
mandelbrot-aa-deterministic_jitter,render,480,270,FAST,FAST,DirectDoubleRenderBackend,first_visible_publish_ms,3,0.458959,1.606292,1.606292
mandelbrot-aa-deterministic_jitter,render,480,270,FAST,FAST,DirectDoubleRenderBackend,full_publish_ms,3,9.102375,9.83025,9.83025
mandelbrot-aa-deterministic_jitter,render,480,270,FAST,FAST,DirectDoubleRenderBackend,first_post_layout_ms,3,8.466708,8.826167,8.826167
mandelbrot-aa-deterministic_jitter,render,480,270,FAST,FAST,DirectDoubleRenderBackend,full_post_layout_ms,3,14.769708,15.186041,15.186041
mandelbrot-aa-deterministic_jitter,render,480,270,FAST,FAST,DirectDoubleRenderBackend,base_fx_work_ms,3,0.32425,0.3265,0.3265
mandelbrot-aa-deterministic_jitter,render,480,270,FAST,FAST,DirectDoubleRenderBackend,aa_fx_work_ms,3,0.149535,0.154333,0.154333
mandelbrot-aa-deterministic_jitter,render,480,270,REFINED,REFINED,DirectDoubleRenderBackend,fx_dispatch_ms,3,0.013,0.014916,0.014916
mandelbrot-aa-deterministic_jitter,render,480,270,REFINED,REFINED,DirectDoubleRenderBackend,plan_ms,3,0.056042,0.059959,0.059959
mandelbrot-aa-deterministic_jitter,render,480,270,REFINED,REFINED,DirectDoubleRenderBackend,first_backend_region_ms,3,0.22875,0.243083,0.243083
mandelbrot-aa-deterministic_jitter,render,480,270,REFINED,REFINED,DirectDoubleRenderBackend,backend_ms,3,0.863958,1.072125,1.072125
mandelbrot-aa-deterministic_jitter,render,480,270,REFINED,REFINED,DirectDoubleRenderBackend,base_complete_ms,3,1.047333,1.278541,1.278541
mandelbrot-aa-deterministic_jitter,render,480,270,REFINED,REFINED,DirectDoubleRenderBackend,aa_ms,3,5.950292,7.432209,7.432209
mandelbrot-aa-deterministic_jitter,render,480,270,REFINED,REFINED,DirectDoubleRenderBackend,first_aa_publish_ms,3,5.138292,5.177625,5.177625
mandelbrot-aa-deterministic_jitter,render,480,270,REFINED,REFINED,DirectDoubleRenderBackend,first_visible_publish_ms,3,5.138292,5.177625,5.177625
mandelbrot-aa-deterministic_jitter,render,480,270,REFINED,REFINED,DirectDoubleRenderBackend,full_publish_ms,3,7.557292,9.272416,9.272416
mandelbrot-aa-deterministic_jitter,render,480,270,REFINED,REFINED,DirectDoubleRenderBackend,first_post_layout_ms,3,7.558042,8.331541,8.331541
mandelbrot-aa-deterministic_jitter,render,480,270,REFINED,REFINED,DirectDoubleRenderBackend,full_post_layout_ms,3,15.102708,15.202708,15.202708
mandelbrot-aa-deterministic_jitter,render,480,270,REFINED,REFINED,DirectDoubleRenderBackend,base_fx_work_ms,3,0.539292,0.540459,0.540459
mandelbrot-aa-deterministic_jitter,render,480,270,REFINED,REFINED,DirectDoubleRenderBackend,aa_fx_work_ms,3,0.179747,0.190091,0.190091
julia-aa-deterministic_jitter,render,480,270,FAST,FAST,DirectDoubleRenderBackend,fx_dispatch_ms,3,0.014875,0.031917,0.031917
julia-aa-deterministic_jitter,render,480,270,FAST,FAST,DirectDoubleRenderBackend,plan_ms,3,0.052584,0.055125,0.055125
julia-aa-deterministic_jitter,render,480,270,FAST,FAST,DirectDoubleRenderBackend,first_backend_region_ms,3,0.448417,0.456958,0.456958
julia-aa-deterministic_jitter,render,480,270,FAST,FAST,DirectDoubleRenderBackend,backend_ms,3,1.792167,1.855459,1.855459
julia-aa-deterministic_jitter,render,480,270,FAST,FAST,DirectDoubleRenderBackend,base_complete_ms,3,2.34,5.325417,5.325417
julia-aa-deterministic_jitter,render,480,270,FAST,FAST,DirectDoubleRenderBackend,first_base_publish_ms,3,1.087,2.048542,2.048542
julia-aa-deterministic_jitter,render,480,270,FAST,FAST,DirectDoubleRenderBackend,base_full_publish_ms,3,2.350167,5.343583,5.343583
julia-aa-deterministic_jitter,render,480,270,FAST,FAST,DirectDoubleRenderBackend,aa_ms,3,20.027459,20.200541,20.200541
julia-aa-deterministic_jitter,render,480,270,FAST,FAST,DirectDoubleRenderBackend,first_aa_publish_ms,3,5.765459,9.535958,9.535958
julia-aa-deterministic_jitter,render,480,270,FAST,FAST,DirectDoubleRenderBackend,first_visible_publish_ms,3,1.087,2.048542,2.048542
julia-aa-deterministic_jitter,render,480,270,FAST,FAST,DirectDoubleRenderBackend,full_publish_ms,3,22.48475,24.80825,24.80825
julia-aa-deterministic_jitter,render,480,270,FAST,FAST,DirectDoubleRenderBackend,first_post_layout_ms,3,6.933459,6.953167,6.953167
julia-aa-deterministic_jitter,render,480,270,FAST,FAST,DirectDoubleRenderBackend,full_post_layout_ms,3,23.428459,31.822417,31.822417
julia-aa-deterministic_jitter,render,480,270,FAST,FAST,DirectDoubleRenderBackend,base_fx_work_ms,3,0.392041,0.459708,0.459708
julia-aa-deterministic_jitter,render,480,270,FAST,FAST,DirectDoubleRenderBackend,aa_fx_work_ms,3,0.139624,0.15092,0.15092
julia-aa-deterministic_jitter,render,480,270,REFINED,REFINED,DirectDoubleRenderBackend,fx_dispatch_ms,3,0.015041,0.016959,0.016959
julia-aa-deterministic_jitter,render,480,270,REFINED,REFINED,DirectDoubleRenderBackend,plan_ms,3,0.0565,0.056667,0.056667
julia-aa-deterministic_jitter,render,480,270,REFINED,REFINED,DirectDoubleRenderBackend,first_backend_region_ms,3,0.427042,0.447292,0.447292
julia-aa-deterministic_jitter,render,480,270,REFINED,REFINED,DirectDoubleRenderBackend,backend_ms,3,1.771542,1.806666,1.806666
julia-aa-deterministic_jitter,render,480,270,REFINED,REFINED,DirectDoubleRenderBackend,base_complete_ms,3,1.959625,2.026625,2.026625
julia-aa-deterministic_jitter,render,480,270,REFINED,REFINED,DirectDoubleRenderBackend,aa_ms,3,20.061958,21.0435,21.0435
julia-aa-deterministic_jitter,render,480,270,REFINED,REFINED,DirectDoubleRenderBackend,first_aa_publish_ms,3,8.730334,10.471958,10.471958
julia-aa-deterministic_jitter,render,480,270,REFINED,REFINED,DirectDoubleRenderBackend,first_visible_publish_ms,3,8.730334,10.471958,10.471958
julia-aa-deterministic_jitter,render,480,270,REFINED,REFINED,DirectDoubleRenderBackend,full_publish_ms,3,22.631875,23.526083,23.526083
julia-aa-deterministic_jitter,render,480,270,REFINED,REFINED,DirectDoubleRenderBackend,first_post_layout_ms,3,8.9655,15.453083,15.453083
julia-aa-deterministic_jitter,render,480,270,REFINED,REFINED,DirectDoubleRenderBackend,full_post_layout_ms,3,23.495042,23.571583,23.571583
julia-aa-deterministic_jitter,render,480,270,REFINED,REFINED,DirectDoubleRenderBackend,base_fx_work_ms,3,0.571792,0.576208,0.576208
julia-aa-deterministic_jitter,render,480,270,REFINED,REFINED,DirectDoubleRenderBackend,aa_fx_work_ms,3,0.218907,0.226958,0.226958
julia-aa-retained,render,480,270,FAST,FAST,DirectDoubleRenderBackend,fx_dispatch_ms,3,0.015458,0.019417,0.019417
julia-aa-retained,render,480,270,FAST,FAST,DirectDoubleRenderBackend,plan_ms,3,0.059458,0.072042,0.072042
julia-aa-retained,render,480,270,FAST,FAST,DirectDoubleRenderBackend,first_backend_region_ms,3,0.44475,0.454375,0.454375
julia-aa-retained,render,480,270,FAST,FAST,DirectDoubleRenderBackend,backend_ms,3,1.83575,1.851625,1.851625
julia-aa-retained,render,480,270,FAST,FAST,DirectDoubleRenderBackend,base_complete_ms,3,2.321417,2.369458,2.369458
julia-aa-retained,render,480,270,FAST,FAST,DirectDoubleRenderBackend,first_base_publish_ms,3,0.817875,2.221209,2.221209
julia-aa-retained,render,480,270,FAST,FAST,DirectDoubleRenderBackend,base_full_publish_ms,3,2.342334,2.381208,2.381208
julia-aa-retained,render,480,270,FAST,FAST,DirectDoubleRenderBackend,aa_prepare_ms,3,18.307959,26.69275,26.69275
julia-aa-retained,render,480,270,FAST,FAST,DirectDoubleRenderBackend,aa_ms,3,5.909167,26.171,26.171
julia-aa-retained,render,480,270,FAST,FAST,DirectDoubleRenderBackend,first_aa_publish_ms,3,23.020291,35.628084,35.628084
julia-aa-retained,render,480,270,FAST,FAST,DirectDoubleRenderBackend,first_visible_publish_ms,3,0.817875,2.221209,2.221209
julia-aa-retained,render,480,270,FAST,FAST,DirectDoubleRenderBackend,full_publish_ms,3,26.049917,55.215167,55.215167
julia-aa-retained,render,480,270,FAST,FAST,DirectDoubleRenderBackend,first_post_layout_ms,3,6.937625,7.02575,7.02575
julia-aa-retained,render,480,270,FAST,FAST,DirectDoubleRenderBackend,full_post_layout_ms,3,31.876917,56.675875,56.675875
julia-aa-retained,render,480,270,FAST,FAST,DirectDoubleRenderBackend,base_fx_work_ms,3,0.374792,0.432082,0.432082
julia-aa-retained,render,480,270,FAST,FAST,DirectDoubleRenderBackend,aa_fx_work_ms,3,0.1125,0.121291,0.121291
julia-aa-retained,render,480,270,REFINED,REFINED,DirectDoubleRenderBackend,fx_dispatch_ms,3,0.017625,0.019958,0.019958
julia-aa-retained,render,480,270,REFINED,REFINED,DirectDoubleRenderBackend,plan_ms,3,0.060833,0.093542,0.093542
julia-aa-retained,render,480,270,REFINED,REFINED,DirectDoubleRenderBackend,first_backend_region_ms,3,0.5025,0.516875,0.516875
julia-aa-retained,render,480,270,REFINED,REFINED,DirectDoubleRenderBackend,backend_ms,3,1.859666,2.150416,2.150416
julia-aa-retained,render,480,270,REFINED,REFINED,DirectDoubleRenderBackend,base_complete_ms,3,2.157917,2.382375,2.382375
julia-aa-retained,render,480,270,REFINED,REFINED,DirectDoubleRenderBackend,aa_prepare_ms,3,18.782416,19.657125,19.657125
julia-aa-retained,render,480,270,REFINED,REFINED,DirectDoubleRenderBackend,aa_ms,3,3.390416,3.6655,3.6655
julia-aa-retained,render,480,270,REFINED,REFINED,DirectDoubleRenderBackend,first_aa_publish_ms,3,22.484583,23.710166,23.710166
julia-aa-retained,render,480,270,REFINED,REFINED,DirectDoubleRenderBackend,first_visible_publish_ms,3,22.484583,23.710166,23.710166
julia-aa-retained,render,480,270,REFINED,REFINED,DirectDoubleRenderBackend,full_publish_ms,3,25.107208,25.826041,25.826041
julia-aa-retained,render,480,270,REFINED,REFINED,DirectDoubleRenderBackend,first_post_layout_ms,3,24.384042,31.673583,31.673583
julia-aa-retained,render,480,270,REFINED,REFINED,DirectDoubleRenderBackend,full_post_layout_ms,3,31.673583,31.763625,31.763625
julia-aa-retained,render,480,270,REFINED,REFINED,DirectDoubleRenderBackend,base_fx_work_ms,3,0.588875,0.605791,0.605791
julia-aa-retained,render,480,270,REFINED,REFINED,DirectDoubleRenderBackend,aa_fx_work_ms,3,0.149753,0.173714,0.173714
mandelbrot-histogram-aa,render,480,270,FAST,FAST,DirectDoubleRenderBackend,fx_dispatch_ms,3,0.018792,0.028708,0.028708
mandelbrot-histogram-aa,render,480,270,FAST,FAST,DirectDoubleRenderBackend,plan_ms,3,0.063833,0.070083,0.070083
mandelbrot-histogram-aa,render,480,270,FAST,FAST,DirectDoubleRenderBackend,first_backend_region_ms,3,0.392833,0.649625,0.649625
mandelbrot-histogram-aa,render,480,270,FAST,FAST,DirectDoubleRenderBackend,backend_ms,3,3.354417,3.615625,3.615625
mandelbrot-histogram-aa,render,480,270,FAST,FAST,DirectDoubleRenderBackend,base_complete_ms,3,5.591375,5.73,5.73
mandelbrot-histogram-aa,render,480,270,FAST,FAST,DirectDoubleRenderBackend,first_base_publish_ms,3,1.138625,4.414875,4.414875
mandelbrot-histogram-aa,render,480,270,FAST,FAST,DirectDoubleRenderBackend,base_full_publish_ms,3,6.581041,6.802375,6.802375
mandelbrot-histogram-aa,render,480,270,FAST,FAST,DirectDoubleRenderBackend,aa_ms,3,28.560708,31.591667,31.591667
mandelbrot-histogram-aa,render,480,270,FAST,FAST,DirectDoubleRenderBackend,first_aa_publish_ms,3,8.039708,8.542625,8.542625
mandelbrot-histogram-aa,render,480,270,FAST,FAST,DirectDoubleRenderBackend,first_visible_publish_ms,3,1.138625,4.414875,4.414875
mandelbrot-histogram-aa,render,480,270,FAST,FAST,DirectDoubleRenderBackend,full_publish_ms,3,35.371458,37.64075,37.64075
mandelbrot-histogram-aa,render,480,270,FAST,FAST,DirectDoubleRenderBackend,first_post_layout_ms,3,7.005375,7.101292,7.101292
mandelbrot-histogram-aa,render,480,270,FAST,FAST,DirectDoubleRenderBackend,full_post_layout_ms,3,40.16825,40.203,40.203
mandelbrot-histogram-aa,render,480,270,FAST,FAST,DirectDoubleRenderBackend,base_fx_work_ms,3,1.620125,1.664833,1.664833
mandelbrot-histogram-aa,render,480,270,FAST,FAST,DirectDoubleRenderBackend,aa_fx_work_ms,3,0.140376,0.151917,0.151917
mandelbrot-histogram-aa,render,480,270,REFINED,REFINED,DirectDoubleRenderBackend,fx_dispatch_ms,3,0.01525,0.016,0.016
mandelbrot-histogram-aa,render,480,270,REFINED,REFINED,DirectDoubleRenderBackend,plan_ms,3,0.0555,0.062917,0.062917
mandelbrot-histogram-aa,render,480,270,REFINED,REFINED,DirectDoubleRenderBackend,first_backend_region_ms,3,0.366125,0.385042,0.385042
mandelbrot-histogram-aa,render,480,270,REFINED,REFINED,DirectDoubleRenderBackend,backend_ms,3,2.480958,2.494917,2.494917
mandelbrot-histogram-aa,render,480,270,REFINED,REFINED,DirectDoubleRenderBackend,base_complete_ms,3,5.172167,5.255041,5.255041
mandelbrot-histogram-aa,render,480,270,REFINED,REFINED,DirectDoubleRenderBackend,aa_ms,3,24.126375,25.603583,25.603583
mandelbrot-histogram-aa,render,480,270,REFINED,REFINED,DirectDoubleRenderBackend,first_aa_publish_ms,3,7.663875,8.057333,8.057333
mandelbrot-histogram-aa,render,480,270,REFINED,REFINED,DirectDoubleRenderBackend,first_visible_publish_ms,3,7.663875,8.057333,8.057333
mandelbrot-histogram-aa,render,480,270,REFINED,REFINED,DirectDoubleRenderBackend,full_publish_ms,3,30.202541,31.711625,31.711625
mandelbrot-histogram-aa,render,480,270,REFINED,REFINED,DirectDoubleRenderBackend,first_post_layout_ms,3,15.15425,15.201375,15.201375
mandelbrot-histogram-aa,render,480,270,REFINED,REFINED,DirectDoubleRenderBackend,full_post_layout_ms,3,31.844708,31.866,31.866
mandelbrot-histogram-aa,render,480,270,REFINED,REFINED,DirectDoubleRenderBackend,base_fx_work_ms,3,0.848083,0.898999,0.898999
mandelbrot-histogram-aa,render,480,270,REFINED,REFINED,DirectDoubleRenderBackend,aa_fx_work_ms,3,0.123872,0.128285,0.128285
mandelbrot-trap-aa,render,480,270,FAST,FAST,DirectDoubleRenderBackend,fx_dispatch_ms,3,0.015542,0.016416,0.016416
mandelbrot-trap-aa,render,480,270,FAST,FAST,DirectDoubleRenderBackend,plan_ms,3,0.059959,0.070667,0.070667
mandelbrot-trap-aa,render,480,270,FAST,FAST,DirectDoubleRenderBackend,first_backend_region_ms,3,0.385416,0.402709,0.402709
mandelbrot-trap-aa,render,480,270,FAST,FAST,DirectDoubleRenderBackend,backend_ms,3,7.577584,8.285625,8.285625
mandelbrot-trap-aa,render,480,270,FAST,FAST,DirectDoubleRenderBackend,base_complete_ms,3,9.314959,9.924166,9.924166
mandelbrot-trap-aa,render,480,270,FAST,FAST,DirectDoubleRenderBackend,first_base_publish_ms,3,0.799834,5.360917,5.360917
mandelbrot-trap-aa,render,480,270,FAST,FAST,DirectDoubleRenderBackend,base_full_publish_ms,3,9.332709,9.941125,9.941125
mandelbrot-trap-aa,render,480,270,FAST,FAST,DirectDoubleRenderBackend,aa_ms,3,29.203375,30.2105,30.2105
mandelbrot-trap-aa,render,480,270,FAST,FAST,DirectDoubleRenderBackend,first_aa_publish_ms,3,16.558542,17.368875,17.368875
mandelbrot-trap-aa,render,480,270,FAST,FAST,DirectDoubleRenderBackend,first_visible_publish_ms,3,0.799834,5.360917,5.360917
mandelbrot-trap-aa,render,480,270,FAST,FAST,DirectDoubleRenderBackend,full_publish_ms,3,38.652416,38.799208,38.799208
mandelbrot-trap-aa,render,480,270,FAST,FAST,DirectDoubleRenderBackend,first_post_layout_ms,3,7.281667,7.813458,7.813458
mandelbrot-trap-aa,render,480,270,FAST,FAST,DirectDoubleRenderBackend,full_post_layout_ms,3,40.171708,40.309625,40.309625
mandelbrot-trap-aa,render,480,270,FAST,FAST,DirectDoubleRenderBackend,base_fx_work_ms,3,1.464832,1.513749,1.513749
mandelbrot-trap-aa,render,480,270,FAST,FAST,DirectDoubleRenderBackend,aa_fx_work_ms,3,0.115836,0.119289,0.119289
mandelbrot-trap-aa,render,480,270,REFINED,REFINED,DirectDoubleRenderBackend,fx_dispatch_ms,3,0.01375,0.018667,0.018667
mandelbrot-trap-aa,render,480,270,REFINED,REFINED,DirectDoubleRenderBackend,plan_ms,3,0.054125,0.062708,0.062708
mandelbrot-trap-aa,render,480,270,REFINED,REFINED,DirectDoubleRenderBackend,first_backend_region_ms,3,0.36975,0.39125,0.39125
mandelbrot-trap-aa,render,480,270,REFINED,REFINED,DirectDoubleRenderBackend,backend_ms,3,7.014084,7.487333,7.487333
mandelbrot-trap-aa,render,480,270,REFINED,REFINED,DirectDoubleRenderBackend,base_complete_ms,3,7.2395,7.689083,7.689083
mandelbrot-trap-aa,render,480,270,REFINED,REFINED,DirectDoubleRenderBackend,aa_ms,3,26.490208,30.747542,30.747542
mandelbrot-trap-aa,render,480,270,REFINED,REFINED,DirectDoubleRenderBackend,first_aa_publish_ms,3,13.335125,13.479166,13.479166
mandelbrot-trap-aa,render,480,270,REFINED,REFINED,DirectDoubleRenderBackend,first_visible_publish_ms,3,13.335125,13.479166,13.479166
mandelbrot-trap-aa,render,480,270,REFINED,REFINED,DirectDoubleRenderBackend,full_publish_ms,3,34.811458,38.5885,38.5885
mandelbrot-trap-aa,render,480,270,REFINED,REFINED,DirectDoubleRenderBackend,first_post_layout_ms,3,15.172542,15.206291,15.206291
mandelbrot-trap-aa,render,480,270,REFINED,REFINED,DirectDoubleRenderBackend,full_post_layout_ms,3,40.150209,40.2025,40.2025
mandelbrot-trap-aa,render,480,270,REFINED,REFINED,DirectDoubleRenderBackend,base_fx_work_ms,3,0.604208,0.630999,0.630999
mandelbrot-trap-aa,render,480,270,REFINED,REFINED,DirectDoubleRenderBackend,aa_fx_work_ms,3,0.151538,0.160079,0.160079
deep-glitch,render,480,270,FAST,FAST,MandelbrotPerturbationRenderBackend,fx_dispatch_ms,3,0.01625,0.017667,0.017667
deep-glitch,render,480,270,FAST,FAST,MandelbrotPerturbationRenderBackend,plan_ms,3,0.071125,0.077292,0.077292
deep-glitch,render,480,270,FAST,FAST,MandelbrotPerturbationRenderBackend,first_backend_region_ms,3,1.611875,1.638333,1.638333
deep-glitch,render,480,270,FAST,FAST,MandelbrotPerturbationRenderBackend,backend_ms,3,154.403291,162.350958,162.350958
deep-glitch,render,480,270,FAST,FAST,MandelbrotPerturbationRenderBackend,base_complete_ms,3,154.807209,162.67175,162.67175
deep-glitch,render,480,270,FAST,FAST,MandelbrotPerturbationRenderBackend,first_base_publish_ms,3,5.212709,5.4965,5.4965
deep-glitch,render,480,270,FAST,FAST,MandelbrotPerturbationRenderBackend,base_full_publish_ms,3,154.830292,162.693917,162.693917
deep-glitch,render,480,270,FAST,FAST,MandelbrotPerturbationRenderBackend,first_visible_publish_ms,3,5.212709,5.4965,5.4965
deep-glitch,render,480,270,FAST,FAST,MandelbrotPerturbationRenderBackend,full_publish_ms,3,154.833667,162.697375,162.697375
deep-glitch,render,480,270,FAST,FAST,MandelbrotPerturbationRenderBackend,first_post_layout_ms,3,7.013583,7.040084,7.040084
deep-glitch,render,480,270,FAST,FAST,MandelbrotPerturbationRenderBackend,full_post_layout_ms,3,156.826666,165.187084,165.187084
deep-glitch,render,480,270,FAST,FAST,MandelbrotPerturbationRenderBackend,base_fx_work_ms,3,1.580876,1.68375,1.68375
deep-glitch,render,480,270,FAST,FAST,MandelbrotPerturbationRenderBackend,aa_fx_work_ms,3,0.0,0.0,0.0
deep-glitch,render,480,270,REFINED,FAST,MandelbrotPerturbationRenderBackend,fx_dispatch_ms,3,0.017333,0.018375,0.018375
deep-glitch,render,480,270,REFINED,FAST,MandelbrotPerturbationRenderBackend,plan_ms,3,0.058917,0.065833,0.065833
deep-glitch,render,480,270,REFINED,FAST,MandelbrotPerturbationRenderBackend,first_backend_region_ms,3,1.408917,2.014375,2.014375
deep-glitch,render,480,270,REFINED,FAST,MandelbrotPerturbationRenderBackend,backend_ms,3,155.564917,155.712709,155.712709
deep-glitch,render,480,270,REFINED,FAST,MandelbrotPerturbationRenderBackend,base_complete_ms,3,155.942,155.995083,155.995083
deep-glitch,render,480,270,REFINED,FAST,MandelbrotPerturbationRenderBackend,first_base_publish_ms,3,2.108083,5.951667,5.951667
deep-glitch,render,480,270,REFINED,FAST,MandelbrotPerturbationRenderBackend,base_full_publish_ms,3,155.967333,156.014875,156.014875
deep-glitch,render,480,270,REFINED,FAST,MandelbrotPerturbationRenderBackend,first_visible_publish_ms,3,2.108083,5.951667,5.951667
deep-glitch,render,480,270,REFINED,FAST,MandelbrotPerturbationRenderBackend,full_publish_ms,3,155.970958,156.018708,156.018708
deep-glitch,render,480,270,REFINED,FAST,MandelbrotPerturbationRenderBackend,first_post_layout_ms,3,7.766542,7.780375,7.780375
deep-glitch,render,480,270,REFINED,FAST,MandelbrotPerturbationRenderBackend,full_post_layout_ms,3,156.71175,156.813,156.813
deep-glitch,render,480,270,REFINED,FAST,MandelbrotPerturbationRenderBackend,base_fx_work_ms,3,1.574084,1.655793,1.655793
deep-glitch,render,480,270,REFINED,FAST,MandelbrotPerturbationRenderBackend,aa_fx_work_ms,3,0.0,0.0,0.0
deep-glitch-aa,render,480,270,FAST,FAST,MandelbrotPerturbationRenderBackend,fx_dispatch_ms,3,0.018041,0.020458,0.020458
deep-glitch-aa,render,480,270,FAST,FAST,MandelbrotPerturbationRenderBackend,plan_ms,3,0.056167,0.241042,0.241042
deep-glitch-aa,render,480,270,FAST,FAST,MandelbrotPerturbationRenderBackend,first_backend_region_ms,3,1.28,1.821375,1.821375
deep-glitch-aa,render,480,270,FAST,FAST,MandelbrotPerturbationRenderBackend,backend_ms,3,184.414042,206.711625,206.711625
deep-glitch-aa,render,480,270,FAST,FAST,MandelbrotPerturbationRenderBackend,base_complete_ms,3,184.711542,207.210208,207.210208
deep-glitch-aa,render,480,270,FAST,FAST,MandelbrotPerturbationRenderBackend,first_base_publish_ms,3,4.766292,5.051084,5.051084
deep-glitch-aa,render,480,270,FAST,FAST,MandelbrotPerturbationRenderBackend,base_full_publish_ms,3,184.734042,207.235417,207.235417
deep-glitch-aa,render,480,270,FAST,FAST,MandelbrotPerturbationRenderBackend,aa_ms,3,422.522292,567.479292,567.479292
deep-glitch-aa,render,480,270,FAST,FAST,MandelbrotPerturbationRenderBackend,first_aa_publish_ms,3,197.833417,221.487333,221.487333
deep-glitch-aa,render,480,270,FAST,FAST,MandelbrotPerturbationRenderBackend,first_visible_publish_ms,3,4.766292,5.051084,5.051084
deep-glitch-aa,render,480,270,FAST,FAST,MandelbrotPerturbationRenderBackend,full_publish_ms,3,629.764875,741.311333,741.311333
deep-glitch-aa,render,480,270,FAST,FAST,MandelbrotPerturbationRenderBackend,first_post_layout_ms,3,7.397709,9.234708,9.234708
deep-glitch-aa,render,480,270,FAST,FAST,MandelbrotPerturbationRenderBackend,full_post_layout_ms,3,631.502417,748.479666,748.479666
deep-glitch-aa,render,480,270,FAST,FAST,MandelbrotPerturbationRenderBackend,base_fx_work_ms,3,1.39125,1.583749,1.583749
deep-glitch-aa,render,480,270,FAST,FAST,MandelbrotPerturbationRenderBackend,aa_fx_work_ms,3,0.325461,0.507047,0.507047
deep-glitch-aa,render,480,270,REFINED,FAST,MandelbrotPerturbationRenderBackend,fx_dispatch_ms,3,0.015583,0.01975,0.01975
deep-glitch-aa,render,480,270,REFINED,FAST,MandelbrotPerturbationRenderBackend,plan_ms,3,0.056834,0.058042,0.058042
deep-glitch-aa,render,480,270,REFINED,FAST,MandelbrotPerturbationRenderBackend,first_backend_region_ms,3,1.147625,1.155542,1.155542
deep-glitch-aa,render,480,270,REFINED,FAST,MandelbrotPerturbationRenderBackend,backend_ms,3,181.102917,198.481542,198.481542
deep-glitch-aa,render,480,270,REFINED,FAST,MandelbrotPerturbationRenderBackend,base_complete_ms,3,181.454042,198.692,198.692
deep-glitch-aa,render,480,270,REFINED,FAST,MandelbrotPerturbationRenderBackend,first_base_publish_ms,3,1.240083,14.984917,14.984917
deep-glitch-aa,render,480,270,REFINED,FAST,MandelbrotPerturbationRenderBackend,base_full_publish_ms,3,181.473292,198.722125,198.722125
deep-glitch-aa,render,480,270,REFINED,FAST,MandelbrotPerturbationRenderBackend,aa_ms,3,408.845583,414.68275,414.68275
deep-glitch-aa,render,480,270,REFINED,FAST,MandelbrotPerturbationRenderBackend,first_aa_publish_ms,3,197.10075,215.549583,215.549583
deep-glitch-aa,render,480,270,REFINED,FAST,MandelbrotPerturbationRenderBackend,first_visible_publish_ms,3,1.240083,14.984917,14.984917
deep-glitch-aa,render,480,270,REFINED,FAST,MandelbrotPerturbationRenderBackend,full_publish_ms,3,590.33,613.416542,613.416542
deep-glitch-aa,render,480,270,REFINED,FAST,MandelbrotPerturbationRenderBackend,first_post_layout_ms,3,7.329333,15.520083,15.520083
deep-glitch-aa,render,480,270,REFINED,FAST,MandelbrotPerturbationRenderBackend,full_post_layout_ms,3,598.443625,615.131875,615.131875
deep-glitch-aa,render,480,270,REFINED,FAST,MandelbrotPerturbationRenderBackend,base_fx_work_ms,3,1.370455,1.613415,1.613415
deep-glitch-aa,render,480,270,REFINED,FAST,MandelbrotPerturbationRenderBackend,aa_fx_work_ms,3,0.298045,0.35671,0.35671
deep-bla,render,480,270,FAST,FAST,MandelbrotPerturbationRenderBackend,fx_dispatch_ms,3,0.015417,0.017167,0.017167
deep-bla,render,480,270,FAST,FAST,MandelbrotPerturbationRenderBackend,plan_ms,3,0.065291,0.074292,0.074292
deep-bla,render,480,270,FAST,FAST,MandelbrotPerturbationRenderBackend,first_backend_region_ms,3,1.046667,1.17875,1.17875
deep-bla,render,480,270,FAST,FAST,MandelbrotPerturbationRenderBackend,backend_ms,3,11.726583,13.889417,13.889417
deep-bla,render,480,270,FAST,FAST,MandelbrotPerturbationRenderBackend,base_complete_ms,3,13.412334,15.07775,15.07775
deep-bla,render,480,270,FAST,FAST,MandelbrotPerturbationRenderBackend,first_base_publish_ms,3,4.245167,5.73825,5.73825
deep-bla,render,480,270,FAST,FAST,MandelbrotPerturbationRenderBackend,base_full_publish_ms,3,13.444959,15.101583,15.101583
deep-bla,render,480,270,FAST,FAST,MandelbrotPerturbationRenderBackend,first_visible_publish_ms,3,4.245167,5.73825,5.73825
deep-bla,render,480,270,FAST,FAST,MandelbrotPerturbationRenderBackend,full_publish_ms,3,13.451334,15.105792,15.105792
deep-bla,render,480,270,FAST,FAST,MandelbrotPerturbationRenderBackend,first_post_layout_ms,3,8.241125,11.834708,11.834708
deep-bla,render,480,270,FAST,FAST,MandelbrotPerturbationRenderBackend,full_post_layout_ms,3,15.109167,15.240833,15.240833
deep-bla,render,480,270,FAST,FAST,MandelbrotPerturbationRenderBackend,base_fx_work_ms,3,0.889208,0.949333,0.949333
deep-bla,render,480,270,FAST,FAST,MandelbrotPerturbationRenderBackend,aa_fx_work_ms,3,0.0,0.0,0.0
deep-bla,render,480,270,REFINED,FAST,MandelbrotPerturbationRenderBackend,fx_dispatch_ms,3,0.015916,0.017292,0.017292
deep-bla,render,480,270,REFINED,FAST,MandelbrotPerturbationRenderBackend,plan_ms,3,0.054917,0.055709,0.055709
deep-bla,render,480,270,REFINED,FAST,MandelbrotPerturbationRenderBackend,first_backend_region_ms,3,0.925208,0.942416,0.942416
deep-bla,render,480,270,REFINED,FAST,MandelbrotPerturbationRenderBackend,backend_ms,3,11.514042,13.987542,13.987542
deep-bla,render,480,270,REFINED,FAST,MandelbrotPerturbationRenderBackend,base_complete_ms,3,14.256583,15.035791,15.035791
deep-bla,render,480,270,REFINED,FAST,MandelbrotPerturbationRenderBackend,first_base_publish_ms,3,5.205625,5.261041,5.261041
deep-bla,render,480,270,REFINED,FAST,MandelbrotPerturbationRenderBackend,base_full_publish_ms,3,14.280333,15.053458,15.053458
deep-bla,render,480,270,REFINED,FAST,MandelbrotPerturbationRenderBackend,first_visible_publish_ms,3,5.205625,5.261041,5.261041
deep-bla,render,480,270,REFINED,FAST,MandelbrotPerturbationRenderBackend,full_publish_ms,3,14.285042,15.058083,15.058083
deep-bla,render,480,270,REFINED,FAST,MandelbrotPerturbationRenderBackend,first_post_layout_ms,3,7.03525,7.038458,7.038458
deep-bla,render,480,270,REFINED,FAST,MandelbrotPerturbationRenderBackend,full_post_layout_ms,3,15.106958,15.144958,15.144958
deep-bla,render,480,270,REFINED,FAST,MandelbrotPerturbationRenderBackend,base_fx_work_ms,3,0.893833,0.921334,0.921334
deep-bla,render,480,270,REFINED,FAST,MandelbrotPerturbationRenderBackend,aa_fx_work_ms,3,0.0,0.0,0.0
deep-boundary,render,480,270,FAST,FAST,MandelbrotPerturbationRenderBackend,fx_dispatch_ms,3,0.015708,0.016291,0.016291
deep-boundary,render,480,270,FAST,FAST,MandelbrotPerturbationRenderBackend,plan_ms,3,0.074709,0.077292,0.077292
deep-boundary,render,480,270,FAST,FAST,MandelbrotPerturbationRenderBackend,first_backend_region_ms,3,0.875125,0.901375,0.901375
deep-boundary,render,480,270,FAST,FAST,MandelbrotPerturbationRenderBackend,backend_ms,3,12.641416,13.859541,13.859541
deep-boundary,render,480,270,FAST,FAST,MandelbrotPerturbationRenderBackend,base_complete_ms,3,14.326167,14.695959,14.695959
deep-boundary,render,480,270,FAST,FAST,MandelbrotPerturbationRenderBackend,first_base_publish_ms,3,1.008,6.871209,6.871209
deep-boundary,render,480,270,FAST,FAST,MandelbrotPerturbationRenderBackend,base_full_publish_ms,3,14.34975,14.719334,14.719334
deep-boundary,render,480,270,FAST,FAST,MandelbrotPerturbationRenderBackend,first_visible_publish_ms,3,1.008,6.871209,6.871209
deep-boundary,render,480,270,FAST,FAST,MandelbrotPerturbationRenderBackend,full_publish_ms,3,14.354,14.723625,14.723625
deep-boundary,render,480,270,FAST,FAST,MandelbrotPerturbationRenderBackend,first_post_layout_ms,3,8.859542,11.817416,11.817416
deep-boundary,render,480,270,FAST,FAST,MandelbrotPerturbationRenderBackend,full_post_layout_ms,3,15.141542,15.252208,15.252208
deep-boundary,render,480,270,FAST,FAST,MandelbrotPerturbationRenderBackend,base_fx_work_ms,3,0.925749,0.936125,0.936125
deep-boundary,render,480,270,FAST,FAST,MandelbrotPerturbationRenderBackend,aa_fx_work_ms,3,0.0,0.0,0.0
deep-boundary,render,480,270,REFINED,FAST,MandelbrotPerturbationRenderBackend,fx_dispatch_ms,3,0.014583,0.015041,0.015041
deep-boundary,render,480,270,REFINED,FAST,MandelbrotPerturbationRenderBackend,plan_ms,3,0.053375,0.055334,0.055334
deep-boundary,render,480,270,REFINED,FAST,MandelbrotPerturbationRenderBackend,first_backend_region_ms,3,0.808791,0.817583,0.817583
deep-boundary,render,480,270,REFINED,FAST,MandelbrotPerturbationRenderBackend,backend_ms,3,13.348583,14.059291,14.059291
deep-boundary,render,480,270,REFINED,FAST,MandelbrotPerturbationRenderBackend,base_complete_ms,3,14.997791,15.096708,15.096708
deep-boundary,render,480,270,REFINED,FAST,MandelbrotPerturbationRenderBackend,first_base_publish_ms,3,8.481333,13.883583,13.883583
deep-boundary,render,480,270,REFINED,FAST,MandelbrotPerturbationRenderBackend,base_full_publish_ms,3,15.018333,15.120625,15.120625
deep-boundary,render,480,270,REFINED,FAST,MandelbrotPerturbationRenderBackend,first_visible_publish_ms,3,8.481333,13.883583,13.883583
deep-boundary,render,480,270,REFINED,FAST,MandelbrotPerturbationRenderBackend,full_publish_ms,3,15.022833,15.12575,15.12575
deep-boundary,render,480,270,REFINED,FAST,MandelbrotPerturbationRenderBackend,first_post_layout_ms,3,11.337125,15.249333,15.249333
deep-boundary,render,480,270,REFINED,FAST,MandelbrotPerturbationRenderBackend,full_post_layout_ms,3,15.249333,15.251583,15.251583
deep-boundary,render,480,270,REFINED,FAST,MandelbrotPerturbationRenderBackend,base_fx_work_ms,3,1.060417,1.322791,1.322791
deep-boundary,render,480,270,REFINED,FAST,MandelbrotPerturbationRenderBackend,aa_fx_work_ms,3,0.0,0.0,0.0
scaled-exponent,render,480,270,FAST,FAST,MandelbrotPerturbationRenderBackend,fx_dispatch_ms,3,0.0175,0.019209,0.019209
scaled-exponent,render,480,270,FAST,FAST,MandelbrotPerturbationRenderBackend,plan_ms,3,0.094125,0.108,0.108
scaled-exponent,render,480,270,FAST,FAST,MandelbrotPerturbationRenderBackend,first_backend_region_ms,3,4.552959,4.772667,4.772667
scaled-exponent,render,480,270,FAST,FAST,MandelbrotPerturbationRenderBackend,backend_ms,3,31.186875,36.212667,36.212667
scaled-exponent,render,480,270,FAST,FAST,MandelbrotPerturbationRenderBackend,base_complete_ms,3,31.927125,37.034708,37.034708
scaled-exponent,render,480,270,FAST,FAST,MandelbrotPerturbationRenderBackend,first_base_publish_ms,3,4.849583,7.086667,7.086667
scaled-exponent,render,480,270,FAST,FAST,MandelbrotPerturbationRenderBackend,base_full_publish_ms,3,31.955792,37.058792,37.058792
scaled-exponent,render,480,270,FAST,FAST,MandelbrotPerturbationRenderBackend,first_visible_publish_ms,3,4.849583,7.086667,7.086667
scaled-exponent,render,480,270,FAST,FAST,MandelbrotPerturbationRenderBackend,full_publish_ms,3,31.961584,37.063208,37.063208
scaled-exponent,render,480,270,FAST,FAST,MandelbrotPerturbationRenderBackend,first_post_layout_ms,3,6.990542,14.993584,14.993584
scaled-exponent,render,480,270,FAST,FAST,MandelbrotPerturbationRenderBackend,full_post_layout_ms,3,32.00625,40.082042,40.082042
scaled-exponent,render,480,270,FAST,FAST,MandelbrotPerturbationRenderBackend,base_fx_work_ms,3,0.895084,0.896626,0.896626
scaled-exponent,render,480,270,FAST,FAST,MandelbrotPerturbationRenderBackend,aa_fx_work_ms,3,0.0,0.0,0.0
scaled-exponent,render,480,270,REFINED,FAST,MandelbrotPerturbationRenderBackend,fx_dispatch_ms,3,0.0195,0.019625,0.019625
scaled-exponent,render,480,270,REFINED,FAST,MandelbrotPerturbationRenderBackend,plan_ms,3,0.085125,0.090625,0.090625
scaled-exponent,render,480,270,REFINED,FAST,MandelbrotPerturbationRenderBackend,first_backend_region_ms,3,4.447709,4.522125,4.522125
scaled-exponent,render,480,270,REFINED,FAST,MandelbrotPerturbationRenderBackend,backend_ms,3,20.9385,21.23075,21.23075
scaled-exponent,render,480,270,REFINED,FAST,MandelbrotPerturbationRenderBackend,base_complete_ms,3,22.305292,22.330125,22.330125
scaled-exponent,render,480,270,REFINED,FAST,MandelbrotPerturbationRenderBackend,first_base_publish_ms,3,4.527375,4.6005,4.6005
scaled-exponent,render,480,270,REFINED,FAST,MandelbrotPerturbationRenderBackend,base_full_publish_ms,3,22.32725,22.360833,22.360833
scaled-exponent,render,480,270,REFINED,FAST,MandelbrotPerturbationRenderBackend,first_visible_publish_ms,3,4.527375,4.6005,4.6005
scaled-exponent,render,480,270,REFINED,FAST,MandelbrotPerturbationRenderBackend,full_publish_ms,3,22.331875,22.36575,22.36575
scaled-exponent,render,480,270,REFINED,FAST,MandelbrotPerturbationRenderBackend,first_post_layout_ms,3,7.036917,7.059917,7.059917
scaled-exponent,render,480,270,REFINED,FAST,MandelbrotPerturbationRenderBackend,full_post_layout_ms,3,23.516458,23.624417,23.624417
scaled-exponent,render,480,270,REFINED,FAST,MandelbrotPerturbationRenderBackend,base_fx_work_ms,3,0.838001,0.871167,0.871167
scaled-exponent,render,480,270,REFINED,FAST,MandelbrotPerturbationRenderBackend,aa_fx_work_ms,3,0.0,0.0,0.0
direct-deep-reverse,direct,480,270,FAST,FAST,DirectDoubleRenderBackend,fx_dispatch_ms,3,0.0145,0.014959,0.014959
direct-deep-reverse,direct,480,270,FAST,FAST,DirectDoubleRenderBackend,plan_ms,3,0.04975,0.051125,0.051125
direct-deep-reverse,direct,480,270,FAST,FAST,DirectDoubleRenderBackend,first_backend_region_ms,3,4.276167,4.424167,4.424167
direct-deep-reverse,direct,480,270,FAST,FAST,DirectDoubleRenderBackend,backend_ms,3,57.538375,57.974459,57.974459
direct-deep-reverse,direct,480,270,FAST,FAST,DirectDoubleRenderBackend,base_complete_ms,3,58.018917,58.307709,58.307709
direct-deep-reverse,direct,480,270,FAST,FAST,DirectDoubleRenderBackend,first_base_publish_ms,3,6.8325,10.255,10.255
direct-deep-reverse,direct,480,270,FAST,FAST,DirectDoubleRenderBackend,base_full_publish_ms,3,58.041834,58.32925,58.32925
direct-deep-reverse,direct,480,270,FAST,FAST,DirectDoubleRenderBackend,first_visible_publish_ms,3,6.8325,10.255,10.255
direct-deep-reverse,direct,480,270,FAST,FAST,DirectDoubleRenderBackend,full_publish_ms,3,58.045959,58.334209,58.334209
direct-deep-reverse,direct,480,270,FAST,FAST,DirectDoubleRenderBackend,first_post_layout_ms,3,9.313917,15.577125,15.577125
direct-deep-reverse,direct,480,270,FAST,FAST,DirectDoubleRenderBackend,full_post_layout_ms,3,65.112334,65.176375,65.176375
direct-deep-reverse,direct,480,270,FAST,FAST,DirectDoubleRenderBackend,base_fx_work_ms,3,1.313292,1.347751,1.347751
direct-deep-reverse,direct,480,270,FAST,FAST,DirectDoubleRenderBackend,aa_fx_work_ms,3,0.0,0.0,0.0
direct-deep-reverse,deep,480,270,FAST,FAST,MandelbrotPerturbationRenderBackend,fx_dispatch_ms,3,0.019708,0.024916,0.024916
direct-deep-reverse,deep,480,270,FAST,FAST,MandelbrotPerturbationRenderBackend,plan_ms,3,0.056667,0.058583,0.058583
direct-deep-reverse,deep,480,270,FAST,FAST,MandelbrotPerturbationRenderBackend,first_backend_region_ms,3,1.155,1.187541,1.187541
direct-deep-reverse,deep,480,270,FAST,FAST,MandelbrotPerturbationRenderBackend,backend_ms,3,176.570208,181.859292,181.859292
direct-deep-reverse,deep,480,270,FAST,FAST,MandelbrotPerturbationRenderBackend,base_complete_ms,3,176.790541,182.324291,182.324291
direct-deep-reverse,deep,480,270,FAST,FAST,MandelbrotPerturbationRenderBackend,first_base_publish_ms,3,5.142958,11.878958,11.878958
direct-deep-reverse,deep,480,270,FAST,FAST,MandelbrotPerturbationRenderBackend,base_full_publish_ms,3,176.814666,182.352875,182.352875
direct-deep-reverse,deep,480,270,FAST,FAST,MandelbrotPerturbationRenderBackend,first_visible_publish_ms,3,5.142958,11.878958,11.878958
direct-deep-reverse,deep,480,270,FAST,FAST,MandelbrotPerturbationRenderBackend,full_publish_ms,3,176.818916,182.357666,182.357666
direct-deep-reverse,deep,480,270,FAST,FAST,MandelbrotPerturbationRenderBackend,first_post_layout_ms,3,7.595666,21.585541,21.585541
direct-deep-reverse,deep,480,270,FAST,FAST,MandelbrotPerturbationRenderBackend,full_post_layout_ms,3,182.078916,190.459791,190.459791
direct-deep-reverse,deep,480,270,FAST,FAST,MandelbrotPerturbationRenderBackend,base_fx_work_ms,3,1.427124,1.472874,1.472874
direct-deep-reverse,deep,480,270,FAST,FAST,MandelbrotPerturbationRenderBackend,aa_fx_work_ms,3,0.0,0.0,0.0
direct-deep-reverse,reverse,480,270,FAST,FAST,DirectDoubleRenderBackend,fx_dispatch_ms,3,0.016959,0.019542,0.019542
direct-deep-reverse,reverse,480,270,FAST,FAST,DirectDoubleRenderBackend,plan_ms,3,0.347458,0.349166,0.349166
direct-deep-reverse,reverse,480,270,FAST,FAST,DirectDoubleRenderBackend,backend_ms,3,2.364,2.377458,2.377458
direct-deep-reverse,reverse,480,270,FAST,FAST,DirectDoubleRenderBackend,base_complete_ms,3,3.727125,3.808084,3.808084
direct-deep-reverse,reverse,480,270,FAST,FAST,DirectDoubleRenderBackend,first_base_publish_ms,3,1.322458,1.364542,1.364542
direct-deep-reverse,reverse,480,270,FAST,FAST,DirectDoubleRenderBackend,base_full_publish_ms,3,4.634458,4.722667,4.722667
direct-deep-reverse,reverse,480,270,FAST,FAST,DirectDoubleRenderBackend,first_visible_publish_ms,3,1.322458,1.364542,1.364542
direct-deep-reverse,reverse,480,270,FAST,FAST,DirectDoubleRenderBackend,full_publish_ms,3,4.636417,4.7255,4.7255
direct-deep-reverse,reverse,480,270,FAST,FAST,DirectDoubleRenderBackend,first_post_layout_ms,3,7.166666,7.20625,7.20625
direct-deep-reverse,reverse,480,270,FAST,FAST,DirectDoubleRenderBackend,full_post_layout_ms,3,7.166666,7.20625,7.20625
direct-deep-reverse,reverse,480,270,FAST,FAST,DirectDoubleRenderBackend,base_fx_work_ms,3,0.907292,0.914584,0.914584
direct-deep-reverse,reverse,480,270,FAST,FAST,DirectDoubleRenderBackend,aa_fx_work_ms,3,0.0,0.0,0.0
direct-deep-reverse,direct,480,270,REFINED,FAST,DirectDoubleRenderBackend,fx_dispatch_ms,3,0.018,0.019042,0.019042
direct-deep-reverse,direct,480,270,REFINED,FAST,DirectDoubleRenderBackend,plan_ms,3,0.051583,0.052709,0.052709
direct-deep-reverse,direct,480,270,REFINED,FAST,DirectDoubleRenderBackend,first_backend_region_ms,3,4.278167,4.28075,4.28075
direct-deep-reverse,direct,480,270,REFINED,FAST,DirectDoubleRenderBackend,backend_ms,3,56.840542,59.363542,59.363542
direct-deep-reverse,direct,480,270,REFINED,FAST,DirectDoubleRenderBackend,base_complete_ms,3,57.404792,59.786667,59.786667
direct-deep-reverse,direct,480,270,REFINED,FAST,DirectDoubleRenderBackend,first_base_publish_ms,3,5.179459,13.81075,13.81075
direct-deep-reverse,direct,480,270,REFINED,FAST,DirectDoubleRenderBackend,base_full_publish_ms,3,57.428709,59.80875,59.80875
direct-deep-reverse,direct,480,270,REFINED,FAST,DirectDoubleRenderBackend,first_visible_publish_ms,3,5.179459,13.81075,13.81075
direct-deep-reverse,direct,480,270,REFINED,FAST,DirectDoubleRenderBackend,full_publish_ms,3,57.43325,59.813458,59.813458
direct-deep-reverse,direct,480,270,REFINED,FAST,DirectDoubleRenderBackend,first_post_layout_ms,3,7.398458,15.584458,15.584458
direct-deep-reverse,direct,480,270,REFINED,FAST,DirectDoubleRenderBackend,full_post_layout_ms,3,65.1325,65.16325,65.16325
direct-deep-reverse,direct,480,270,REFINED,FAST,DirectDoubleRenderBackend,base_fx_work_ms,3,1.322375,1.395959,1.395959
direct-deep-reverse,direct,480,270,REFINED,FAST,DirectDoubleRenderBackend,aa_fx_work_ms,3,0.0,0.0,0.0
direct-deep-reverse,deep,480,270,REFINED,FAST,MandelbrotPerturbationRenderBackend,fx_dispatch_ms,3,0.017167,0.02075,0.02075
direct-deep-reverse,deep,480,270,REFINED,FAST,MandelbrotPerturbationRenderBackend,plan_ms,3,0.054667,0.0665,0.0665
direct-deep-reverse,deep,480,270,REFINED,FAST,MandelbrotPerturbationRenderBackend,first_backend_region_ms,3,1.218167,1.302875,1.302875
direct-deep-reverse,deep,480,270,REFINED,FAST,MandelbrotPerturbationRenderBackend,backend_ms,3,181.398666,186.545959,186.545959
direct-deep-reverse,deep,480,270,REFINED,FAST,MandelbrotPerturbationRenderBackend,base_complete_ms,3,181.70175,186.778959,186.778959
direct-deep-reverse,deep,480,270,REFINED,FAST,MandelbrotPerturbationRenderBackend,first_base_publish_ms,3,6.415375,13.497667,13.497667
direct-deep-reverse,deep,480,270,REFINED,FAST,MandelbrotPerturbationRenderBackend,base_full_publish_ms,3,181.724792,186.803125,186.803125
direct-deep-reverse,deep,480,270,REFINED,FAST,MandelbrotPerturbationRenderBackend,first_visible_publish_ms,3,6.415375,13.497667,13.497667
direct-deep-reverse,deep,480,270,REFINED,FAST,MandelbrotPerturbationRenderBackend,full_publish_ms,3,181.728959,186.80775,186.80775
direct-deep-reverse,deep,480,270,REFINED,FAST,MandelbrotPerturbationRenderBackend,first_post_layout_ms,3,8.620042,15.8145,15.8145
direct-deep-reverse,deep,480,270,REFINED,FAST,MandelbrotPerturbationRenderBackend,full_post_layout_ms,3,182.077083,190.417834,190.417834
direct-deep-reverse,deep,480,270,REFINED,FAST,MandelbrotPerturbationRenderBackend,base_fx_work_ms,3,1.445918,1.447499,1.447499
direct-deep-reverse,deep,480,270,REFINED,FAST,MandelbrotPerturbationRenderBackend,aa_fx_work_ms,3,0.0,0.0,0.0
direct-deep-reverse,reverse,480,270,REFINED,FAST,DirectDoubleRenderBackend,fx_dispatch_ms,3,0.019667,0.021834,0.021834
direct-deep-reverse,reverse,480,270,REFINED,FAST,DirectDoubleRenderBackend,plan_ms,3,0.323041,0.348291,0.348291
direct-deep-reverse,reverse,480,270,REFINED,FAST,DirectDoubleRenderBackend,backend_ms,3,2.365833,2.375125,2.375125
direct-deep-reverse,reverse,480,270,REFINED,FAST,DirectDoubleRenderBackend,base_complete_ms,3,3.752125,3.763667,3.763667
direct-deep-reverse,reverse,480,270,REFINED,FAST,DirectDoubleRenderBackend,first_base_publish_ms,3,1.328042,1.32925,1.32925
direct-deep-reverse,reverse,480,270,REFINED,FAST,DirectDoubleRenderBackend,base_full_publish_ms,3,4.673667,4.693667,4.693667
direct-deep-reverse,reverse,480,270,REFINED,FAST,DirectDoubleRenderBackend,first_visible_publish_ms,3,1.328042,1.32925,1.32925
direct-deep-reverse,reverse,480,270,REFINED,FAST,DirectDoubleRenderBackend,full_publish_ms,3,4.676125,4.696875,4.696875
direct-deep-reverse,reverse,480,270,REFINED,FAST,DirectDoubleRenderBackend,first_post_layout_ms,3,7.121834,7.157959,7.157959
direct-deep-reverse,reverse,480,270,REFINED,FAST,DirectDoubleRenderBackend,full_post_layout_ms,3,7.121834,7.157959,7.157959
direct-deep-reverse,reverse,480,270,REFINED,FAST,DirectDoubleRenderBackend,base_fx_work_ms,3,0.927792,0.930042,0.930042
direct-deep-reverse,reverse,480,270,REFINED,FAST,DirectDoubleRenderBackend,aa_fx_work_ms,3,0.0,0.0,0.0
pan-5,source,480,270,FAST,FAST,DirectDoubleRenderBackend,fx_dispatch_ms,3,0.014375,0.014875,0.014875
pan-5,source,480,270,FAST,FAST,DirectDoubleRenderBackend,plan_ms,3,0.053125,0.060625,0.060625
pan-5,source,480,270,FAST,FAST,DirectDoubleRenderBackend,first_backend_region_ms,3,0.360875,0.365291,0.365291
pan-5,source,480,270,FAST,FAST,DirectDoubleRenderBackend,backend_ms,3,3.86225,4.111042,4.111042
pan-5,source,480,270,FAST,FAST,DirectDoubleRenderBackend,base_complete_ms,3,4.466458,4.576875,4.576875
pan-5,source,480,270,FAST,FAST,DirectDoubleRenderBackend,first_base_publish_ms,3,3.650833,4.4105,4.4105
pan-5,source,480,270,FAST,FAST,DirectDoubleRenderBackend,base_full_publish_ms,3,4.478042,4.587,4.587
pan-5,source,480,270,FAST,FAST,DirectDoubleRenderBackend,first_visible_publish_ms,3,3.650833,4.4105,4.4105
pan-5,source,480,270,FAST,FAST,DirectDoubleRenderBackend,full_publish_ms,3,4.482125,4.590333,4.590333
pan-5,source,480,270,FAST,FAST,DirectDoubleRenderBackend,first_post_layout_ms,3,6.894333,7.051916,7.051916
pan-5,source,480,270,FAST,FAST,DirectDoubleRenderBackend,full_post_layout_ms,3,6.894333,7.051916,7.051916
pan-5,source,480,270,FAST,FAST,DirectDoubleRenderBackend,base_fx_work_ms,3,0.657792,0.670416,0.670416
pan-5,source,480,270,FAST,FAST,DirectDoubleRenderBackend,aa_fx_work_ms,3,0.0,0.0,0.0
pan-5,pan,480,270,FAST,FAST,DirectDoubleRenderBackend,fx_dispatch_ms,3,0.015083,0.015875,0.015875
pan-5,pan,480,270,FAST,FAST,DirectDoubleRenderBackend,plan_ms,3,0.290333,0.303833,0.303833
pan-5,pan,480,270,FAST,FAST,DirectDoubleRenderBackend,first_backend_region_ms,3,1.247625,1.832292,1.832292
pan-5,pan,480,270,FAST,FAST,DirectDoubleRenderBackend,backend_ms,3,0.148416,0.176833,0.176833
pan-5,pan,480,270,FAST,FAST,DirectDoubleRenderBackend,base_complete_ms,3,1.403458,1.96325,1.96325
pan-5,pan,480,270,FAST,FAST,DirectDoubleRenderBackend,first_base_publish_ms,3,1.155583,1.721125,1.721125
pan-5,pan,480,270,FAST,FAST,DirectDoubleRenderBackend,base_full_publish_ms,3,1.41375,1.974583,1.974583
pan-5,pan,480,270,FAST,FAST,DirectDoubleRenderBackend,first_visible_publish_ms,3,1.155583,1.721125,1.721125
pan-5,pan,480,270,FAST,FAST,DirectDoubleRenderBackend,full_publish_ms,3,1.4165,1.977917,1.977917
pan-5,pan,480,270,FAST,FAST,DirectDoubleRenderBackend,first_post_layout_ms,3,7.009333,7.0525,7.0525
pan-5,pan,480,270,FAST,FAST,DirectDoubleRenderBackend,full_post_layout_ms,3,7.009333,7.0525,7.0525
pan-5,pan,480,270,FAST,FAST,DirectDoubleRenderBackend,base_fx_work_ms,3,0.035751,0.038833,0.038833
pan-5,pan,480,270,FAST,FAST,DirectDoubleRenderBackend,aa_fx_work_ms,3,0.0,0.0,0.0
pan-5,source,480,270,REFINED,FAST,DirectDoubleRenderBackend,fx_dispatch_ms,3,0.014166,0.017417,0.017417
pan-5,source,480,270,REFINED,FAST,DirectDoubleRenderBackend,plan_ms,3,0.050625,0.062667,0.062667
pan-5,source,480,270,REFINED,FAST,DirectDoubleRenderBackend,first_backend_region_ms,3,0.352916,0.361334,0.361334
pan-5,source,480,270,REFINED,FAST,DirectDoubleRenderBackend,backend_ms,3,3.842125,4.088292,4.088292
pan-5,source,480,270,REFINED,FAST,DirectDoubleRenderBackend,base_complete_ms,3,4.500125,5.085042,5.085042
pan-5,source,480,270,REFINED,FAST,DirectDoubleRenderBackend,first_base_publish_ms,3,1.420625,3.65225,3.65225
pan-5,source,480,270,REFINED,FAST,DirectDoubleRenderBackend,base_full_publish_ms,3,4.510791,5.102292,5.102292
pan-5,source,480,270,REFINED,FAST,DirectDoubleRenderBackend,first_visible_publish_ms,3,1.420625,3.65225,3.65225
pan-5,source,480,270,REFINED,FAST,DirectDoubleRenderBackend,full_publish_ms,3,4.514458,5.105917,5.105917
pan-5,source,480,270,REFINED,FAST,DirectDoubleRenderBackend,first_post_layout_ms,3,7.068792,7.136166,7.136166
pan-5,source,480,270,REFINED,FAST,DirectDoubleRenderBackend,full_post_layout_ms,3,7.068792,7.136166,7.136166
pan-5,source,480,270,REFINED,FAST,DirectDoubleRenderBackend,base_fx_work_ms,3,0.63725,0.836043,0.836043
pan-5,source,480,270,REFINED,FAST,DirectDoubleRenderBackend,aa_fx_work_ms,3,0.0,0.0,0.0
pan-5,pan,480,270,REFINED,FAST,DirectDoubleRenderBackend,fx_dispatch_ms,3,0.014833,0.016375,0.016375
pan-5,pan,480,270,REFINED,FAST,DirectDoubleRenderBackend,plan_ms,3,0.272292,0.289208,0.289208
pan-5,pan,480,270,REFINED,FAST,DirectDoubleRenderBackend,first_backend_region_ms,3,1.17275,1.18975,1.18975
pan-5,pan,480,270,REFINED,FAST,DirectDoubleRenderBackend,backend_ms,3,0.118083,0.152458,0.152458
pan-5,pan,480,270,REFINED,FAST,DirectDoubleRenderBackend,base_complete_ms,3,1.289542,1.292167,1.292167
pan-5,pan,480,270,REFINED,FAST,DirectDoubleRenderBackend,first_base_publish_ms,3,1.073042,1.102833,1.102833
pan-5,pan,480,270,REFINED,FAST,DirectDoubleRenderBackend,base_full_publish_ms,3,1.297375,1.300917,1.300917
pan-5,pan,480,270,REFINED,FAST,DirectDoubleRenderBackend,first_visible_publish_ms,3,1.073042,1.102833,1.102833
pan-5,pan,480,270,REFINED,FAST,DirectDoubleRenderBackend,full_publish_ms,3,1.299667,1.303333,1.303333
pan-5,pan,480,270,REFINED,FAST,DirectDoubleRenderBackend,first_post_layout_ms,3,6.9975,7.016333,7.016333
pan-5,pan,480,270,REFINED,FAST,DirectDoubleRenderBackend,full_post_layout_ms,3,6.9975,7.016333,7.016333
pan-5,pan,480,270,REFINED,FAST,DirectDoubleRenderBackend,base_fx_work_ms,3,0.030751,0.032751,0.032751
pan-5,pan,480,270,REFINED,FAST,DirectDoubleRenderBackend,aa_fx_work_ms,3,0.0,0.0,0.0
pan-25,source,480,270,FAST,FAST,DirectDoubleRenderBackend,fx_dispatch_ms,3,0.015125,0.026833,0.026833
pan-25,source,480,270,FAST,FAST,DirectDoubleRenderBackend,plan_ms,3,0.05,0.052125,0.052125
pan-25,source,480,270,FAST,FAST,DirectDoubleRenderBackend,first_backend_region_ms,3,0.35,0.383667,0.383667
pan-25,source,480,270,FAST,FAST,DirectDoubleRenderBackend,backend_ms,3,3.432666,3.534167,3.534167
pan-25,source,480,270,FAST,FAST,DirectDoubleRenderBackend,base_complete_ms,3,4.207042,4.218792,4.218792
pan-25,source,480,270,FAST,FAST,DirectDoubleRenderBackend,first_base_publish_ms,3,1.525042,2.017666,2.017666
pan-25,source,480,270,FAST,FAST,DirectDoubleRenderBackend,base_full_publish_ms,3,4.215208,4.228917,4.228917
pan-25,source,480,270,FAST,FAST,DirectDoubleRenderBackend,first_visible_publish_ms,3,1.525042,2.017666,2.017666
pan-25,source,480,270,FAST,FAST,DirectDoubleRenderBackend,full_publish_ms,3,4.218792,4.232875,4.232875
pan-25,source,480,270,FAST,FAST,DirectDoubleRenderBackend,first_post_layout_ms,3,7.01175,7.818417,7.818417
pan-25,source,480,270,FAST,FAST,DirectDoubleRenderBackend,full_post_layout_ms,3,7.01175,7.818417,7.818417
pan-25,source,480,270,FAST,FAST,DirectDoubleRenderBackend,base_fx_work_ms,3,0.627751,0.66075,0.66075
pan-25,source,480,270,FAST,FAST,DirectDoubleRenderBackend,aa_fx_work_ms,3,0.0,0.0,0.0
pan-25,pan,480,270,FAST,FAST,DirectDoubleRenderBackend,fx_dispatch_ms,3,0.015625,0.01725,0.01725
pan-25,pan,480,270,FAST,FAST,DirectDoubleRenderBackend,plan_ms,3,0.252417,0.255625,0.255625
pan-25,pan,480,270,FAST,FAST,DirectDoubleRenderBackend,first_backend_region_ms,3,1.009625,1.0425,1.0425
pan-25,pan,480,270,FAST,FAST,DirectDoubleRenderBackend,backend_ms,3,0.2495,0.274084,0.274084
pan-25,pan,480,270,FAST,FAST,DirectDoubleRenderBackend,base_complete_ms,3,1.315958,1.397792,1.397792
pan-25,pan,480,270,FAST,FAST,DirectDoubleRenderBackend,first_base_publish_ms,3,0.907292,0.942042,0.942042
pan-25,pan,480,270,FAST,FAST,DirectDoubleRenderBackend,base_full_publish_ms,3,1.323208,1.408625,1.408625
pan-25,pan,480,270,FAST,FAST,DirectDoubleRenderBackend,first_visible_publish_ms,3,0.907292,0.942042,0.942042
pan-25,pan,480,270,FAST,FAST,DirectDoubleRenderBackend,full_publish_ms,3,1.3265,1.425667,1.425667
pan-25,pan,480,270,FAST,FAST,DirectDoubleRenderBackend,first_post_layout_ms,3,6.98675,7.104209,7.104209
pan-25,pan,480,270,FAST,FAST,DirectDoubleRenderBackend,full_post_layout_ms,3,6.98675,7.104209,7.104209
pan-25,pan,480,270,FAST,FAST,DirectDoubleRenderBackend,base_fx_work_ms,3,0.094167,0.102833,0.102833
pan-25,pan,480,270,FAST,FAST,DirectDoubleRenderBackend,aa_fx_work_ms,3,0.0,0.0,0.0
pan-25,source,480,270,REFINED,FAST,DirectDoubleRenderBackend,fx_dispatch_ms,3,0.013125,0.013333,0.013333
pan-25,source,480,270,REFINED,FAST,DirectDoubleRenderBackend,plan_ms,3,0.046917,0.047083,0.047083
pan-25,source,480,270,REFINED,FAST,DirectDoubleRenderBackend,first_backend_region_ms,3,0.330375,0.349042,0.349042
pan-25,source,480,270,REFINED,FAST,DirectDoubleRenderBackend,backend_ms,3,3.650125,4.15725,4.15725
pan-25,source,480,270,REFINED,FAST,DirectDoubleRenderBackend,base_complete_ms,3,4.598125,4.705417,4.705417
pan-25,source,480,270,REFINED,FAST,DirectDoubleRenderBackend,first_base_publish_ms,3,1.705417,3.838834,3.838834
pan-25,source,480,270,REFINED,FAST,DirectDoubleRenderBackend,base_full_publish_ms,3,4.616334,4.712209,4.712209
pan-25,source,480,270,REFINED,FAST,DirectDoubleRenderBackend,first_visible_publish_ms,3,1.705417,3.838834,3.838834
pan-25,source,480,270,REFINED,FAST,DirectDoubleRenderBackend,full_publish_ms,3,4.620292,4.715459,4.715459
pan-25,source,480,270,REFINED,FAST,DirectDoubleRenderBackend,first_post_layout_ms,3,7.0635,7.240209,7.240209
pan-25,source,480,270,REFINED,FAST,DirectDoubleRenderBackend,full_post_layout_ms,3,7.0635,7.240209,7.240209
pan-25,source,480,270,REFINED,FAST,DirectDoubleRenderBackend,base_fx_work_ms,3,0.609042,0.788541,0.788541
pan-25,source,480,270,REFINED,FAST,DirectDoubleRenderBackend,aa_fx_work_ms,3,0.0,0.0,0.0
pan-25,pan,480,270,REFINED,FAST,DirectDoubleRenderBackend,fx_dispatch_ms,3,0.011959,0.017125,0.017125
pan-25,pan,480,270,REFINED,FAST,DirectDoubleRenderBackend,plan_ms,3,0.238875,0.239916,0.239916
pan-25,pan,480,270,REFINED,FAST,DirectDoubleRenderBackend,first_backend_region_ms,3,0.959334,0.965,0.965
pan-25,pan,480,270,REFINED,FAST,DirectDoubleRenderBackend,backend_ms,3,0.240708,0.323041,0.323041
pan-25,pan,480,270,REFINED,FAST,DirectDoubleRenderBackend,base_complete_ms,3,1.263917,1.338459,1.338459
pan-25,pan,480,270,REFINED,FAST,DirectDoubleRenderBackend,first_base_publish_ms,3,0.863084,0.871667,0.871667
pan-25,pan,480,270,REFINED,FAST,DirectDoubleRenderBackend,base_full_publish_ms,3,1.271958,1.346959,1.346959
pan-25,pan,480,270,REFINED,FAST,DirectDoubleRenderBackend,first_visible_publish_ms,3,0.863084,0.871667,0.871667
pan-25,pan,480,270,REFINED,FAST,DirectDoubleRenderBackend,full_publish_ms,3,1.274625,1.349334,1.349334
pan-25,pan,480,270,REFINED,FAST,DirectDoubleRenderBackend,first_post_layout_ms,3,7.006375,7.037583,7.037583
pan-25,pan,480,270,REFINED,FAST,DirectDoubleRenderBackend,full_post_layout_ms,3,7.006375,7.037583,7.037583
pan-25,pan,480,270,REFINED,FAST,DirectDoubleRenderBackend,base_fx_work_ms,3,0.104667,0.107292,0.107292
pan-25,pan,480,270,REFINED,FAST,DirectDoubleRenderBackend,aa_fx_work_ms,3,0.0,0.0,0.0
pan-90,source,480,270,FAST,FAST,DirectDoubleRenderBackend,fx_dispatch_ms,3,0.01175,0.01525,0.01525
pan-90,source,480,270,FAST,FAST,DirectDoubleRenderBackend,plan_ms,3,0.054125,0.077291,0.077291
pan-90,source,480,270,FAST,FAST,DirectDoubleRenderBackend,first_backend_region_ms,3,0.340208,0.361916,0.361916
pan-90,source,480,270,FAST,FAST,DirectDoubleRenderBackend,backend_ms,3,3.612334,3.787792,3.787792
pan-90,source,480,270,FAST,FAST,DirectDoubleRenderBackend,base_complete_ms,3,4.398291,4.602625,4.602625
pan-90,source,480,270,FAST,FAST,DirectDoubleRenderBackend,first_base_publish_ms,3,1.734334,3.322375,3.322375
pan-90,source,480,270,FAST,FAST,DirectDoubleRenderBackend,base_full_publish_ms,3,4.407208,4.611666,4.611666
pan-90,source,480,270,FAST,FAST,DirectDoubleRenderBackend,first_visible_publish_ms,3,1.734334,3.322375,3.322375
pan-90,source,480,270,FAST,FAST,DirectDoubleRenderBackend,full_publish_ms,3,4.410291,4.614833,4.614833
pan-90,source,480,270,FAST,FAST,DirectDoubleRenderBackend,first_post_layout_ms,3,7.105833,7.1345,7.1345
pan-90,source,480,270,FAST,FAST,DirectDoubleRenderBackend,full_post_layout_ms,3,7.105833,7.1345,7.1345
pan-90,source,480,270,FAST,FAST,DirectDoubleRenderBackend,base_fx_work_ms,3,0.634666,0.662458,0.662458
pan-90,source,480,270,FAST,FAST,DirectDoubleRenderBackend,aa_fx_work_ms,3,0.0,0.0,0.0
pan-90,pan,480,270,FAST,FAST,DirectDoubleRenderBackend,fx_dispatch_ms,3,0.014458,0.015833,0.015833
pan-90,pan,480,270,FAST,FAST,DirectDoubleRenderBackend,plan_ms,3,0.227083,0.230417,0.230417
pan-90,pan,480,270,FAST,FAST,DirectDoubleRenderBackend,first_backend_region_ms,3,0.554958,0.572625,0.572625
pan-90,pan,480,270,FAST,FAST,DirectDoubleRenderBackend,backend_ms,3,0.859125,0.917417,0.917417
pan-90,pan,480,270,FAST,FAST,DirectDoubleRenderBackend,base_complete_ms,3,1.789708,1.848458,1.848458
pan-90,pan,480,270,FAST,FAST,DirectDoubleRenderBackend,first_base_publish_ms,3,0.433625,0.440625,0.440625
pan-90,pan,480,270,FAST,FAST,DirectDoubleRenderBackend,base_full_publish_ms,3,1.798416,1.857625,1.857625
pan-90,pan,480,270,FAST,FAST,DirectDoubleRenderBackend,first_visible_publish_ms,3,0.433625,0.440625,0.440625
pan-90,pan,480,270,FAST,FAST,DirectDoubleRenderBackend,full_publish_ms,3,1.801666,1.861375,1.861375
pan-90,pan,480,270,FAST,FAST,DirectDoubleRenderBackend,first_post_layout_ms,3,6.980083,7.153291,7.153291
pan-90,pan,480,270,FAST,FAST,DirectDoubleRenderBackend,full_post_layout_ms,3,6.980083,7.153291,7.153291
pan-90,pan,480,270,FAST,FAST,DirectDoubleRenderBackend,base_fx_work_ms,3,0.378333,0.396626,0.396626
pan-90,pan,480,270,FAST,FAST,DirectDoubleRenderBackend,aa_fx_work_ms,3,0.0,0.0,0.0
pan-90,source,480,270,REFINED,FAST,DirectDoubleRenderBackend,fx_dispatch_ms,3,0.013542,0.016917,0.016917
pan-90,source,480,270,REFINED,FAST,DirectDoubleRenderBackend,plan_ms,3,0.047916,0.057416,0.057416
pan-90,source,480,270,REFINED,FAST,DirectDoubleRenderBackend,first_backend_region_ms,3,0.329625,0.332333,0.332333
pan-90,source,480,270,REFINED,FAST,DirectDoubleRenderBackend,backend_ms,3,3.459833,3.864209,3.864209
pan-90,source,480,270,REFINED,FAST,DirectDoubleRenderBackend,base_complete_ms,3,4.385708,4.436208,4.436208
pan-90,source,480,270,REFINED,FAST,DirectDoubleRenderBackend,first_base_publish_ms,3,1.89125,1.953375,1.953375
pan-90,source,480,270,REFINED,FAST,DirectDoubleRenderBackend,base_full_publish_ms,3,4.406708,4.444875,4.444875
pan-90,source,480,270,REFINED,FAST,DirectDoubleRenderBackend,first_visible_publish_ms,3,1.89125,1.953375,1.953375
pan-90,source,480,270,REFINED,FAST,DirectDoubleRenderBackend,full_publish_ms,3,4.411458,4.447625,4.447625
pan-90,source,480,270,REFINED,FAST,DirectDoubleRenderBackend,first_post_layout_ms,3,7.11375,7.133833,7.133833
pan-90,source,480,270,REFINED,FAST,DirectDoubleRenderBackend,full_post_layout_ms,3,7.11375,7.133833,7.133833
pan-90,source,480,270,REFINED,FAST,DirectDoubleRenderBackend,base_fx_work_ms,3,0.62775,0.795626,0.795626
pan-90,source,480,270,REFINED,FAST,DirectDoubleRenderBackend,aa_fx_work_ms,3,0.0,0.0,0.0
pan-90,pan,480,270,REFINED,FAST,DirectDoubleRenderBackend,fx_dispatch_ms,3,0.014042,0.014417,0.014417
pan-90,pan,480,270,REFINED,FAST,DirectDoubleRenderBackend,plan_ms,3,0.228,0.254792,0.254792
pan-90,pan,480,270,REFINED,FAST,DirectDoubleRenderBackend,first_backend_region_ms,3,0.520708,0.539209,0.539209
pan-90,pan,480,270,REFINED,FAST,DirectDoubleRenderBackend,backend_ms,3,0.713125,0.726041,0.726041
pan-90,pan,480,270,REFINED,FAST,DirectDoubleRenderBackend,base_complete_ms,3,1.611333,1.631625,1.631625
pan-90,pan,480,270,REFINED,FAST,DirectDoubleRenderBackend,first_base_publish_ms,3,0.408125,0.43025,0.43025
pan-90,pan,480,270,REFINED,FAST,DirectDoubleRenderBackend,base_full_publish_ms,3,1.620375,1.639833,1.639833
pan-90,pan,480,270,REFINED,FAST,DirectDoubleRenderBackend,first_visible_publish_ms,3,0.408125,0.43025,0.43025
pan-90,pan,480,270,REFINED,FAST,DirectDoubleRenderBackend,full_publish_ms,3,1.622958,1.64225,1.64225
pan-90,pan,480,270,REFINED,FAST,DirectDoubleRenderBackend,first_post_layout_ms,3,7.097541,7.098209,7.098209
pan-90,pan,480,270,REFINED,FAST,DirectDoubleRenderBackend,full_post_layout_ms,3,7.097541,7.098209,7.098209
pan-90,pan,480,270,REFINED,FAST,DirectDoubleRenderBackend,base_fx_work_ms,3,0.355499,0.385374,0.385374
pan-90,pan,480,270,REFINED,FAST,DirectDoubleRenderBackend,aa_fx_work_ms,3,0.0,0.0,0.0
pan-reverse,source,480,270,FAST,FAST,DirectDoubleRenderBackend,fx_dispatch_ms,3,0.012667,0.013208,0.013208
pan-reverse,source,480,270,FAST,FAST,DirectDoubleRenderBackend,plan_ms,3,0.045166,0.045292,0.045292
pan-reverse,source,480,270,FAST,FAST,DirectDoubleRenderBackend,first_backend_region_ms,3,0.314125,0.316292,0.316292
pan-reverse,source,480,270,FAST,FAST,DirectDoubleRenderBackend,backend_ms,3,3.683875,3.799708,3.799708
pan-reverse,source,480,270,FAST,FAST,DirectDoubleRenderBackend,base_complete_ms,3,4.569042,4.580209,4.580209
pan-reverse,source,480,270,FAST,FAST,DirectDoubleRenderBackend,first_base_publish_ms,3,1.510375,3.261792,3.261792
pan-reverse,source,480,270,FAST,FAST,DirectDoubleRenderBackend,base_full_publish_ms,3,4.588042,4.591959,4.591959
pan-reverse,source,480,270,FAST,FAST,DirectDoubleRenderBackend,first_visible_publish_ms,3,1.510375,3.261792,3.261792
pan-reverse,source,480,270,FAST,FAST,DirectDoubleRenderBackend,full_publish_ms,3,4.592792,4.595709,4.595709
pan-reverse,source,480,270,FAST,FAST,DirectDoubleRenderBackend,first_post_layout_ms,3,7.103667,7.150917,7.150917
pan-reverse,source,480,270,FAST,FAST,DirectDoubleRenderBackend,full_post_layout_ms,3,7.103667,7.150917,7.150917
pan-reverse,source,480,270,FAST,FAST,DirectDoubleRenderBackend,base_fx_work_ms,3,0.695334,0.802791,0.802791
pan-reverse,source,480,270,FAST,FAST,DirectDoubleRenderBackend,aa_fx_work_ms,3,0.0,0.0,0.0
pan-reverse,out,480,270,FAST,FAST,DirectDoubleRenderBackend,fx_dispatch_ms,3,0.014417,0.014458,0.014458
pan-reverse,out,480,270,FAST,FAST,DirectDoubleRenderBackend,plan_ms,3,0.263417,0.270416,0.270416
pan-reverse,out,480,270,FAST,FAST,DirectDoubleRenderBackend,first_backend_region_ms,3,1.066459,1.068583,1.068583
pan-reverse,out,480,270,FAST,FAST,DirectDoubleRenderBackend,backend_ms,3,0.278583,0.302209,0.302209
pan-reverse,out,480,270,FAST,FAST,DirectDoubleRenderBackend,base_complete_ms,3,1.372167,1.39825,1.39825
pan-reverse,out,480,270,FAST,FAST,DirectDoubleRenderBackend,first_base_publish_ms,3,0.941375,0.950708,0.950708
pan-reverse,out,480,270,FAST,FAST,DirectDoubleRenderBackend,base_full_publish_ms,3,1.381417,1.407125,1.407125
pan-reverse,out,480,270,FAST,FAST,DirectDoubleRenderBackend,first_visible_publish_ms,3,0.941375,0.950708,0.950708
pan-reverse,out,480,270,FAST,FAST,DirectDoubleRenderBackend,full_publish_ms,3,1.384792,1.410292,1.410292
pan-reverse,out,480,270,FAST,FAST,DirectDoubleRenderBackend,first_post_layout_ms,3,7.05425,7.098667,7.098667
pan-reverse,out,480,270,FAST,FAST,DirectDoubleRenderBackend,full_post_layout_ms,3,7.05425,7.098667,7.098667
pan-reverse,out,480,270,FAST,FAST,DirectDoubleRenderBackend,base_fx_work_ms,3,0.097542,0.111291,0.111291
pan-reverse,out,480,270,FAST,FAST,DirectDoubleRenderBackend,aa_fx_work_ms,3,0.0,0.0,0.0
pan-reverse,back,480,270,FAST,FAST,DirectDoubleRenderBackend,fx_dispatch_ms,3,0.012917,0.013375,0.013375
pan-reverse,back,480,270,FAST,FAST,DirectDoubleRenderBackend,plan_ms,3,0.263167,0.295375,0.295375
pan-reverse,back,480,270,FAST,FAST,DirectDoubleRenderBackend,first_backend_region_ms,3,0.978833,1.043375,1.043375
pan-reverse,back,480,270,FAST,FAST,DirectDoubleRenderBackend,backend_ms,3,0.536375,0.584125,0.584125
pan-reverse,back,480,270,FAST,FAST,DirectDoubleRenderBackend,base_complete_ms,3,1.594917,1.748125,1.748125
pan-reverse,back,480,270,FAST,FAST,DirectDoubleRenderBackend,first_base_publish_ms,3,0.864292,0.920792,0.920792
pan-reverse,back,480,270,FAST,FAST,DirectDoubleRenderBackend,base_full_publish_ms,3,1.602667,1.759708,1.759708
pan-reverse,back,480,270,FAST,FAST,DirectDoubleRenderBackend,first_visible_publish_ms,3,0.864292,0.920792,0.920792
pan-reverse,back,480,270,FAST,FAST,DirectDoubleRenderBackend,full_publish_ms,3,1.604875,1.763667,1.763667
pan-reverse,back,480,270,FAST,FAST,DirectDoubleRenderBackend,first_post_layout_ms,3,7.19375,7.240125,7.240125
pan-reverse,back,480,270,FAST,FAST,DirectDoubleRenderBackend,full_post_layout_ms,3,7.19375,7.240125,7.240125
pan-reverse,back,480,270,FAST,FAST,DirectDoubleRenderBackend,base_fx_work_ms,3,0.174749,0.177624,0.177624
pan-reverse,back,480,270,FAST,FAST,DirectDoubleRenderBackend,aa_fx_work_ms,3,0.0,0.0,0.0
pan-reverse,source,480,270,REFINED,FAST,DirectDoubleRenderBackend,fx_dispatch_ms,3,0.012541,0.016916,0.016916
pan-reverse,source,480,270,REFINED,FAST,DirectDoubleRenderBackend,plan_ms,3,0.041875,0.041959,0.041959
pan-reverse,source,480,270,REFINED,FAST,DirectDoubleRenderBackend,first_backend_region_ms,3,0.307,0.320708,0.320708
pan-reverse,source,480,270,REFINED,FAST,DirectDoubleRenderBackend,backend_ms,3,3.673375,3.787542,3.787542
pan-reverse,source,480,270,REFINED,FAST,DirectDoubleRenderBackend,base_complete_ms,3,4.461208,4.55725,4.55725
pan-reverse,source,480,270,REFINED,FAST,DirectDoubleRenderBackend,first_base_publish_ms,3,1.306833,2.169541,2.169541
pan-reverse,source,480,270,REFINED,FAST,DirectDoubleRenderBackend,base_full_publish_ms,3,4.470625,4.575333,4.575333
pan-reverse,source,480,270,REFINED,FAST,DirectDoubleRenderBackend,first_visible_publish_ms,3,1.306833,2.169541,2.169541
pan-reverse,source,480,270,REFINED,FAST,DirectDoubleRenderBackend,full_publish_ms,3,4.473542,4.578958,4.578958
pan-reverse,source,480,270,REFINED,FAST,DirectDoubleRenderBackend,first_post_layout_ms,3,7.0525,7.180042,7.180042
pan-reverse,source,480,270,REFINED,FAST,DirectDoubleRenderBackend,full_post_layout_ms,3,7.0525,7.180042,7.180042
pan-reverse,source,480,270,REFINED,FAST,DirectDoubleRenderBackend,base_fx_work_ms,3,0.657292,0.822209,0.822209
pan-reverse,source,480,270,REFINED,FAST,DirectDoubleRenderBackend,aa_fx_work_ms,3,0.0,0.0,0.0
pan-reverse,out,480,270,REFINED,FAST,DirectDoubleRenderBackend,fx_dispatch_ms,3,0.012292,0.013708,0.013708
pan-reverse,out,480,270,REFINED,FAST,DirectDoubleRenderBackend,plan_ms,3,0.252333,0.265333,0.265333
pan-reverse,out,480,270,REFINED,FAST,DirectDoubleRenderBackend,first_backend_region_ms,3,0.997,1.003667,1.003667
pan-reverse,out,480,270,REFINED,FAST,DirectDoubleRenderBackend,backend_ms,3,0.221458,0.24275,0.24275
pan-reverse,out,480,270,REFINED,FAST,DirectDoubleRenderBackend,base_complete_ms,3,1.27875,1.307833,1.307833
pan-reverse,out,480,270,REFINED,FAST,DirectDoubleRenderBackend,first_base_publish_ms,3,0.9105,0.912084,0.912084
pan-reverse,out,480,270,REFINED,FAST,DirectDoubleRenderBackend,base_full_publish_ms,3,1.286709,1.314708,1.314708
pan-reverse,out,480,270,REFINED,FAST,DirectDoubleRenderBackend,first_visible_publish_ms,3,0.9105,0.912084,0.912084
pan-reverse,out,480,270,REFINED,FAST,DirectDoubleRenderBackend,full_publish_ms,3,1.289542,1.316833,1.316833
pan-reverse,out,480,270,REFINED,FAST,DirectDoubleRenderBackend,first_post_layout_ms,3,7.088083,7.118667,7.118667
pan-reverse,out,480,270,REFINED,FAST,DirectDoubleRenderBackend,full_post_layout_ms,3,7.088083,7.118667,7.118667
pan-reverse,out,480,270,REFINED,FAST,DirectDoubleRenderBackend,base_fx_work_ms,3,0.098208,0.099499,0.099499
pan-reverse,out,480,270,REFINED,FAST,DirectDoubleRenderBackend,aa_fx_work_ms,3,0.0,0.0,0.0
pan-reverse,back,480,270,REFINED,FAST,DirectDoubleRenderBackend,fx_dispatch_ms,3,0.01275,0.015167,0.015167
pan-reverse,back,480,270,REFINED,FAST,DirectDoubleRenderBackend,plan_ms,3,0.25275,0.268083,0.268083
pan-reverse,back,480,270,REFINED,FAST,DirectDoubleRenderBackend,first_backend_region_ms,3,0.982875,0.991792,0.991792
pan-reverse,back,480,270,REFINED,FAST,DirectDoubleRenderBackend,backend_ms,3,0.496917,0.512834,0.512834
pan-reverse,back,480,270,REFINED,FAST,DirectDoubleRenderBackend,base_complete_ms,3,1.697625,1.748792,1.748792
pan-reverse,back,480,270,REFINED,FAST,DirectDoubleRenderBackend,first_base_publish_ms,3,0.89675,0.899292,0.899292
pan-reverse,back,480,270,REFINED,FAST,DirectDoubleRenderBackend,base_full_publish_ms,3,1.704959,1.757833,1.757833
pan-reverse,back,480,270,REFINED,FAST,DirectDoubleRenderBackend,first_visible_publish_ms,3,0.89675,0.899292,0.899292
pan-reverse,back,480,270,REFINED,FAST,DirectDoubleRenderBackend,full_publish_ms,3,1.707125,1.760583,1.760583
pan-reverse,back,480,270,REFINED,FAST,DirectDoubleRenderBackend,first_post_layout_ms,3,7.217834,7.218083,7.218083
pan-reverse,back,480,270,REFINED,FAST,DirectDoubleRenderBackend,full_post_layout_ms,3,7.217834,7.218083,7.218083
pan-reverse,back,480,270,REFINED,FAST,DirectDoubleRenderBackend,base_fx_work_ms,3,0.23975,0.297791,0.297791
pan-reverse,back,480,270,REFINED,FAST,DirectDoubleRenderBackend,aa_fx_work_ms,3,0.0,0.0,0.0
resize-then-drag,source,480,270,FAST,FAST,DirectDoubleRenderBackend,fx_dispatch_ms,3,0.013583,0.014791,0.014791
resize-then-drag,source,480,270,FAST,FAST,DirectDoubleRenderBackend,plan_ms,3,0.051041,0.052125,0.052125
resize-then-drag,source,480,270,FAST,FAST,DirectDoubleRenderBackend,first_backend_region_ms,3,0.350125,0.361,0.361
resize-then-drag,source,480,270,FAST,FAST,DirectDoubleRenderBackend,backend_ms,3,3.750959,4.644375,4.644375
resize-then-drag,source,480,270,FAST,FAST,DirectDoubleRenderBackend,base_complete_ms,3,5.4935,5.751416,5.751416
resize-then-drag,source,480,270,FAST,FAST,DirectDoubleRenderBackend,first_base_publish_ms,3,4.624292,5.672916,5.672916
resize-then-drag,source,480,270,FAST,FAST,DirectDoubleRenderBackend,base_full_publish_ms,3,5.511042,5.76925,5.76925
resize-then-drag,source,480,270,FAST,FAST,DirectDoubleRenderBackend,first_visible_publish_ms,3,4.624292,5.672916,5.672916
resize-then-drag,source,480,270,FAST,FAST,DirectDoubleRenderBackend,full_publish_ms,3,5.515125,5.774541,5.774541
resize-then-drag,source,480,270,FAST,FAST,DirectDoubleRenderBackend,first_post_layout_ms,3,6.73175,6.838291,6.838291
resize-then-drag,source,480,270,FAST,FAST,DirectDoubleRenderBackend,full_post_layout_ms,3,6.73175,6.838291,6.838291
resize-then-drag,source,480,270,FAST,FAST,DirectDoubleRenderBackend,base_fx_work_ms,3,0.839084,0.869917,0.869917
resize-then-drag,source,480,270,FAST,FAST,DirectDoubleRenderBackend,aa_fx_work_ms,3,0.0,0.0,0.0
resize-then-drag,resize,608,342,FAST,FAST,DirectDoubleRenderBackend,fx_dispatch_ms,3,0.016208,0.017542,0.017542
resize-then-drag,resize,608,342,FAST,FAST,DirectDoubleRenderBackend,plan_ms,3,0.3395,0.346375,0.346375
resize-then-drag,resize,608,342,FAST,FAST,DirectDoubleRenderBackend,first_backend_region_ms,3,1.360708,1.378583,1.378583
resize-then-drag,resize,608,342,FAST,FAST,DirectDoubleRenderBackend,backend_ms,3,1.779084,1.806958,1.806958
resize-then-drag,resize,608,342,FAST,FAST,DirectDoubleRenderBackend,base_complete_ms,3,3.465833,3.660666,3.660666
resize-then-drag,resize,608,342,FAST,FAST,DirectDoubleRenderBackend,first_base_publish_ms,3,1.127916,1.133916,1.133916
resize-then-drag,resize,608,342,FAST,FAST,DirectDoubleRenderBackend,base_full_publish_ms,3,3.479375,3.678708,3.678708
resize-then-drag,resize,608,342,FAST,FAST,DirectDoubleRenderBackend,first_visible_publish_ms,3,1.127916,1.133916,1.133916
resize-then-drag,resize,608,342,FAST,FAST,DirectDoubleRenderBackend,full_publish_ms,3,3.484167,3.683041,3.683041
resize-then-drag,resize,608,342,FAST,FAST,DirectDoubleRenderBackend,first_post_layout_ms,3,5.778125,6.033291,6.033291
resize-then-drag,resize,608,342,FAST,FAST,DirectDoubleRenderBackend,full_post_layout_ms,3,5.778125,6.033291,6.033291
resize-then-drag,resize,608,342,FAST,FAST,DirectDoubleRenderBackend,base_fx_work_ms,3,0.527875,0.566582,0.566582
resize-then-drag,resize,608,342,FAST,FAST,DirectDoubleRenderBackend,aa_fx_work_ms,3,0.0,0.0,0.0
resize-then-drag,drag,608,342,FAST,FAST,DirectDoubleRenderBackend,fx_dispatch_ms,3,0.016125,0.018084,0.018084
resize-then-drag,drag,608,342,FAST,FAST,DirectDoubleRenderBackend,plan_ms,3,0.499959,0.545583,0.545583
resize-then-drag,drag,608,342,FAST,FAST,DirectDoubleRenderBackend,first_backend_region_ms,3,1.771584,1.867292,1.867292
resize-then-drag,drag,608,342,FAST,FAST,DirectDoubleRenderBackend,backend_ms,3,0.699542,0.714291,0.714291
resize-then-drag,drag,608,342,FAST,FAST,DirectDoubleRenderBackend,base_complete_ms,3,3.410584,5.75175,5.75175
resize-then-drag,drag,608,342,FAST,FAST,DirectDoubleRenderBackend,first_base_publish_ms,3,1.618167,1.694834,1.694834
resize-then-drag,drag,608,342,FAST,FAST,DirectDoubleRenderBackend,base_full_publish_ms,3,3.425917,5.768959,5.768959
resize-then-drag,drag,608,342,FAST,FAST,DirectDoubleRenderBackend,first_visible_publish_ms,3,1.618167,1.694834,1.694834
resize-then-drag,drag,608,342,FAST,FAST,DirectDoubleRenderBackend,full_publish_ms,3,3.429917,5.772875,5.772875
resize-then-drag,drag,608,342,FAST,FAST,DirectDoubleRenderBackend,first_post_layout_ms,3,5.34475,5.856167,5.856167
resize-then-drag,drag,608,342,FAST,FAST,DirectDoubleRenderBackend,full_post_layout_ms,3,5.34475,5.856167,5.856167
resize-then-drag,drag,608,342,FAST,FAST,DirectDoubleRenderBackend,base_fx_work_ms,3,0.143082,0.176417,0.176417
resize-then-drag,drag,608,342,FAST,FAST,DirectDoubleRenderBackend,aa_fx_work_ms,3,0.0,0.0,0.0
resize-then-drag,source,480,270,REFINED,FAST,DirectDoubleRenderBackend,fx_dispatch_ms,3,0.015041,0.017,0.017
resize-then-drag,source,480,270,REFINED,FAST,DirectDoubleRenderBackend,plan_ms,3,0.051791,0.0635,0.0635
resize-then-drag,source,480,270,REFINED,FAST,DirectDoubleRenderBackend,first_backend_region_ms,3,0.354041,0.355541,0.355541
resize-then-drag,source,480,270,REFINED,FAST,DirectDoubleRenderBackend,backend_ms,3,3.512292,3.839167,3.839167
resize-then-drag,source,480,270,REFINED,FAST,DirectDoubleRenderBackend,base_complete_ms,3,5.34375,5.433291,5.433291
resize-then-drag,source,480,270,REFINED,FAST,DirectDoubleRenderBackend,first_base_publish_ms,3,0.442791,4.725916,4.725916
resize-then-drag,source,480,270,REFINED,FAST,DirectDoubleRenderBackend,base_full_publish_ms,3,5.3585,5.446041,5.446041
resize-then-drag,source,480,270,REFINED,FAST,DirectDoubleRenderBackend,first_visible_publish_ms,3,0.442791,4.725916,4.725916
resize-then-drag,source,480,270,REFINED,FAST,DirectDoubleRenderBackend,full_publish_ms,3,5.36325,5.449833,5.449833
resize-then-drag,source,480,270,REFINED,FAST,DirectDoubleRenderBackend,first_post_layout_ms,3,6.709958,6.84225,6.84225
resize-then-drag,source,480,270,REFINED,FAST,DirectDoubleRenderBackend,full_post_layout_ms,3,6.709958,6.84225,6.84225
resize-then-drag,source,480,270,REFINED,FAST,DirectDoubleRenderBackend,base_fx_work_ms,3,0.773832,0.797042,0.797042
resize-then-drag,source,480,270,REFINED,FAST,DirectDoubleRenderBackend,aa_fx_work_ms,3,0.0,0.0,0.0
resize-then-drag,resize,608,342,REFINED,FAST,DirectDoubleRenderBackend,fx_dispatch_ms,3,0.014583,0.015625,0.015625
resize-then-drag,resize,608,342,REFINED,FAST,DirectDoubleRenderBackend,plan_ms,3,0.542708,0.749584,0.749584
resize-then-drag,resize,608,342,REFINED,FAST,DirectDoubleRenderBackend,first_backend_region_ms,3,1.537833,1.743667,1.743667
resize-then-drag,resize,608,342,REFINED,FAST,DirectDoubleRenderBackend,backend_ms,3,1.717667,1.81825,1.81825
resize-then-drag,resize,608,342,REFINED,FAST,DirectDoubleRenderBackend,base_complete_ms,3,3.7565,3.904708,3.904708
resize-then-drag,resize,608,342,REFINED,FAST,DirectDoubleRenderBackend,first_base_publish_ms,3,1.332208,1.545083,1.545083
resize-then-drag,resize,608,342,REFINED,FAST,DirectDoubleRenderBackend,base_full_publish_ms,3,3.775,3.917542,3.917542
resize-then-drag,resize,608,342,REFINED,FAST,DirectDoubleRenderBackend,first_visible_publish_ms,3,1.332208,1.545083,1.545083
resize-then-drag,resize,608,342,REFINED,FAST,DirectDoubleRenderBackend,full_publish_ms,3,3.779125,3.921042,3.921042
resize-then-drag,resize,608,342,REFINED,FAST,DirectDoubleRenderBackend,first_post_layout_ms,3,5.941666,6.1055,6.1055
resize-then-drag,resize,608,342,REFINED,FAST,DirectDoubleRenderBackend,full_post_layout_ms,3,5.941666,6.1055,6.1055
resize-then-drag,resize,608,342,REFINED,FAST,DirectDoubleRenderBackend,base_fx_work_ms,3,0.520125,0.520958,0.520958
resize-then-drag,resize,608,342,REFINED,FAST,DirectDoubleRenderBackend,aa_fx_work_ms,3,0.0,0.0,0.0
resize-then-drag,drag,608,342,REFINED,FAST,DirectDoubleRenderBackend,fx_dispatch_ms,3,0.01475,0.018792,0.018792
resize-then-drag,drag,608,342,REFINED,FAST,DirectDoubleRenderBackend,plan_ms,3,0.569167,0.720042,0.720042
resize-then-drag,drag,608,342,REFINED,FAST,DirectDoubleRenderBackend,first_backend_region_ms,3,1.856875,2.038083,2.038083
resize-then-drag,drag,608,342,REFINED,FAST,DirectDoubleRenderBackend,backend_ms,3,0.719708,0.725083,0.725083
resize-then-drag,drag,608,342,REFINED,FAST,DirectDoubleRenderBackend,base_complete_ms,3,3.493292,3.653542,3.653542
resize-then-drag,drag,608,342,REFINED,FAST,DirectDoubleRenderBackend,first_base_publish_ms,3,1.685375,1.860458,1.860458
resize-then-drag,drag,608,342,REFINED,FAST,DirectDoubleRenderBackend,base_full_publish_ms,3,3.511708,3.676375,3.676375
resize-then-drag,drag,608,342,REFINED,FAST,DirectDoubleRenderBackend,first_visible_publish_ms,3,1.685375,1.860458,1.860458
resize-then-drag,drag,608,342,REFINED,FAST,DirectDoubleRenderBackend,full_publish_ms,3,3.515917,3.681292,3.681292
resize-then-drag,drag,608,342,REFINED,FAST,DirectDoubleRenderBackend,first_post_layout_ms,3,5.380792,5.428334,5.428334
resize-then-drag,drag,608,342,REFINED,FAST,DirectDoubleRenderBackend,full_post_layout_ms,3,5.380792,5.428334,5.428334
resize-then-drag,drag,608,342,REFINED,FAST,DirectDoubleRenderBackend,base_fx_work_ms,3,0.140208,0.145833,0.145833
resize-then-drag,drag,608,342,REFINED,FAST,DirectDoubleRenderBackend,aa_fx_work_ms,3,0.0,0.0,0.0
cancel-direct,cancel,480,270,FAST,FAST,DirectDoubleRenderBackend,fx_dispatch_ms,3,0.015084,0.015292,0.015292
cancel-direct,cancel,480,270,FAST,FAST,DirectDoubleRenderBackend,plan_ms,3,0.041583,0.047583,0.047583
cancel-direct,cancel,480,270,FAST,FAST,DirectDoubleRenderBackend,first_backend_region_ms,3,0.744084,1.164834,1.164834
cancel-direct,cancel,480,270,FAST,FAST,DirectDoubleRenderBackend,backend_ms,3,0.725792,1.174667,1.174667
cancel-direct,cancel,480,270,FAST,FAST,DirectDoubleRenderBackend,cancel_request_ms,3,0.744084,1.164834,1.164834
cancel-direct,cancel,480,270,FAST,FAST,DirectDoubleRenderBackend,cancel_tail_ms,3,0.098958,0.11275,0.11275
cancel-direct,cancel,480,270,FAST,FAST,DirectDoubleRenderBackend,base_fx_work_ms,3,0.0,0.0,0.0
cancel-direct,cancel,480,270,FAST,FAST,DirectDoubleRenderBackend,aa_fx_work_ms,3,0.0,0.0,0.0
cancel-direct,cancel,480,270,REFINED,FAST,DirectDoubleRenderBackend,fx_dispatch_ms,3,0.015458,0.030875,0.030875
cancel-direct,cancel,480,270,REFINED,FAST,DirectDoubleRenderBackend,plan_ms,3,0.044542,0.052792,0.052792
cancel-direct,cancel,480,270,REFINED,FAST,DirectDoubleRenderBackend,first_backend_region_ms,3,0.742875,0.829583,0.829583
cancel-direct,cancel,480,270,REFINED,FAST,DirectDoubleRenderBackend,backend_ms,3,0.676292,0.717709,0.717709
cancel-direct,cancel,480,270,REFINED,FAST,DirectDoubleRenderBackend,cancel_request_ms,3,0.742875,0.829583,0.829583
cancel-direct,cancel,480,270,REFINED,FAST,DirectDoubleRenderBackend,cancel_tail_ms,3,0.048625,0.050541,0.050541
cancel-direct,cancel,480,270,REFINED,FAST,DirectDoubleRenderBackend,base_fx_work_ms,3,0.0,0.0,0.0
cancel-direct,cancel,480,270,REFINED,FAST,DirectDoubleRenderBackend,aa_fx_work_ms,3,0.0,0.0,0.0
cancel-deep,cancel,480,270,FAST,FAST,MandelbrotPerturbationRenderBackend,fx_dispatch_ms,3,0.012041,0.015792,0.015792
cancel-deep,cancel,480,270,FAST,FAST,MandelbrotPerturbationRenderBackend,plan_ms,3,0.046125,0.067625,0.067625
cancel-deep,cancel,480,270,FAST,FAST,MandelbrotPerturbationRenderBackend,first_backend_region_ms,3,1.15975,1.232875,1.232875
cancel-deep,cancel,480,270,FAST,FAST,MandelbrotPerturbationRenderBackend,backend_ms,3,1.020459,1.183375,1.183375
cancel-deep,cancel,480,270,FAST,FAST,MandelbrotPerturbationRenderBackend,cancel_request_ms,3,1.15975,1.232875,1.232875
cancel-deep,cancel,480,270,FAST,FAST,MandelbrotPerturbationRenderBackend,cancel_tail_ms,3,0.044792,0.096334,0.096334
cancel-deep,cancel,480,270,FAST,FAST,MandelbrotPerturbationRenderBackend,base_fx_work_ms,3,0.0,0.0,0.0
cancel-deep,cancel,480,270,FAST,FAST,MandelbrotPerturbationRenderBackend,aa_fx_work_ms,3,0.0,0.0,0.0
cancel-deep,cancel,480,270,REFINED,FAST,MandelbrotPerturbationRenderBackend,fx_dispatch_ms,3,0.012291,0.015,0.015
cancel-deep,cancel,480,270,REFINED,FAST,MandelbrotPerturbationRenderBackend,plan_ms,3,0.039417,0.050625,0.050625
cancel-deep,cancel,480,270,REFINED,FAST,MandelbrotPerturbationRenderBackend,first_backend_region_ms,3,1.02075,1.044084,1.044084
cancel-deep,cancel,480,270,REFINED,FAST,MandelbrotPerturbationRenderBackend,backend_ms,3,0.944125,0.991125,0.991125
cancel-deep,cancel,480,270,REFINED,FAST,MandelbrotPerturbationRenderBackend,cancel_request_ms,3,1.02075,1.044084,1.044084
cancel-deep,cancel,480,270,REFINED,FAST,MandelbrotPerturbationRenderBackend,cancel_tail_ms,3,0.038583,0.060125,0.060125
cancel-deep,cancel,480,270,REFINED,FAST,MandelbrotPerturbationRenderBackend,base_fx_work_ms,3,0.0,0.0,0.0
cancel-deep,cancel,480,270,REFINED,FAST,MandelbrotPerturbationRenderBackend,aa_fx_work_ms,3,0.0,0.0,0.0
mandelbrot-overview,render,1512,982,FAST,FAST,DirectDoubleRenderBackend,fx_dispatch_ms,3,0.015167,0.016166,0.016166
mandelbrot-overview,render,1512,982,FAST,FAST,DirectDoubleRenderBackend,plan_ms,3,0.680083,1.839917,1.839917
mandelbrot-overview,render,1512,982,FAST,FAST,DirectDoubleRenderBackend,first_backend_region_ms,3,1.19325,2.684333,2.684333
mandelbrot-overview,render,1512,982,FAST,FAST,DirectDoubleRenderBackend,backend_ms,3,11.625375,12.5105,12.5105
mandelbrot-overview,render,1512,982,FAST,FAST,DirectDoubleRenderBackend,base_complete_ms,3,24.206208,24.77925,24.77925
mandelbrot-overview,render,1512,982,FAST,FAST,DirectDoubleRenderBackend,first_base_publish_ms,3,1.263625,2.732083,2.732083
mandelbrot-overview,render,1512,982,FAST,FAST,DirectDoubleRenderBackend,base_full_publish_ms,3,24.228708,24.798458,24.798458
mandelbrot-overview,render,1512,982,FAST,FAST,DirectDoubleRenderBackend,first_visible_publish_ms,3,1.263625,2.732083,2.732083
mandelbrot-overview,render,1512,982,FAST,FAST,DirectDoubleRenderBackend,full_publish_ms,3,24.233458,24.802458,24.802458
mandelbrot-overview,render,1512,982,FAST,FAST,DirectDoubleRenderBackend,first_post_layout_ms,3,6.229375,6.297083,6.297083
mandelbrot-overview,render,1512,982,FAST,FAST,DirectDoubleRenderBackend,full_post_layout_ms,3,24.859791,28.17525,28.17525
mandelbrot-overview,render,1512,982,FAST,FAST,DirectDoubleRenderBackend,base_fx_work_ms,3,10.578875,10.603501,10.603501
mandelbrot-overview,render,1512,982,FAST,FAST,DirectDoubleRenderBackend,aa_fx_work_ms,3,0.0,0.0,0.0
mandelbrot-overview,render,1512,982,REFINED,FAST,DirectDoubleRenderBackend,fx_dispatch_ms,3,0.01525,0.015542,0.015542
mandelbrot-overview,render,1512,982,REFINED,FAST,DirectDoubleRenderBackend,plan_ms,3,0.51725,1.351458,1.351458
mandelbrot-overview,render,1512,982,REFINED,FAST,DirectDoubleRenderBackend,first_backend_region_ms,3,0.896959,1.828417,1.828417
mandelbrot-overview,render,1512,982,REFINED,FAST,DirectDoubleRenderBackend,backend_ms,3,10.267458,10.750541,10.750541
mandelbrot-overview,render,1512,982,REFINED,FAST,DirectDoubleRenderBackend,base_complete_ms,3,23.04775,23.28525,23.28525
mandelbrot-overview,render,1512,982,REFINED,FAST,DirectDoubleRenderBackend,first_base_publish_ms,3,0.968375,1.924167,1.924167
mandelbrot-overview,render,1512,982,REFINED,FAST,DirectDoubleRenderBackend,base_full_publish_ms,3,23.071208,23.307791,23.307791
mandelbrot-overview,render,1512,982,REFINED,FAST,DirectDoubleRenderBackend,first_visible_publish_ms,3,0.968375,1.924167,1.924167
mandelbrot-overview,render,1512,982,REFINED,FAST,DirectDoubleRenderBackend,full_publish_ms,3,23.077208,23.312916,23.312916
mandelbrot-overview,render,1512,982,REFINED,FAST,DirectDoubleRenderBackend,first_post_layout_ms,3,6.497125,6.565375,6.565375
mandelbrot-overview,render,1512,982,REFINED,FAST,DirectDoubleRenderBackend,full_post_layout_ms,3,23.124333,23.365833,23.365833
mandelbrot-overview,render,1512,982,REFINED,FAST,DirectDoubleRenderBackend,base_fx_work_ms,3,10.537208,10.5395,10.5395
mandelbrot-overview,render,1512,982,REFINED,FAST,DirectDoubleRenderBackend,aa_fx_work_ms,3,0.0,0.0,0.0
julia-overview,render,1512,982,FAST,FAST,DirectDoubleRenderBackend,fx_dispatch_ms,3,0.022166,0.029458,0.029458
julia-overview,render,1512,982,FAST,FAST,DirectDoubleRenderBackend,plan_ms,3,0.452292,1.222375,1.222375
julia-overview,render,1512,982,FAST,FAST,DirectDoubleRenderBackend,first_backend_region_ms,3,1.427125,2.046,2.046
julia-overview,render,1512,982,FAST,FAST,DirectDoubleRenderBackend,backend_ms,3,23.493125,23.684,23.684
julia-overview,render,1512,982,FAST,FAST,DirectDoubleRenderBackend,base_complete_ms,3,35.103583,36.216375,36.216375
julia-overview,render,1512,982,FAST,FAST,DirectDoubleRenderBackend,first_base_publish_ms,3,11.776833,12.850666,12.850666
julia-overview,render,1512,982,FAST,FAST,DirectDoubleRenderBackend,base_full_publish_ms,3,35.126416,36.236708,36.236708
julia-overview,render,1512,982,FAST,FAST,DirectDoubleRenderBackend,first_visible_publish_ms,3,11.776833,12.850666,12.850666
julia-overview,render,1512,982,FAST,FAST,DirectDoubleRenderBackend,full_publish_ms,3,35.131416,36.241208,36.241208
julia-overview,render,1512,982,FAST,FAST,DirectDoubleRenderBackend,first_post_layout_ms,3,12.669625,14.142541,14.142541
julia-overview,render,1512,982,FAST,FAST,DirectDoubleRenderBackend,full_post_layout_ms,3,39.143417,39.392375,39.392375
julia-overview,render,1512,982,FAST,FAST,DirectDoubleRenderBackend,base_fx_work_ms,3,12.817541,13.072293,13.072293
julia-overview,render,1512,982,FAST,FAST,DirectDoubleRenderBackend,aa_fx_work_ms,3,0.0,0.0,0.0
julia-overview,render,1512,982,REFINED,FAST,DirectDoubleRenderBackend,fx_dispatch_ms,3,0.017292,0.019167,0.019167
julia-overview,render,1512,982,REFINED,FAST,DirectDoubleRenderBackend,plan_ms,3,0.477375,1.326083,1.326083
julia-overview,render,1512,982,REFINED,FAST,DirectDoubleRenderBackend,first_backend_region_ms,3,1.204334,2.149375,2.149375
julia-overview,render,1512,982,REFINED,FAST,DirectDoubleRenderBackend,backend_ms,3,21.550292,21.818458,21.818458
julia-overview,render,1512,982,REFINED,FAST,DirectDoubleRenderBackend,base_complete_ms,3,33.465459,34.209959,34.209959
julia-overview,render,1512,982,REFINED,FAST,DirectDoubleRenderBackend,first_base_publish_ms,3,2.907584,5.301667,5.301667
julia-overview,render,1512,982,REFINED,FAST,DirectDoubleRenderBackend,base_full_publish_ms,3,33.486042,34.240375,34.240375
julia-overview,render,1512,982,REFINED,FAST,DirectDoubleRenderBackend,first_visible_publish_ms,3,2.907584,5.301667,5.301667
julia-overview,render,1512,982,REFINED,FAST,DirectDoubleRenderBackend,full_publish_ms,3,33.4905,34.247084,34.247084
julia-overview,render,1512,982,REFINED,FAST,DirectDoubleRenderBackend,first_post_layout_ms,3,6.719875,7.012167,7.012167
julia-overview,render,1512,982,REFINED,FAST,DirectDoubleRenderBackend,full_post_layout_ms,3,39.006042,39.377709,39.377709
julia-overview,render,1512,982,REFINED,FAST,DirectDoubleRenderBackend,base_fx_work_ms,3,11.45471,11.545582,11.545582
julia-overview,render,1512,982,REFINED,FAST,DirectDoubleRenderBackend,aa_fx_work_ms,3,0.0,0.0,0.0
multibrot_cubic-overview,render,1512,982,FAST,FAST,DirectDoubleRenderBackend,fx_dispatch_ms,3,0.015041,0.015167,0.015167
multibrot_cubic-overview,render,1512,982,FAST,FAST,DirectDoubleRenderBackend,plan_ms,3,0.436208,1.149459,1.149459
multibrot_cubic-overview,render,1512,982,FAST,FAST,DirectDoubleRenderBackend,first_backend_region_ms,3,1.460375,2.188958,2.188958
multibrot_cubic-overview,render,1512,982,FAST,FAST,DirectDoubleRenderBackend,backend_ms,3,35.664083,38.408292,38.408292
multibrot_cubic-overview,render,1512,982,FAST,FAST,DirectDoubleRenderBackend,base_complete_ms,3,46.383,49.033042,49.033042
multibrot_cubic-overview,render,1512,982,FAST,FAST,DirectDoubleRenderBackend,first_base_publish_ms,3,1.539375,4.557208,4.557208
multibrot_cubic-overview,render,1512,982,FAST,FAST,DirectDoubleRenderBackend,base_full_publish_ms,3,46.412166,49.058625,49.058625
multibrot_cubic-overview,render,1512,982,FAST,FAST,DirectDoubleRenderBackend,first_visible_publish_ms,3,1.539375,4.557208,4.557208
multibrot_cubic-overview,render,1512,982,FAST,FAST,DirectDoubleRenderBackend,full_publish_ms,3,46.417958,49.064,49.064
multibrot_cubic-overview,render,1512,982,FAST,FAST,DirectDoubleRenderBackend,first_post_layout_ms,3,6.868,6.909666,6.909666
multibrot_cubic-overview,render,1512,982,FAST,FAST,DirectDoubleRenderBackend,full_post_layout_ms,3,47.995083,56.10575,56.10575
multibrot_cubic-overview,render,1512,982,FAST,FAST,DirectDoubleRenderBackend,base_fx_work_ms,3,9.803292,10.888916,10.888916
multibrot_cubic-overview,render,1512,982,FAST,FAST,DirectDoubleRenderBackend,aa_fx_work_ms,3,0.0,0.0,0.0
multibrot_cubic-overview,render,1512,982,REFINED,FAST,DirectDoubleRenderBackend,fx_dispatch_ms,3,0.014917,0.01725,0.01725
multibrot_cubic-overview,render,1512,982,REFINED,FAST,DirectDoubleRenderBackend,plan_ms,3,0.567833,1.527834,1.527834
multibrot_cubic-overview,render,1512,982,REFINED,FAST,DirectDoubleRenderBackend,first_backend_region_ms,3,1.437667,2.574459,2.574459
multibrot_cubic-overview,render,1512,982,REFINED,FAST,DirectDoubleRenderBackend,backend_ms,3,35.807,36.601166,36.601166
multibrot_cubic-overview,render,1512,982,REFINED,FAST,DirectDoubleRenderBackend,base_complete_ms,3,44.492667,46.283084,46.283084
multibrot_cubic-overview,render,1512,982,REFINED,FAST,DirectDoubleRenderBackend,first_base_publish_ms,3,4.504084,12.888334,12.888334
multibrot_cubic-overview,render,1512,982,REFINED,FAST,DirectDoubleRenderBackend,base_full_publish_ms,3,44.518,46.316459,46.316459
multibrot_cubic-overview,render,1512,982,REFINED,FAST,DirectDoubleRenderBackend,first_visible_publish_ms,3,4.504084,12.888334,12.888334
multibrot_cubic-overview,render,1512,982,REFINED,FAST,DirectDoubleRenderBackend,full_publish_ms,3,44.523417,46.323459,46.323459
multibrot_cubic-overview,render,1512,982,REFINED,FAST,DirectDoubleRenderBackend,first_post_layout_ms,3,7.917667,17.538084,17.538084
multibrot_cubic-overview,render,1512,982,REFINED,FAST,DirectDoubleRenderBackend,full_post_layout_ms,3,46.3955,48.95225,48.95225
multibrot_cubic-overview,render,1512,982,REFINED,FAST,DirectDoubleRenderBackend,base_fx_work_ms,3,9.832125,10.602667,10.602667
multibrot_cubic-overview,render,1512,982,REFINED,FAST,DirectDoubleRenderBackend,aa_fx_work_ms,3,0.0,0.0,0.0
burning_ship-overview,render,1512,982,FAST,FAST,DirectDoubleRenderBackend,fx_dispatch_ms,3,0.014416,0.016,0.016
burning_ship-overview,render,1512,982,FAST,FAST,DirectDoubleRenderBackend,plan_ms,3,0.484375,1.291417,1.291417
burning_ship-overview,render,1512,982,FAST,FAST,DirectDoubleRenderBackend,first_backend_region_ms,3,1.8775,2.847208,2.847208
burning_ship-overview,render,1512,982,FAST,FAST,DirectDoubleRenderBackend,backend_ms,3,41.253917,42.101167,42.101167
burning_ship-overview,render,1512,982,FAST,FAST,DirectDoubleRenderBackend,base_complete_ms,3,49.677125,50.031083,50.031083
burning_ship-overview,render,1512,982,FAST,FAST,DirectDoubleRenderBackend,first_base_publish_ms,3,2.956583,4.504416,4.504416
burning_ship-overview,render,1512,982,FAST,FAST,DirectDoubleRenderBackend,base_full_publish_ms,3,49.69975,50.06,50.06
burning_ship-overview,render,1512,982,FAST,FAST,DirectDoubleRenderBackend,first_visible_publish_ms,3,2.956583,4.504416,4.504416
burning_ship-overview,render,1512,982,FAST,FAST,DirectDoubleRenderBackend,full_publish_ms,3,49.70675,50.065416,50.065416
burning_ship-overview,render,1512,982,FAST,FAST,DirectDoubleRenderBackend,first_post_layout_ms,3,6.291125,6.703458,6.703458
burning_ship-overview,render,1512,982,FAST,FAST,DirectDoubleRenderBackend,full_post_layout_ms,3,50.111083,54.857958,54.857958
burning_ship-overview,render,1512,982,FAST,FAST,DirectDoubleRenderBackend,base_fx_work_ms,3,11.099917,11.526958,11.526958
burning_ship-overview,render,1512,982,FAST,FAST,DirectDoubleRenderBackend,aa_fx_work_ms,3,0.0,0.0,0.0
burning_ship-overview,render,1512,982,REFINED,FAST,DirectDoubleRenderBackend,fx_dispatch_ms,3,0.014333,0.016083,0.016083
burning_ship-overview,render,1512,982,REFINED,FAST,DirectDoubleRenderBackend,plan_ms,3,0.458292,1.217875,1.217875
burning_ship-overview,render,1512,982,REFINED,FAST,DirectDoubleRenderBackend,first_backend_region_ms,3,1.885375,2.725208,2.725208
burning_ship-overview,render,1512,982,REFINED,FAST,DirectDoubleRenderBackend,backend_ms,3,42.145958,42.731333,42.731333
burning_ship-overview,render,1512,982,REFINED,FAST,DirectDoubleRenderBackend,base_complete_ms,3,51.807875,51.988167,51.988167
burning_ship-overview,render,1512,982,REFINED,FAST,DirectDoubleRenderBackend,first_base_publish_ms,3,2.837541,3.84175,3.84175
burning_ship-overview,render,1512,982,REFINED,FAST,DirectDoubleRenderBackend,base_full_publish_ms,3,51.835541,52.012583,52.012583
burning_ship-overview,render,1512,982,REFINED,FAST,DirectDoubleRenderBackend,first_visible_publish_ms,3,2.837541,3.84175,3.84175
burning_ship-overview,render,1512,982,REFINED,FAST,DirectDoubleRenderBackend,full_publish_ms,3,51.841875,52.017875,52.017875
burning_ship-overview,render,1512,982,REFINED,FAST,DirectDoubleRenderBackend,first_post_layout_ms,3,6.440791,6.618042,6.618042
burning_ship-overview,render,1512,982,REFINED,FAST,DirectDoubleRenderBackend,full_post_layout_ms,3,56.0735,56.268583,56.268583
burning_ship-overview,render,1512,982,REFINED,FAST,DirectDoubleRenderBackend,base_fx_work_ms,3,10.493791,10.503291,10.503291
burning_ship-overview,render,1512,982,REFINED,FAST,DirectDoubleRenderBackend,aa_fx_work_ms,3,0.0,0.0,0.0
tricorn-overview,render,1512,982,FAST,FAST,DirectDoubleRenderBackend,fx_dispatch_ms,3,0.014792,0.015375,0.015375
tricorn-overview,render,1512,982,FAST,FAST,DirectDoubleRenderBackend,plan_ms,3,0.455209,0.493209,0.493209
tricorn-overview,render,1512,982,FAST,FAST,DirectDoubleRenderBackend,first_backend_region_ms,3,1.037584,1.125542,1.125542
tricorn-overview,render,1512,982,FAST,FAST,DirectDoubleRenderBackend,backend_ms,3,13.162917,13.801792,13.801792
tricorn-overview,render,1512,982,FAST,FAST,DirectDoubleRenderBackend,base_complete_ms,3,24.204125,24.922292,24.922292
tricorn-overview,render,1512,982,FAST,FAST,DirectDoubleRenderBackend,first_base_publish_ms,3,2.228875,3.52375,3.52375
tricorn-overview,render,1512,982,FAST,FAST,DirectDoubleRenderBackend,base_full_publish_ms,3,24.234292,24.946709,24.946709
tricorn-overview,render,1512,982,FAST,FAST,DirectDoubleRenderBackend,first_visible_publish_ms,3,2.228875,3.52375,3.52375
tricorn-overview,render,1512,982,FAST,FAST,DirectDoubleRenderBackend,full_publish_ms,3,24.240875,24.951792,24.951792
tricorn-overview,render,1512,982,FAST,FAST,DirectDoubleRenderBackend,first_post_layout_ms,3,5.517958,6.94575,6.94575
tricorn-overview,render,1512,982,FAST,FAST,DirectDoubleRenderBackend,full_post_layout_ms,3,30.206708,31.131042,31.131042
tricorn-overview,render,1512,982,FAST,FAST,DirectDoubleRenderBackend,base_fx_work_ms,3,10.291583,10.341459,10.341459
tricorn-overview,render,1512,982,FAST,FAST,DirectDoubleRenderBackend,aa_fx_work_ms,3,0.0,0.0,0.0
tricorn-overview,render,1512,982,REFINED,FAST,DirectDoubleRenderBackend,fx_dispatch_ms,3,0.014792,0.015083,0.015083
tricorn-overview,render,1512,982,REFINED,FAST,DirectDoubleRenderBackend,plan_ms,3,0.447417,0.497375,0.497375
tricorn-overview,render,1512,982,REFINED,FAST,DirectDoubleRenderBackend,first_backend_region_ms,3,1.015208,1.136542,1.136542
tricorn-overview,render,1512,982,REFINED,FAST,DirectDoubleRenderBackend,backend_ms,3,13.236833,13.4095,13.4095
tricorn-overview,render,1512,982,REFINED,FAST,DirectDoubleRenderBackend,base_complete_ms,3,24.051292,24.340041,24.340041
tricorn-overview,render,1512,982,REFINED,FAST,DirectDoubleRenderBackend,first_base_publish_ms,3,3.170833,3.72725,3.72725
tricorn-overview,render,1512,982,REFINED,FAST,DirectDoubleRenderBackend,base_full_publish_ms,3,24.077167,24.363875,24.363875
tricorn-overview,render,1512,982,REFINED,FAST,DirectDoubleRenderBackend,first_visible_publish_ms,3,3.170833,3.72725,3.72725
tricorn-overview,render,1512,982,REFINED,FAST,DirectDoubleRenderBackend,full_publish_ms,3,24.083292,24.369541,24.369541
tricorn-overview,render,1512,982,REFINED,FAST,DirectDoubleRenderBackend,first_post_layout_ms,3,5.879417,6.76725,6.76725
tricorn-overview,render,1512,982,REFINED,FAST,DirectDoubleRenderBackend,full_post_layout_ms,3,24.412166,29.665958,29.665958
tricorn-overview,render,1512,982,REFINED,FAST,DirectDoubleRenderBackend,base_fx_work_ms,3,10.286542,10.31429,10.31429
tricorn-overview,render,1512,982,REFINED,FAST,DirectDoubleRenderBackend,aa_fx_work_ms,3,0.0,0.0,0.0
exterior,render,1512,982,FAST,FAST,DirectDoubleRenderBackend,fx_dispatch_ms,3,0.0145,0.014625,0.014625
exterior,render,1512,982,FAST,FAST,DirectDoubleRenderBackend,plan_ms,3,0.580667,1.159583,1.159583
exterior,render,1512,982,FAST,FAST,DirectDoubleRenderBackend,first_backend_region_ms,3,0.989375,1.6905,1.6905
exterior,render,1512,982,FAST,FAST,DirectDoubleRenderBackend,backend_ms,3,13.042917,13.592459,13.592459
exterior,render,1512,982,FAST,FAST,DirectDoubleRenderBackend,base_complete_ms,3,24.717958,25.49075,25.49075
exterior,render,1512,982,FAST,FAST,DirectDoubleRenderBackend,first_base_publish_ms,3,1.090875,1.825917,1.825917
exterior,render,1512,982,FAST,FAST,DirectDoubleRenderBackend,base_full_publish_ms,3,24.740917,25.516125,25.516125
exterior,render,1512,982,FAST,FAST,DirectDoubleRenderBackend,first_visible_publish_ms,3,1.090875,1.825917,1.825917
exterior,render,1512,982,FAST,FAST,DirectDoubleRenderBackend,full_publish_ms,3,24.746542,25.521542,25.521542
exterior,render,1512,982,FAST,FAST,DirectDoubleRenderBackend,first_post_layout_ms,3,6.390458,7.112709,7.112709
exterior,render,1512,982,FAST,FAST,DirectDoubleRenderBackend,full_post_layout_ms,3,30.631292,30.804875,30.804875
exterior,render,1512,982,FAST,FAST,DirectDoubleRenderBackend,base_fx_work_ms,3,10.585583,10.668416,10.668416
exterior,render,1512,982,FAST,FAST,DirectDoubleRenderBackend,aa_fx_work_ms,3,0.0,0.0,0.0
exterior,render,1512,982,REFINED,FAST,DirectDoubleRenderBackend,fx_dispatch_ms,3,0.01475,0.015209,0.015209
exterior,render,1512,982,REFINED,FAST,DirectDoubleRenderBackend,plan_ms,3,0.463417,0.52675,0.52675
exterior,render,1512,982,REFINED,FAST,DirectDoubleRenderBackend,first_backend_region_ms,3,0.875791,0.917167,0.917167
exterior,render,1512,982,REFINED,FAST,DirectDoubleRenderBackend,backend_ms,3,12.065125,12.237291,12.237291
exterior,render,1512,982,REFINED,FAST,DirectDoubleRenderBackend,base_complete_ms,3,23.395667,23.453208,23.453208
exterior,render,1512,982,REFINED,FAST,DirectDoubleRenderBackend,first_base_publish_ms,3,0.977666,1.022125,1.022125
exterior,render,1512,982,REFINED,FAST,DirectDoubleRenderBackend,base_full_publish_ms,3,23.419375,23.476458,23.476458
exterior,render,1512,982,REFINED,FAST,DirectDoubleRenderBackend,first_visible_publish_ms,3,0.977666,1.022125,1.022125
exterior,render,1512,982,REFINED,FAST,DirectDoubleRenderBackend,full_publish_ms,3,23.425084,23.482166,23.482166
exterior,render,1512,982,REFINED,FAST,DirectDoubleRenderBackend,first_post_layout_ms,3,6.02025,6.475459,6.475459
exterior,render,1512,982,REFINED,FAST,DirectDoubleRenderBackend,full_post_layout_ms,3,23.466667,23.526708,23.526708
exterior,render,1512,982,REFINED,FAST,DirectDoubleRenderBackend,base_fx_work_ms,3,10.385667,10.488292,10.488292
exterior,render,1512,982,REFINED,FAST,DirectDoubleRenderBackend,aa_fx_work_ms,3,0.0,0.0,0.0
seahorse-fixed,render,1512,982,FAST,FAST,DirectDoubleRenderBackend,fx_dispatch_ms,3,0.01375,0.017875,0.017875
seahorse-fixed,render,1512,982,FAST,FAST,DirectDoubleRenderBackend,plan_ms,3,0.459167,0.496375,0.496375
seahorse-fixed,render,1512,982,FAST,FAST,DirectDoubleRenderBackend,first_backend_region_ms,3,0.984875,1.799541,1.799541
seahorse-fixed,render,1512,982,FAST,FAST,DirectDoubleRenderBackend,backend_ms,3,30.5595,30.780083,30.780083
seahorse-fixed,render,1512,982,FAST,FAST,DirectDoubleRenderBackend,base_complete_ms,3,38.542375,38.571875,38.571875
seahorse-fixed,render,1512,982,FAST,FAST,DirectDoubleRenderBackend,first_base_publish_ms,3,1.093,4.002583,4.002583
seahorse-fixed,render,1512,982,FAST,FAST,DirectDoubleRenderBackend,base_full_publish_ms,3,38.569583,38.59875,38.59875
seahorse-fixed,render,1512,982,FAST,FAST,DirectDoubleRenderBackend,first_visible_publish_ms,3,1.093,4.002583,4.002583
seahorse-fixed,render,1512,982,FAST,FAST,DirectDoubleRenderBackend,full_publish_ms,3,38.576708,38.604709,38.604709
seahorse-fixed,render,1512,982,FAST,FAST,DirectDoubleRenderBackend,first_post_layout_ms,3,7.309917,8.151041,8.151041
seahorse-fixed,render,1512,982,FAST,FAST,DirectDoubleRenderBackend,full_post_layout_ms,3,39.573334,39.709833,39.709833
seahorse-fixed,render,1512,982,FAST,FAST,DirectDoubleRenderBackend,base_fx_work_ms,3,11.397082,11.930875,11.930875
seahorse-fixed,render,1512,982,FAST,FAST,DirectDoubleRenderBackend,aa_fx_work_ms,3,0.0,0.0,0.0
seahorse-fixed,render,1512,982,REFINED,FAST,DirectDoubleRenderBackend,fx_dispatch_ms,3,0.017709,0.257875,0.257875
seahorse-fixed,render,1512,982,REFINED,FAST,DirectDoubleRenderBackend,plan_ms,3,0.47775,0.729125,0.729125
seahorse-fixed,render,1512,982,REFINED,FAST,DirectDoubleRenderBackend,first_backend_region_ms,3,1.024167,1.502667,1.502667
seahorse-fixed,render,1512,982,REFINED,FAST,DirectDoubleRenderBackend,backend_ms,3,30.984541,36.15875,36.15875
seahorse-fixed,render,1512,982,REFINED,FAST,DirectDoubleRenderBackend,base_complete_ms,3,38.374917,46.58775,46.58775
seahorse-fixed,render,1512,982,REFINED,FAST,DirectDoubleRenderBackend,first_base_publish_ms,3,1.572459,3.6565,3.6565
seahorse-fixed,render,1512,982,REFINED,FAST,DirectDoubleRenderBackend,base_full_publish_ms,3,38.409792,46.62075,46.62075
seahorse-fixed,render,1512,982,REFINED,FAST,DirectDoubleRenderBackend,first_visible_publish_ms,3,1.572459,3.6565,3.6565
seahorse-fixed,render,1512,982,REFINED,FAST,DirectDoubleRenderBackend,full_publish_ms,3,38.419125,46.628125,46.628125
seahorse-fixed,render,1512,982,REFINED,FAST,DirectDoubleRenderBackend,first_post_layout_ms,3,6.926292,8.377667,8.377667
seahorse-fixed,render,1512,982,REFINED,FAST,DirectDoubleRenderBackend,full_post_layout_ms,3,38.467667,50.065417,50.065417
seahorse-fixed,render,1512,982,REFINED,FAST,DirectDoubleRenderBackend,base_fx_work_ms,3,11.16696,11.951374,11.951374
seahorse-fixed,render,1512,982,REFINED,FAST,DirectDoubleRenderBackend,aa_fx_work_ms,3,0.0,0.0,0.0
seahorse-adaptive,render,1512,982,FAST,FAST,DirectDoubleRenderBackend,fx_dispatch_ms,3,0.015083,0.015125,0.015125
seahorse-adaptive,render,1512,982,FAST,FAST,DirectDoubleRenderBackend,plan_ms,3,0.457959,0.46975,0.46975
seahorse-adaptive,render,1512,982,FAST,FAST,DirectDoubleRenderBackend,first_backend_region_ms,3,0.941333,1.786458,1.786458
seahorse-adaptive,render,1512,982,FAST,FAST,DirectDoubleRenderBackend,backend_ms,3,41.267583,41.725709,41.725709
seahorse-adaptive,render,1512,982,FAST,FAST,DirectDoubleRenderBackend,base_complete_ms,3,49.290583,49.571458,49.571458
seahorse-adaptive,render,1512,982,FAST,FAST,DirectDoubleRenderBackend,first_base_publish_ms,3,1.876292,2.897833,2.897833
seahorse-adaptive,render,1512,982,FAST,FAST,DirectDoubleRenderBackend,base_full_publish_ms,3,49.313833,49.597542,49.597542
seahorse-adaptive,render,1512,982,FAST,FAST,DirectDoubleRenderBackend,first_visible_publish_ms,3,1.876292,2.897833,2.897833
seahorse-adaptive,render,1512,982,FAST,FAST,DirectDoubleRenderBackend,full_publish_ms,3,49.31925,49.604333,49.604333
seahorse-adaptive,render,1512,982,FAST,FAST,DirectDoubleRenderBackend,first_post_layout_ms,3,6.359958,6.524708,6.524708
seahorse-adaptive,render,1512,982,FAST,FAST,DirectDoubleRenderBackend,full_post_layout_ms,3,49.642333,54.662541,54.662541
seahorse-adaptive,render,1512,982,FAST,FAST,DirectDoubleRenderBackend,base_fx_work_ms,3,11.635209,11.647916,11.647916
seahorse-adaptive,render,1512,982,FAST,FAST,DirectDoubleRenderBackend,aa_fx_work_ms,3,0.0,0.0,0.0
seahorse-adaptive,render,1512,982,REFINED,FAST,DirectDoubleRenderBackend,fx_dispatch_ms,3,0.015042,0.016834,0.016834
seahorse-adaptive,render,1512,982,REFINED,FAST,DirectDoubleRenderBackend,plan_ms,3,0.44925,1.183333,1.183333
seahorse-adaptive,render,1512,982,REFINED,FAST,DirectDoubleRenderBackend,first_backend_region_ms,3,0.932958,1.783625,1.783625
seahorse-adaptive,render,1512,982,REFINED,FAST,DirectDoubleRenderBackend,backend_ms,3,41.653208,42.512709,42.512709
seahorse-adaptive,render,1512,982,REFINED,FAST,DirectDoubleRenderBackend,base_complete_ms,3,49.592917,50.981958,50.981958
seahorse-adaptive,render,1512,982,REFINED,FAST,DirectDoubleRenderBackend,first_base_publish_ms,3,0.999791,4.762334,4.762334
seahorse-adaptive,render,1512,982,REFINED,FAST,DirectDoubleRenderBackend,base_full_publish_ms,3,49.618084,51.006458,51.006458
seahorse-adaptive,render,1512,982,REFINED,FAST,DirectDoubleRenderBackend,first_visible_publish_ms,3,0.999791,4.762334,4.762334
seahorse-adaptive,render,1512,982,REFINED,FAST,DirectDoubleRenderBackend,full_publish_ms,3,49.624209,51.012708,51.012708
seahorse-adaptive,render,1512,982,REFINED,FAST,DirectDoubleRenderBackend,first_post_layout_ms,3,6.843125,6.993083,6.993083
seahorse-adaptive,render,1512,982,REFINED,FAST,DirectDoubleRenderBackend,full_post_layout_ms,3,56.343334,56.387041,56.387041
seahorse-adaptive,render,1512,982,REFINED,FAST,DirectDoubleRenderBackend,base_fx_work_ms,3,11.741834,12.078001,12.078001
seahorse-adaptive,render,1512,982,REFINED,FAST,DirectDoubleRenderBackend,aa_fx_work_ms,3,0.0,0.0,0.0
mandelbrot-aa-regular,render,1512,982,FAST,FAST,DirectDoubleRenderBackend,fx_dispatch_ms,3,0.01875,0.019417,0.019417
mandelbrot-aa-regular,render,1512,982,FAST,FAST,DirectDoubleRenderBackend,plan_ms,3,0.711584,4.99975,4.99975
mandelbrot-aa-regular,render,1512,982,FAST,FAST,DirectDoubleRenderBackend,first_backend_region_ms,3,1.060584,5.477584,5.477584
mandelbrot-aa-regular,render,1512,982,FAST,FAST,DirectDoubleRenderBackend,backend_ms,3,10.782375,12.944542,12.944542
mandelbrot-aa-regular,render,1512,982,FAST,FAST,DirectDoubleRenderBackend,base_complete_ms,3,22.447167,29.287709,29.287709
mandelbrot-aa-regular,render,1512,982,FAST,FAST,DirectDoubleRenderBackend,first_base_publish_ms,3,1.158875,5.818625,5.818625
mandelbrot-aa-regular,render,1512,982,FAST,FAST,DirectDoubleRenderBackend,base_full_publish_ms,3,22.489292,29.32725,29.32725
mandelbrot-aa-regular,render,1512,982,FAST,FAST,DirectDoubleRenderBackend,aa_ms,3,51.806375,52.764166,52.764166
mandelbrot-aa-regular,render,1512,982,FAST,FAST,DirectDoubleRenderBackend,first_aa_publish_ms,3,23.862417,30.758334,30.758334
mandelbrot-aa-regular,render,1512,982,FAST,FAST,DirectDoubleRenderBackend,first_visible_publish_ms,3,1.158875,5.818625,5.818625
mandelbrot-aa-regular,render,1512,982,FAST,FAST,DirectDoubleRenderBackend,full_publish_ms,3,74.756125,81.144292,81.144292
mandelbrot-aa-regular,render,1512,982,FAST,FAST,DirectDoubleRenderBackend,first_post_layout_ms,3,4.885292,9.83875,9.83875
mandelbrot-aa-regular,render,1512,982,FAST,FAST,DirectDoubleRenderBackend,full_post_layout_ms,3,74.786209,81.17375,81.17375
mandelbrot-aa-regular,render,1512,982,FAST,FAST,DirectDoubleRenderBackend,base_fx_work_ms,3,10.723417,10.924416,10.924416
mandelbrot-aa-regular,render,1512,982,FAST,FAST,DirectDoubleRenderBackend,aa_fx_work_ms,3,1.476341,1.643127,1.643127
mandelbrot-aa-regular,render,1512,982,REFINED,REFINED,DirectDoubleRenderBackend,fx_dispatch_ms,3,0.013417,0.015459,0.015459
mandelbrot-aa-regular,render,1512,982,REFINED,REFINED,DirectDoubleRenderBackend,plan_ms,3,0.6195,2.920583,2.920583
mandelbrot-aa-regular,render,1512,982,REFINED,REFINED,DirectDoubleRenderBackend,first_backend_region_ms,3,0.970917,3.358917,3.358917
mandelbrot-aa-regular,render,1512,982,REFINED,REFINED,DirectDoubleRenderBackend,backend_ms,3,10.334334,11.053833,11.053833
mandelbrot-aa-regular,render,1512,982,REFINED,REFINED,DirectDoubleRenderBackend,base_complete_ms,3,11.9445,13.205834,13.205834
mandelbrot-aa-regular,render,1512,982,REFINED,REFINED,DirectDoubleRenderBackend,aa_ms,3,59.789083,60.84525,60.84525
mandelbrot-aa-regular,render,1512,982,REFINED,REFINED,DirectDoubleRenderBackend,first_aa_publish_ms,3,18.025583,19.237834,19.237834
mandelbrot-aa-regular,render,1512,982,REFINED,REFINED,DirectDoubleRenderBackend,first_visible_publish_ms,3,18.025583,19.237834,19.237834
mandelbrot-aa-regular,render,1512,982,REFINED,REFINED,DirectDoubleRenderBackend,full_publish_ms,3,77.256,77.422,77.422
mandelbrot-aa-regular,render,1512,982,REFINED,REFINED,DirectDoubleRenderBackend,first_post_layout_ms,3,36.410542,51.13475,51.13475
mandelbrot-aa-regular,render,1512,982,REFINED,REFINED,DirectDoubleRenderBackend,full_post_layout_ms,3,77.403375,77.547084,77.547084
mandelbrot-aa-regular,render,1512,982,REFINED,REFINED,DirectDoubleRenderBackend,base_fx_work_ms,3,4.395166,4.428791,4.428791
mandelbrot-aa-regular,render,1512,982,REFINED,REFINED,DirectDoubleRenderBackend,aa_fx_work_ms,3,1.431929,1.497005,1.497005
julia-aa-regular,render,1512,982,FAST,FAST,DirectDoubleRenderBackend,fx_dispatch_ms,3,0.013541,0.013584,0.013584
julia-aa-regular,render,1512,982,FAST,FAST,DirectDoubleRenderBackend,plan_ms,3,0.596417,0.629291,0.629291
julia-aa-regular,render,1512,982,FAST,FAST,DirectDoubleRenderBackend,first_backend_region_ms,3,1.372917,1.3735,1.3735
julia-aa-regular,render,1512,982,FAST,FAST,DirectDoubleRenderBackend,backend_ms,3,22.278833,23.234083,23.234083
julia-aa-regular,render,1512,982,FAST,FAST,DirectDoubleRenderBackend,base_complete_ms,3,32.470709,33.733083,33.733083
julia-aa-regular,render,1512,982,FAST,FAST,DirectDoubleRenderBackend,first_base_publish_ms,3,12.111583,16.772542,16.772542
julia-aa-regular,render,1512,982,FAST,FAST,DirectDoubleRenderBackend,base_full_publish_ms,3,32.497375,33.762333,33.762333
julia-aa-regular,render,1512,982,FAST,FAST,DirectDoubleRenderBackend,aa_ms,3,229.4295,229.567625,229.567625
julia-aa-regular,render,1512,982,FAST,FAST,DirectDoubleRenderBackend,first_aa_publish_ms,3,41.248917,43.811834,43.811834
julia-aa-regular,render,1512,982,FAST,FAST,DirectDoubleRenderBackend,first_visible_publish_ms,3,12.111583,16.772542,16.772542
julia-aa-regular,render,1512,982,FAST,FAST,DirectDoubleRenderBackend,full_publish_ms,3,261.393125,261.93775,261.93775
julia-aa-regular,render,1512,982,FAST,FAST,DirectDoubleRenderBackend,first_post_layout_ms,3,13.730666,20.107875,20.107875
julia-aa-regular,render,1512,982,FAST,FAST,DirectDoubleRenderBackend,full_post_layout_ms,3,261.4165,262.029625,262.029625
julia-aa-regular,render,1512,982,FAST,FAST,DirectDoubleRenderBackend,base_fx_work_ms,3,12.181876,13.132958,13.132958
julia-aa-regular,render,1512,982,FAST,FAST,DirectDoubleRenderBackend,aa_fx_work_ms,3,1.562723,1.564946,1.564946
julia-aa-regular,render,1512,982,REFINED,REFINED,DirectDoubleRenderBackend,fx_dispatch_ms,3,0.012625,0.013417,0.013417
julia-aa-regular,render,1512,982,REFINED,REFINED,DirectDoubleRenderBackend,plan_ms,3,0.456333,0.507625,0.507625
julia-aa-regular,render,1512,982,REFINED,REFINED,DirectDoubleRenderBackend,first_backend_region_ms,3,1.200875,1.208625,1.208625
julia-aa-regular,render,1512,982,REFINED,REFINED,DirectDoubleRenderBackend,backend_ms,3,22.1245,22.727333,22.727333
julia-aa-regular,render,1512,982,REFINED,REFINED,DirectDoubleRenderBackend,base_complete_ms,3,22.830834,23.654084,23.654084
julia-aa-regular,render,1512,982,REFINED,REFINED,DirectDoubleRenderBackend,aa_ms,3,214.440208,218.285166,218.285166
julia-aa-regular,render,1512,982,REFINED,REFINED,DirectDoubleRenderBackend,first_aa_publish_ms,3,32.673209,37.394584,37.394584
julia-aa-regular,render,1512,982,REFINED,REFINED,DirectDoubleRenderBackend,first_visible_publish_ms,3,32.673209,37.394584,37.394584
julia-aa-regular,render,1512,982,REFINED,REFINED,DirectDoubleRenderBackend,full_publish_ms,3,241.65625,244.402959,244.402959
julia-aa-regular,render,1512,982,REFINED,REFINED,DirectDoubleRenderBackend,first_post_layout_ms,3,39.057417,41.333917,41.333917
julia-aa-regular,render,1512,982,REFINED,REFINED,DirectDoubleRenderBackend,full_post_layout_ms,3,241.690125,245.033209,245.033209
julia-aa-regular,render,1512,982,REFINED,REFINED,DirectDoubleRenderBackend,base_fx_work_ms,3,4.313209,4.321125,4.321125
julia-aa-regular,render,1512,982,REFINED,REFINED,DirectDoubleRenderBackend,aa_fx_work_ms,3,1.750827,1.816824,1.816824
mandelbrot-aa-deterministic_jitter,render,1512,982,FAST,FAST,DirectDoubleRenderBackend,fx_dispatch_ms,3,0.012958,0.013042,0.013042
mandelbrot-aa-deterministic_jitter,render,1512,982,FAST,FAST,DirectDoubleRenderBackend,plan_ms,3,0.472208,0.493959,0.493959
mandelbrot-aa-deterministic_jitter,render,1512,982,FAST,FAST,DirectDoubleRenderBackend,first_backend_region_ms,3,0.78775,0.854708,0.854708
mandelbrot-aa-deterministic_jitter,render,1512,982,FAST,FAST,DirectDoubleRenderBackend,backend_ms,3,10.151291,11.688458,11.688458
mandelbrot-aa-deterministic_jitter,render,1512,982,FAST,FAST,DirectDoubleRenderBackend,base_complete_ms,3,23.959417,24.431333,24.431333
mandelbrot-aa-deterministic_jitter,render,1512,982,FAST,FAST,DirectDoubleRenderBackend,first_base_publish_ms,3,0.87425,1.098042,1.098042
mandelbrot-aa-deterministic_jitter,render,1512,982,FAST,FAST,DirectDoubleRenderBackend,base_full_publish_ms,3,23.994292,24.457125,24.457125
mandelbrot-aa-deterministic_jitter,render,1512,982,FAST,FAST,DirectDoubleRenderBackend,aa_ms,3,56.950042,58.439667,58.439667
mandelbrot-aa-deterministic_jitter,render,1512,982,FAST,FAST,DirectDoubleRenderBackend,first_aa_publish_ms,3,25.45175,26.07875,26.07875
mandelbrot-aa-deterministic_jitter,render,1512,982,FAST,FAST,DirectDoubleRenderBackend,first_visible_publish_ms,3,0.87425,1.098042,1.098042
mandelbrot-aa-deterministic_jitter,render,1512,982,FAST,FAST,DirectDoubleRenderBackend,full_publish_ms,3,80.9585,82.909291,82.909291
mandelbrot-aa-deterministic_jitter,render,1512,982,FAST,FAST,DirectDoubleRenderBackend,first_post_layout_ms,3,7.398,7.554708,7.554708
mandelbrot-aa-deterministic_jitter,render,1512,982,FAST,FAST,DirectDoubleRenderBackend,full_post_layout_ms,3,81.048042,82.942375,82.942375
mandelbrot-aa-deterministic_jitter,render,1512,982,FAST,FAST,DirectDoubleRenderBackend,base_fx_work_ms,3,11.018792,11.050249,11.050249
mandelbrot-aa-deterministic_jitter,render,1512,982,FAST,FAST,DirectDoubleRenderBackend,aa_fx_work_ms,3,1.445541,5.271169,5.271169
mandelbrot-aa-deterministic_jitter,render,1512,982,REFINED,REFINED,DirectDoubleRenderBackend,fx_dispatch_ms,3,0.014667,0.01875,0.01875
mandelbrot-aa-deterministic_jitter,render,1512,982,REFINED,REFINED,DirectDoubleRenderBackend,plan_ms,3,4.062958,5.440458,5.440458
mandelbrot-aa-deterministic_jitter,render,1512,982,REFINED,REFINED,DirectDoubleRenderBackend,first_backend_region_ms,3,4.516042,5.937125,5.937125
mandelbrot-aa-deterministic_jitter,render,1512,982,REFINED,REFINED,DirectDoubleRenderBackend,backend_ms,3,10.829917,11.313083,11.313083
mandelbrot-aa-deterministic_jitter,render,1512,982,REFINED,REFINED,DirectDoubleRenderBackend,base_complete_ms,3,15.407875,17.2665,17.2665
mandelbrot-aa-deterministic_jitter,render,1512,982,REFINED,REFINED,DirectDoubleRenderBackend,aa_ms,3,62.987084,67.311083,67.311083
mandelbrot-aa-deterministic_jitter,render,1512,982,REFINED,REFINED,DirectDoubleRenderBackend,first_aa_publish_ms,3,21.699583,22.72575,22.72575
mandelbrot-aa-deterministic_jitter,render,1512,982,REFINED,REFINED,DirectDoubleRenderBackend,first_visible_publish_ms,3,21.699583,22.72575,22.72575
mandelbrot-aa-deterministic_jitter,render,1512,982,REFINED,REFINED,DirectDoubleRenderBackend,full_publish_ms,3,82.917333,83.359542,83.359542
mandelbrot-aa-deterministic_jitter,render,1512,982,REFINED,REFINED,DirectDoubleRenderBackend,first_post_layout_ms,3,41.931042,48.024625,48.024625
mandelbrot-aa-deterministic_jitter,render,1512,982,REFINED,REFINED,DirectDoubleRenderBackend,full_post_layout_ms,3,83.037375,83.469459,83.469459
mandelbrot-aa-deterministic_jitter,render,1512,982,REFINED,REFINED,DirectDoubleRenderBackend,base_fx_work_ms,3,4.480332,4.533958,4.533958
mandelbrot-aa-deterministic_jitter,render,1512,982,REFINED,REFINED,DirectDoubleRenderBackend,aa_fx_work_ms,3,1.432117,1.452881,1.452881
julia-aa-deterministic_jitter,render,1512,982,FAST,FAST,DirectDoubleRenderBackend,fx_dispatch_ms,3,0.013667,0.013875,0.013875
julia-aa-deterministic_jitter,render,1512,982,FAST,FAST,DirectDoubleRenderBackend,plan_ms,3,0.557958,1.698833,1.698833
julia-aa-deterministic_jitter,render,1512,982,FAST,FAST,DirectDoubleRenderBackend,first_backend_region_ms,3,1.311375,2.770917,2.770917
julia-aa-deterministic_jitter,render,1512,982,FAST,FAST,DirectDoubleRenderBackend,backend_ms,3,22.399583,27.036917,27.036917
julia-aa-deterministic_jitter,render,1512,982,FAST,FAST,DirectDoubleRenderBackend,base_complete_ms,3,35.756084,36.143458,36.143458
julia-aa-deterministic_jitter,render,1512,982,FAST,FAST,DirectDoubleRenderBackend,first_base_publish_ms,3,3.888292,6.448083,6.448083
julia-aa-deterministic_jitter,render,1512,982,FAST,FAST,DirectDoubleRenderBackend,base_full_publish_ms,3,35.789584,36.170542,36.170542
julia-aa-deterministic_jitter,render,1512,982,FAST,FAST,DirectDoubleRenderBackend,aa_ms,3,229.720083,264.833334,264.833334
julia-aa-deterministic_jitter,render,1512,982,FAST,FAST,DirectDoubleRenderBackend,first_aa_publish_ms,3,46.792,48.854917,48.854917
julia-aa-deterministic_jitter,render,1512,982,FAST,FAST,DirectDoubleRenderBackend,first_visible_publish_ms,3,3.888292,6.448083,6.448083
julia-aa-deterministic_jitter,render,1512,982,FAST,FAST,DirectDoubleRenderBackend,full_publish_ms,3,263.571625,301.020792,301.020792
julia-aa-deterministic_jitter,render,1512,982,FAST,FAST,DirectDoubleRenderBackend,first_post_layout_ms,3,11.816209,13.617833,13.617833
julia-aa-deterministic_jitter,render,1512,982,FAST,FAST,DirectDoubleRenderBackend,full_post_layout_ms,3,263.654583,301.107,301.107
julia-aa-deterministic_jitter,render,1512,982,FAST,FAST,DirectDoubleRenderBackend,base_fx_work_ms,3,12.735208,14.060541,14.060541
julia-aa-deterministic_jitter,render,1512,982,FAST,FAST,DirectDoubleRenderBackend,aa_fx_work_ms,3,1.579647,1.730789,1.730789
julia-aa-deterministic_jitter,render,1512,982,REFINED,REFINED,DirectDoubleRenderBackend,fx_dispatch_ms,3,0.013291,0.014125,0.014125
julia-aa-deterministic_jitter,render,1512,982,REFINED,REFINED,DirectDoubleRenderBackend,plan_ms,3,0.577167,0.599416,0.599416
julia-aa-deterministic_jitter,render,1512,982,REFINED,REFINED,DirectDoubleRenderBackend,first_backend_region_ms,3,1.276083,1.318958,1.318958
julia-aa-deterministic_jitter,render,1512,982,REFINED,REFINED,DirectDoubleRenderBackend,backend_ms,3,23.076125,29.406292,29.406292
julia-aa-deterministic_jitter,render,1512,982,REFINED,REFINED,DirectDoubleRenderBackend,base_complete_ms,3,23.971791,30.395916,30.395916
julia-aa-deterministic_jitter,render,1512,982,REFINED,REFINED,DirectDoubleRenderBackend,aa_ms,3,222.1575,225.411917,225.411917
julia-aa-deterministic_jitter,render,1512,982,REFINED,REFINED,DirectDoubleRenderBackend,first_aa_publish_ms,3,38.127458,42.403791,42.403791
julia-aa-deterministic_jitter,render,1512,982,REFINED,REFINED,DirectDoubleRenderBackend,first_visible_publish_ms,3,38.127458,42.403791,42.403791
julia-aa-deterministic_jitter,render,1512,982,REFINED,REFINED,DirectDoubleRenderBackend,full_publish_ms,3,253.547875,256.891625,256.891625
julia-aa-deterministic_jitter,render,1512,982,REFINED,REFINED,DirectDoubleRenderBackend,first_post_layout_ms,3,40.203625,44.2805,44.2805
julia-aa-deterministic_jitter,render,1512,982,REFINED,REFINED,DirectDoubleRenderBackend,full_post_layout_ms,3,254.691083,260.946166,260.946166
julia-aa-deterministic_jitter,render,1512,982,REFINED,REFINED,DirectDoubleRenderBackend,base_fx_work_ms,3,4.2785,4.293875,4.293875
julia-aa-deterministic_jitter,render,1512,982,REFINED,REFINED,DirectDoubleRenderBackend,aa_fx_work_ms,3,1.679276,1.683604,1.683604
julia-aa-retained,render,1512,982,FAST,FAST,DirectDoubleRenderBackend,fx_dispatch_ms,3,0.013542,0.018916,0.018916
julia-aa-retained,render,1512,982,FAST,FAST,DirectDoubleRenderBackend,plan_ms,3,0.502,0.542041,0.542041
julia-aa-retained,render,1512,982,FAST,FAST,DirectDoubleRenderBackend,first_backend_region_ms,3,1.204791,1.303917,1.303917
julia-aa-retained,render,1512,982,FAST,FAST,DirectDoubleRenderBackend,backend_ms,3,23.586917,23.71325,23.71325
julia-aa-retained,render,1512,982,FAST,FAST,DirectDoubleRenderBackend,base_complete_ms,3,33.279875,34.26025,34.26025
julia-aa-retained,render,1512,982,FAST,FAST,DirectDoubleRenderBackend,first_base_publish_ms,3,5.468875,5.611917,5.611917
julia-aa-retained,render,1512,982,FAST,FAST,DirectDoubleRenderBackend,base_full_publish_ms,3,33.310292,34.285375,34.285375
julia-aa-retained,render,1512,982,FAST,FAST,DirectDoubleRenderBackend,aa_prepare_ms,3,213.49775,241.889083,241.889083
julia-aa-retained,render,1512,982,FAST,FAST,DirectDoubleRenderBackend,aa_ms,3,41.369792,48.849416,48.849416
julia-aa-retained,render,1512,982,FAST,FAST,DirectDoubleRenderBackend,first_aa_publish_ms,3,258.16425,286.907916,286.907916
julia-aa-retained,render,1512,982,FAST,FAST,DirectDoubleRenderBackend,first_visible_publish_ms,3,5.468875,5.611917,5.611917
julia-aa-retained,render,1512,982,FAST,FAST,DirectDoubleRenderBackend,full_publish_ms,3,287.792917,325.036791,325.036791
julia-aa-retained,render,1512,982,FAST,FAST,DirectDoubleRenderBackend,first_post_layout_ms,3,7.700917,8.883833,8.883833
julia-aa-retained,render,1512,982,FAST,FAST,DirectDoubleRenderBackend,full_post_layout_ms,3,287.881333,325.117916,325.117916
julia-aa-retained,render,1512,982,FAST,FAST,DirectDoubleRenderBackend,base_fx_work_ms,3,12.072001,12.882791,12.882791
julia-aa-retained,render,1512,982,FAST,FAST,DirectDoubleRenderBackend,aa_fx_work_ms,3,1.327201,1.365102,1.365102
julia-aa-retained,render,1512,982,REFINED,REFINED,DirectDoubleRenderBackend,fx_dispatch_ms,3,0.014458,0.014666,0.014666
julia-aa-retained,render,1512,982,REFINED,REFINED,DirectDoubleRenderBackend,plan_ms,3,0.835417,1.12275,1.12275
julia-aa-retained,render,1512,982,REFINED,REFINED,DirectDoubleRenderBackend,first_backend_region_ms,3,1.711666,1.824792,1.824792
julia-aa-retained,render,1512,982,REFINED,REFINED,DirectDoubleRenderBackend,backend_ms,3,30.821167,32.222375,32.222375
julia-aa-retained,render,1512,982,REFINED,REFINED,DirectDoubleRenderBackend,base_complete_ms,3,31.8205,33.679792,33.679792
julia-aa-retained,render,1512,982,REFINED,REFINED,DirectDoubleRenderBackend,aa_prepare_ms,3,218.472083,225.965875,225.965875
julia-aa-retained,render,1512,982,REFINED,REFINED,DirectDoubleRenderBackend,aa_ms,3,41.72575,45.0375,45.0375
julia-aa-retained,render,1512,982,REFINED,REFINED,DirectDoubleRenderBackend,first_aa_publish_ms,3,267.861666,274.840292,274.840292
julia-aa-retained,render,1512,982,REFINED,REFINED,DirectDoubleRenderBackend,first_visible_publish_ms,3,267.861666,274.840292,274.840292
julia-aa-retained,render,1512,982,REFINED,REFINED,DirectDoubleRenderBackend,full_publish_ms,3,299.561708,305.82975,305.82975
julia-aa-retained,render,1512,982,REFINED,REFINED,DirectDoubleRenderBackend,first_post_layout_ms,3,285.187208,289.307375,289.307375
julia-aa-retained,render,1512,982,REFINED,REFINED,DirectDoubleRenderBackend,full_post_layout_ms,3,299.654875,305.857583,305.857583
julia-aa-retained,render,1512,982,REFINED,REFINED,DirectDoubleRenderBackend,base_fx_work_ms,3,4.348708,4.426833,4.426833
julia-aa-retained,render,1512,982,REFINED,REFINED,DirectDoubleRenderBackend,aa_fx_work_ms,3,1.381602,1.443431,1.443431
mandelbrot-histogram-aa,render,1512,982,FAST,FAST,DirectDoubleRenderBackend,fx_dispatch_ms,3,0.012708,0.012959,0.012959
mandelbrot-histogram-aa,render,1512,982,FAST,FAST,DirectDoubleRenderBackend,plan_ms,3,1.330625,1.344958,1.344958
mandelbrot-histogram-aa,render,1512,982,FAST,FAST,DirectDoubleRenderBackend,first_backend_region_ms,3,1.935583,2.005417,2.005417
mandelbrot-histogram-aa,render,1512,982,FAST,FAST,DirectDoubleRenderBackend,backend_ms,3,30.676125,32.835292,32.835292
mandelbrot-histogram-aa,render,1512,982,FAST,FAST,DirectDoubleRenderBackend,base_complete_ms,3,38.670584,44.227542,44.227542
mandelbrot-histogram-aa,render,1512,982,FAST,FAST,DirectDoubleRenderBackend,first_base_publish_ms,3,4.164625,4.755917,4.755917
mandelbrot-histogram-aa,render,1512,982,FAST,FAST,DirectDoubleRenderBackend,base_full_publish_ms,3,60.963208,67.438334,67.438334
mandelbrot-histogram-aa,render,1512,982,FAST,FAST,DirectDoubleRenderBackend,aa_ms,3,243.091792,247.718834,247.718834
mandelbrot-histogram-aa,render,1512,982,FAST,FAST,DirectDoubleRenderBackend,first_aa_publish_ms,3,74.098042,79.712959,79.712959
mandelbrot-histogram-aa,render,1512,982,FAST,FAST,DirectDoubleRenderBackend,first_visible_publish_ms,3,4.164625,4.755917,4.755917
mandelbrot-histogram-aa,render,1512,982,FAST,FAST,DirectDoubleRenderBackend,full_publish_ms,3,308.694458,309.601584,309.601584
mandelbrot-histogram-aa,render,1512,982,FAST,FAST,DirectDoubleRenderBackend,first_post_layout_ms,3,6.720083,12.274917,12.274917
mandelbrot-histogram-aa,render,1512,982,FAST,FAST,DirectDoubleRenderBackend,full_post_layout_ms,3,308.718292,313.690625,313.690625
mandelbrot-histogram-aa,render,1512,982,FAST,FAST,DirectDoubleRenderBackend,base_fx_work_ms,3,33.972291,34.640709,34.640709
mandelbrot-histogram-aa,render,1512,982,FAST,FAST,DirectDoubleRenderBackend,aa_fx_work_ms,3,1.483212,1.530348,1.530348
mandelbrot-histogram-aa,render,1512,982,REFINED,REFINED,DirectDoubleRenderBackend,fx_dispatch_ms,3,0.012959,0.014708,0.014708
mandelbrot-histogram-aa,render,1512,982,REFINED,REFINED,DirectDoubleRenderBackend,plan_ms,3,1.230958,1.365333,1.365333
mandelbrot-histogram-aa,render,1512,982,REFINED,REFINED,DirectDoubleRenderBackend,first_backend_region_ms,3,1.860916,1.957375,1.957375
mandelbrot-histogram-aa,render,1512,982,REFINED,REFINED,DirectDoubleRenderBackend,backend_ms,3,29.897334,30.511625,30.511625
mandelbrot-histogram-aa,render,1512,982,REFINED,REFINED,DirectDoubleRenderBackend,base_complete_ms,3,31.713333,32.178084,32.178084
mandelbrot-histogram-aa,render,1512,982,REFINED,REFINED,DirectDoubleRenderBackend,aa_ms,3,243.294167,251.2775,251.2775
mandelbrot-histogram-aa,render,1512,982,REFINED,REFINED,DirectDoubleRenderBackend,first_aa_publish_ms,3,51.784375,53.573084,53.573084
mandelbrot-histogram-aa,render,1512,982,REFINED,REFINED,DirectDoubleRenderBackend,first_visible_publish_ms,3,51.784375,53.573084,53.573084
mandelbrot-histogram-aa,render,1512,982,REFINED,REFINED,DirectDoubleRenderBackend,full_publish_ms,3,283.426625,290.292791,290.292791
mandelbrot-histogram-aa,render,1512,982,REFINED,REFINED,DirectDoubleRenderBackend,first_post_layout_ms,3,55.865334,56.339708,56.339708
mandelbrot-histogram-aa,render,1512,982,REFINED,REFINED,DirectDoubleRenderBackend,full_post_layout_ms,3,286.636416,290.313166,290.313166
mandelbrot-histogram-aa,render,1512,982,REFINED,REFINED,DirectDoubleRenderBackend,base_fx_work_ms,3,7.92146,7.980293,7.980293
mandelbrot-histogram-aa,render,1512,982,REFINED,REFINED,DirectDoubleRenderBackend,aa_fx_work_ms,3,1.565032,1.582885,1.582885
mandelbrot-trap-aa,render,1512,982,FAST,FAST,DirectDoubleRenderBackend,fx_dispatch_ms,3,0.014416,0.01675,0.01675
mandelbrot-trap-aa,render,1512,982,FAST,FAST,DirectDoubleRenderBackend,plan_ms,3,1.329541,1.382792,1.382792
mandelbrot-trap-aa,render,1512,982,FAST,FAST,DirectDoubleRenderBackend,first_backend_region_ms,3,1.929417,2.134792,2.134792
mandelbrot-trap-aa,render,1512,982,FAST,FAST,DirectDoubleRenderBackend,backend_ms,3,77.2965,80.383125,80.383125
mandelbrot-trap-aa,render,1512,982,FAST,FAST,DirectDoubleRenderBackend,base_complete_ms,3,82.656459,83.302541,83.302541
mandelbrot-trap-aa,render,1512,982,FAST,FAST,DirectDoubleRenderBackend,first_base_publish_ms,3,3.293917,6.526375,6.526375
mandelbrot-trap-aa,render,1512,982,FAST,FAST,DirectDoubleRenderBackend,base_full_publish_ms,3,82.68375,83.33125,83.33125
mandelbrot-trap-aa,render,1512,982,FAST,FAST,DirectDoubleRenderBackend,aa_ms,3,264.505167,267.087541,267.087541
mandelbrot-trap-aa,render,1512,982,FAST,FAST,DirectDoubleRenderBackend,first_aa_publish_ms,3,100.937792,101.481291,101.481291
mandelbrot-trap-aa,render,1512,982,FAST,FAST,DirectDoubleRenderBackend,first_visible_publish_ms,3,3.293917,6.526375,6.526375
mandelbrot-trap-aa,render,1512,982,FAST,FAST,DirectDoubleRenderBackend,full_publish_ms,3,346.183542,349.784292,349.784292
mandelbrot-trap-aa,render,1512,982,FAST,FAST,DirectDoubleRenderBackend,first_post_layout_ms,3,6.948125,7.428791,7.428791
mandelbrot-trap-aa,render,1512,982,FAST,FAST,DirectDoubleRenderBackend,full_post_layout_ms,3,346.236583,349.814542,349.814542
mandelbrot-trap-aa,render,1512,982,FAST,FAST,DirectDoubleRenderBackend,base_fx_work_ms,3,17.804252,17.9095,17.9095
mandelbrot-trap-aa,render,1512,982,FAST,FAST,DirectDoubleRenderBackend,aa_fx_work_ms,3,1.582381,1.614835,1.614835
mandelbrot-trap-aa,render,1512,982,REFINED,REFINED,DirectDoubleRenderBackend,fx_dispatch_ms,3,0.011792,0.012458,0.012458
mandelbrot-trap-aa,render,1512,982,REFINED,REFINED,DirectDoubleRenderBackend,plan_ms,3,1.367459,1.39075,1.39075
mandelbrot-trap-aa,render,1512,982,REFINED,REFINED,DirectDoubleRenderBackend,first_backend_region_ms,3,1.973458,2.036875,2.036875
mandelbrot-trap-aa,render,1512,982,REFINED,REFINED,DirectDoubleRenderBackend,backend_ms,3,74.347083,75.4075,75.4075
mandelbrot-trap-aa,render,1512,982,REFINED,REFINED,DirectDoubleRenderBackend,base_complete_ms,3,76.077083,76.964084,76.964084
mandelbrot-trap-aa,render,1512,982,REFINED,REFINED,DirectDoubleRenderBackend,aa_ms,3,263.666333,280.318041,280.318041
mandelbrot-trap-aa,render,1512,982,REFINED,REFINED,DirectDoubleRenderBackend,first_aa_publish_ms,3,98.269,98.850584,98.850584
mandelbrot-trap-aa,render,1512,982,REFINED,REFINED,DirectDoubleRenderBackend,first_visible_publish_ms,3,98.269,98.850584,98.850584
mandelbrot-trap-aa,render,1512,982,REFINED,REFINED,DirectDoubleRenderBackend,full_publish_ms,3,343.969333,360.648833,360.648833
mandelbrot-trap-aa,render,1512,982,REFINED,REFINED,DirectDoubleRenderBackend,first_post_layout_ms,3,106.426209,106.537041,106.537041
mandelbrot-trap-aa,render,1512,982,REFINED,REFINED,DirectDoubleRenderBackend,full_post_layout_ms,3,347.815125,360.768083,360.768083
mandelbrot-trap-aa,render,1512,982,REFINED,REFINED,DirectDoubleRenderBackend,base_fx_work_ms,3,4.184791,4.280916,4.280916
mandelbrot-trap-aa,render,1512,982,REFINED,REFINED,DirectDoubleRenderBackend,aa_fx_work_ms,3,1.600049,1.691786,1.691786
deep-glitch,render,1512,982,FAST,FAST,MandelbrotPerturbationRenderBackend,fx_dispatch_ms,3,0.01825,0.01825,0.01825
deep-glitch,render,1512,982,FAST,FAST,MandelbrotPerturbationRenderBackend,plan_ms,3,0.576666,0.581792,0.581792
deep-glitch,render,1512,982,FAST,FAST,MandelbrotPerturbationRenderBackend,first_backend_region_ms,3,2.830583,2.932833,2.932833
deep-glitch,render,1512,982,FAST,FAST,MandelbrotPerturbationRenderBackend,backend_ms,3,1903.556625,1989.079041,1989.079041
deep-glitch,render,1512,982,FAST,FAST,MandelbrotPerturbationRenderBackend,base_complete_ms,3,1904.450458,1990.047125,1990.047125
deep-glitch,render,1512,982,FAST,FAST,MandelbrotPerturbationRenderBackend,first_base_publish_ms,3,3.039708,4.089708,4.089708
deep-glitch,render,1512,982,FAST,FAST,MandelbrotPerturbationRenderBackend,base_full_publish_ms,3,1904.479416,1990.076667,1990.076667
deep-glitch,render,1512,982,FAST,FAST,MandelbrotPerturbationRenderBackend,first_visible_publish_ms,3,3.039708,4.089708,4.089708
deep-glitch,render,1512,982,FAST,FAST,MandelbrotPerturbationRenderBackend,full_publish_ms,3,1904.485416,1990.083667,1990.083667
deep-glitch,render,1512,982,FAST,FAST,MandelbrotPerturbationRenderBackend,first_post_layout_ms,3,6.459625,6.6815,6.6815
deep-glitch,render,1512,982,FAST,FAST,MandelbrotPerturbationRenderBackend,full_post_layout_ms,3,1906.31125,1997.739292,1997.739292
deep-glitch,render,1512,982,FAST,FAST,MandelbrotPerturbationRenderBackend,base_fx_work_ms,3,18.940918,19.216708,19.216708
deep-glitch,render,1512,982,FAST,FAST,MandelbrotPerturbationRenderBackend,aa_fx_work_ms,3,0.0,0.0,0.0
deep-glitch,render,1512,982,REFINED,FAST,MandelbrotPerturbationRenderBackend,fx_dispatch_ms,3,0.016625,0.016666,0.016666
deep-glitch,render,1512,982,REFINED,FAST,MandelbrotPerturbationRenderBackend,plan_ms,3,0.480167,0.601958,0.601958
deep-glitch,render,1512,982,REFINED,FAST,MandelbrotPerturbationRenderBackend,first_backend_region_ms,3,3.674084,3.781833,3.781833
deep-glitch,render,1512,982,REFINED,FAST,MandelbrotPerturbationRenderBackend,backend_ms,3,1967.002,2215.279416,2215.279416
deep-glitch,render,1512,982,REFINED,FAST,MandelbrotPerturbationRenderBackend,base_complete_ms,3,1968.747958,2216.830834,2216.830834
deep-glitch,render,1512,982,REFINED,FAST,MandelbrotPerturbationRenderBackend,first_base_publish_ms,3,4.33125,14.727042,14.727042
deep-glitch,render,1512,982,REFINED,FAST,MandelbrotPerturbationRenderBackend,base_full_publish_ms,3,1968.811291,2216.885417,2216.885417
deep-glitch,render,1512,982,REFINED,FAST,MandelbrotPerturbationRenderBackend,first_visible_publish_ms,3,4.33125,14.727042,14.727042
deep-glitch,render,1512,982,REFINED,FAST,MandelbrotPerturbationRenderBackend,full_publish_ms,3,1968.827833,2216.897417,2216.897417
deep-glitch,render,1512,982,REFINED,FAST,MandelbrotPerturbationRenderBackend,first_post_layout_ms,3,6.297292,22.959417,22.959417
deep-glitch,render,1512,982,REFINED,FAST,MandelbrotPerturbationRenderBackend,full_post_layout_ms,3,1972.372541,2222.527084,2222.527084
deep-glitch,render,1512,982,REFINED,FAST,MandelbrotPerturbationRenderBackend,base_fx_work_ms,3,19.567622,20.897587,20.897587
deep-glitch,render,1512,982,REFINED,FAST,MandelbrotPerturbationRenderBackend,aa_fx_work_ms,3,0.0,0.0,0.0
deep-glitch-aa,render,1512,982,FAST,FAST,MandelbrotPerturbationRenderBackend,fx_dispatch_ms,3,0.013041,0.014542,0.014542
deep-glitch-aa,render,1512,982,FAST,FAST,MandelbrotPerturbationRenderBackend,plan_ms,3,1.139875,2.657208,2.657208
deep-glitch-aa,render,1512,982,FAST,FAST,MandelbrotPerturbationRenderBackend,first_backend_region_ms,3,3.383708,5.694709,5.694709
deep-glitch-aa,render,1512,982,FAST,FAST,MandelbrotPerturbationRenderBackend,backend_ms,3,1882.513666,1882.719042,1882.719042
deep-glitch-aa,render,1512,982,FAST,FAST,MandelbrotPerturbationRenderBackend,base_complete_ms,3,1883.359708,1886.425,1886.425
deep-glitch-aa,render,1512,982,FAST,FAST,MandelbrotPerturbationRenderBackend,first_base_publish_ms,3,6.491167,17.246958,17.246958
deep-glitch-aa,render,1512,982,FAST,FAST,MandelbrotPerturbationRenderBackend,base_full_publish_ms,3,1883.403958,1886.474792,1886.474792
deep-glitch-aa,render,1512,982,FAST,FAST,MandelbrotPerturbationRenderBackend,aa_ms,3,2947.648959,3192.25975,3192.25975
deep-glitch-aa,render,1512,982,FAST,FAST,MandelbrotPerturbationRenderBackend,first_aa_publish_ms,3,1890.322208,1894.003542,1894.003542
deep-glitch-aa,render,1512,982,FAST,FAST,MandelbrotPerturbationRenderBackend,first_visible_publish_ms,3,6.491167,17.246958,17.246958
deep-glitch-aa,render,1512,982,FAST,FAST,MandelbrotPerturbationRenderBackend,full_publish_ms,3,4820.9225,5078.805834,5078.805834
deep-glitch-aa,render,1512,982,FAST,FAST,MandelbrotPerturbationRenderBackend,first_post_layout_ms,3,13.208959,23.015625,23.015625
deep-glitch-aa,render,1512,982,FAST,FAST,MandelbrotPerturbationRenderBackend,full_post_layout_ms,3,4824.298833,5079.78175,5079.78175
deep-glitch-aa,render,1512,982,FAST,FAST,MandelbrotPerturbationRenderBackend,base_fx_work_ms,3,17.878416,17.912206,17.912206
deep-glitch-aa,render,1512,982,FAST,FAST,MandelbrotPerturbationRenderBackend,aa_fx_work_ms,3,2.71812,2.777887,2.777887
deep-glitch-aa,render,1512,982,REFINED,FAST,MandelbrotPerturbationRenderBackend,fx_dispatch_ms,3,0.012417,0.01475,0.01475
deep-glitch-aa,render,1512,982,REFINED,FAST,MandelbrotPerturbationRenderBackend,plan_ms,3,1.080834,13.700083,13.700083
deep-glitch-aa,render,1512,982,REFINED,FAST,MandelbrotPerturbationRenderBackend,first_backend_region_ms,3,3.6585,21.503208,21.503208
deep-glitch-aa,render,1512,982,REFINED,FAST,MandelbrotPerturbationRenderBackend,backend_ms,3,1815.185208,1910.213792,1910.213792
deep-glitch-aa,render,1512,982,REFINED,FAST,MandelbrotPerturbationRenderBackend,base_complete_ms,3,1816.19225,1929.062958,1929.062958
deep-glitch-aa,render,1512,982,REFINED,FAST,MandelbrotPerturbationRenderBackend,first_base_publish_ms,3,14.222208,33.058917,33.058917
deep-glitch-aa,render,1512,982,REFINED,FAST,MandelbrotPerturbationRenderBackend,base_full_publish_ms,3,1816.206375,1929.099708,1929.099708
deep-glitch-aa,render,1512,982,REFINED,FAST,MandelbrotPerturbationRenderBackend,aa_ms,3,2988.503792,3016.398542,3016.398542
deep-glitch-aa,render,1512,982,REFINED,FAST,MandelbrotPerturbationRenderBackend,first_aa_publish_ms,3,1822.059792,1935.598083,1935.598083
deep-glitch-aa,render,1512,982,REFINED,FAST,MandelbrotPerturbationRenderBackend,first_visible_publish_ms,3,14.222208,33.058917,33.058917
deep-glitch-aa,render,1512,982,REFINED,FAST,MandelbrotPerturbationRenderBackend,full_publish_ms,3,4832.615334,4893.815833,4893.815833
deep-glitch-aa,render,1512,982,REFINED,FAST,MandelbrotPerturbationRenderBackend,first_post_layout_ms,3,15.746875,44.217333,44.217333
deep-glitch-aa,render,1512,982,REFINED,FAST,MandelbrotPerturbationRenderBackend,full_post_layout_ms,3,4839.528542,4897.322917,4897.322917
deep-glitch-aa,render,1512,982,REFINED,FAST,MandelbrotPerturbationRenderBackend,base_fx_work_ms,3,18.072464,18.905122,18.905122
deep-glitch-aa,render,1512,982,REFINED,FAST,MandelbrotPerturbationRenderBackend,aa_fx_work_ms,3,2.742146,2.748225,2.748225
deep-bla,render,1512,982,FAST,FAST,MandelbrotPerturbationRenderBackend,fx_dispatch_ms,3,0.011625,0.01225,0.01225
deep-bla,render,1512,982,FAST,FAST,MandelbrotPerturbationRenderBackend,plan_ms,3,0.436375,0.47325,0.47325
deep-bla,render,1512,982,FAST,FAST,MandelbrotPerturbationRenderBackend,first_backend_region_ms,3,2.668834,2.671416,2.671416
deep-bla,render,1512,982,FAST,FAST,MandelbrotPerturbationRenderBackend,backend_ms,3,134.608334,137.328667,137.328667
deep-bla,render,1512,982,FAST,FAST,MandelbrotPerturbationRenderBackend,base_complete_ms,3,137.402458,139.633792,139.633792
deep-bla,render,1512,982,FAST,FAST,MandelbrotPerturbationRenderBackend,first_base_publish_ms,3,2.707959,2.782041,2.782041
deep-bla,render,1512,982,FAST,FAST,MandelbrotPerturbationRenderBackend,base_full_publish_ms,3,137.412708,139.646709,139.646709
deep-bla,render,1512,982,FAST,FAST,MandelbrotPerturbationRenderBackend,first_visible_publish_ms,3,2.707959,2.782041,2.782041
deep-bla,render,1512,982,FAST,FAST,MandelbrotPerturbationRenderBackend,full_publish_ms,3,137.415375,139.649417,139.649417
deep-bla,render,1512,982,FAST,FAST,MandelbrotPerturbationRenderBackend,first_post_layout_ms,3,6.90525,7.216875,7.216875
deep-bla,render,1512,982,FAST,FAST,MandelbrotPerturbationRenderBackend,full_post_layout_ms,3,140.059958,140.063708,140.063708
deep-bla,render,1512,982,FAST,FAST,MandelbrotPerturbationRenderBackend,base_fx_work_ms,3,13.697291,14.076669,14.076669
deep-bla,render,1512,982,FAST,FAST,MandelbrotPerturbationRenderBackend,aa_fx_work_ms,3,0.0,0.0,0.0
deep-bla,render,1512,982,REFINED,FAST,MandelbrotPerturbationRenderBackend,fx_dispatch_ms,3,0.013459,0.014917,0.014917
deep-bla,render,1512,982,REFINED,FAST,MandelbrotPerturbationRenderBackend,plan_ms,3,1.24325,3.840666,3.840666
deep-bla,render,1512,982,REFINED,FAST,MandelbrotPerturbationRenderBackend,first_backend_region_ms,3,6.804875,7.9935,7.9935
deep-bla,render,1512,982,REFINED,FAST,MandelbrotPerturbationRenderBackend,backend_ms,3,138.115542,140.465708,140.465708
deep-bla,render,1512,982,REFINED,FAST,MandelbrotPerturbationRenderBackend,base_complete_ms,3,143.309959,145.173459,145.173459
deep-bla,render,1512,982,REFINED,FAST,MandelbrotPerturbationRenderBackend,first_base_publish_ms,3,6.85625,8.087917,8.087917
deep-bla,render,1512,982,REFINED,FAST,MandelbrotPerturbationRenderBackend,base_full_publish_ms,3,143.323042,145.191292,145.191292
deep-bla,render,1512,982,REFINED,FAST,MandelbrotPerturbationRenderBackend,first_visible_publish_ms,3,6.85625,8.087917,8.087917
deep-bla,render,1512,982,REFINED,FAST,MandelbrotPerturbationRenderBackend,full_publish_ms,3,143.326,145.195667,145.195667
deep-bla,render,1512,982,REFINED,FAST,MandelbrotPerturbationRenderBackend,first_post_layout_ms,3,13.835542,14.685417,14.685417
deep-bla,render,1512,982,REFINED,FAST,MandelbrotPerturbationRenderBackend,full_post_layout_ms,3,147.092292,148.200292,148.200292
deep-bla,render,1512,982,REFINED,FAST,MandelbrotPerturbationRenderBackend,base_fx_work_ms,3,14.6525,14.931958,14.931958
deep-bla,render,1512,982,REFINED,FAST,MandelbrotPerturbationRenderBackend,aa_fx_work_ms,3,0.0,0.0,0.0
deep-boundary,render,1512,982,FAST,FAST,MandelbrotPerturbationRenderBackend,fx_dispatch_ms,3,0.011875,0.014792,0.014792
deep-boundary,render,1512,982,FAST,FAST,MandelbrotPerturbationRenderBackend,plan_ms,3,0.47225,0.705083,0.705083
deep-boundary,render,1512,982,FAST,FAST,MandelbrotPerturbationRenderBackend,first_backend_region_ms,3,2.354,2.538083,2.538083
deep-boundary,render,1512,982,FAST,FAST,MandelbrotPerturbationRenderBackend,backend_ms,3,123.285542,124.653917,124.653917
deep-boundary,render,1512,982,FAST,FAST,MandelbrotPerturbationRenderBackend,base_complete_ms,3,124.679209,131.647625,131.647625
deep-boundary,render,1512,982,FAST,FAST,MandelbrotPerturbationRenderBackend,first_base_publish_ms,3,2.458,2.571333,2.571333
deep-boundary,render,1512,982,FAST,FAST,MandelbrotPerturbationRenderBackend,base_full_publish_ms,3,124.687542,131.663166,131.663166
deep-boundary,render,1512,982,FAST,FAST,MandelbrotPerturbationRenderBackend,first_visible_publish_ms,3,2.458,2.571333,2.571333
deep-boundary,render,1512,982,FAST,FAST,MandelbrotPerturbationRenderBackend,full_publish_ms,3,124.689834,131.666958,131.666958
deep-boundary,render,1512,982,FAST,FAST,MandelbrotPerturbationRenderBackend,first_post_layout_ms,3,6.462542,6.78125,6.78125
deep-boundary,render,1512,982,FAST,FAST,MandelbrotPerturbationRenderBackend,full_post_layout_ms,3,131.146459,139.991041,139.991041
deep-boundary,render,1512,982,FAST,FAST,MandelbrotPerturbationRenderBackend,base_fx_work_ms,3,14.849957,18.217458,18.217458
deep-boundary,render,1512,982,FAST,FAST,MandelbrotPerturbationRenderBackend,aa_fx_work_ms,3,0.0,0.0,0.0
deep-boundary,render,1512,982,REFINED,FAST,MandelbrotPerturbationRenderBackend,fx_dispatch_ms,3,0.011334,0.01275,0.01275
deep-boundary,render,1512,982,REFINED,FAST,MandelbrotPerturbationRenderBackend,plan_ms,3,0.436,0.457125,0.457125
deep-boundary,render,1512,982,REFINED,FAST,MandelbrotPerturbationRenderBackend,first_backend_region_ms,3,2.264542,2.422542,2.422542
deep-boundary,render,1512,982,REFINED,FAST,MandelbrotPerturbationRenderBackend,backend_ms,3,122.5515,125.403584,125.403584
deep-boundary,render,1512,982,REFINED,FAST,MandelbrotPerturbationRenderBackend,base_complete_ms,3,124.699667,127.699458,127.699458
deep-boundary,render,1512,982,REFINED,FAST,MandelbrotPerturbationRenderBackend,first_base_publish_ms,3,2.367834,2.539167,2.539167
deep-boundary,render,1512,982,REFINED,FAST,MandelbrotPerturbationRenderBackend,base_full_publish_ms,3,124.725167,127.761875,127.761875
deep-boundary,render,1512,982,REFINED,FAST,MandelbrotPerturbationRenderBackend,first_visible_publish_ms,3,2.367834,2.539167,2.539167
deep-boundary,render,1512,982,REFINED,FAST,MandelbrotPerturbationRenderBackend,full_publish_ms,3,124.727834,127.765416,127.765416
deep-boundary,render,1512,982,REFINED,FAST,MandelbrotPerturbationRenderBackend,first_post_layout_ms,3,7.334084,9.218875,9.218875
deep-boundary,render,1512,982,REFINED,FAST,MandelbrotPerturbationRenderBackend,full_post_layout_ms,3,131.694541,131.714625,131.714625
deep-boundary,render,1512,982,REFINED,FAST,MandelbrotPerturbationRenderBackend,base_fx_work_ms,3,13.951083,14.078292,14.078292
deep-boundary,render,1512,982,REFINED,FAST,MandelbrotPerturbationRenderBackend,aa_fx_work_ms,3,0.0,0.0,0.0
scaled-exponent,render,1512,982,FAST,FAST,MandelbrotPerturbationRenderBackend,fx_dispatch_ms,3,0.014292,0.01575,0.01575
scaled-exponent,render,1512,982,FAST,FAST,MandelbrotPerturbationRenderBackend,plan_ms,3,0.446417,0.481958,0.481958
scaled-exponent,render,1512,982,FAST,FAST,MandelbrotPerturbationRenderBackend,first_backend_region_ms,3,13.590834,14.000417,14.000417
scaled-exponent,render,1512,982,FAST,FAST,MandelbrotPerturbationRenderBackend,backend_ms,3,258.939709,265.18775,265.18775
scaled-exponent,render,1512,982,FAST,FAST,MandelbrotPerturbationRenderBackend,base_complete_ms,3,260.335292,266.615958,266.615958
scaled-exponent,render,1512,982,FAST,FAST,MandelbrotPerturbationRenderBackend,first_base_publish_ms,3,13.68325,14.123833,14.123833
scaled-exponent,render,1512,982,FAST,FAST,MandelbrotPerturbationRenderBackend,base_full_publish_ms,3,260.346333,266.624875,266.624875
scaled-exponent,render,1512,982,FAST,FAST,MandelbrotPerturbationRenderBackend,first_visible_publish_ms,3,13.68325,14.123833,14.123833
scaled-exponent,render,1512,982,FAST,FAST,MandelbrotPerturbationRenderBackend,full_publish_ms,3,260.3495,266.627208,266.627208
scaled-exponent,render,1512,982,FAST,FAST,MandelbrotPerturbationRenderBackend,first_post_layout_ms,3,14.99625,25.564167,25.564167
scaled-exponent,render,1512,982,FAST,FAST,MandelbrotPerturbationRenderBackend,full_post_layout_ms,3,264.982542,272.482792,272.482792
scaled-exponent,render,1512,982,FAST,FAST,MandelbrotPerturbationRenderBackend,base_fx_work_ms,3,13.723544,13.923248,13.923248
scaled-exponent,render,1512,982,FAST,FAST,MandelbrotPerturbationRenderBackend,aa_fx_work_ms,3,0.0,0.0,0.0
scaled-exponent,render,1512,982,REFINED,FAST,MandelbrotPerturbationRenderBackend,fx_dispatch_ms,3,0.011875,0.012042,0.012042
scaled-exponent,render,1512,982,REFINED,FAST,MandelbrotPerturbationRenderBackend,plan_ms,3,0.450958,0.658083,0.658083
scaled-exponent,render,1512,982,REFINED,FAST,MandelbrotPerturbationRenderBackend,first_backend_region_ms,3,13.425542,13.640667,13.640667
scaled-exponent,render,1512,982,REFINED,FAST,MandelbrotPerturbationRenderBackend,backend_ms,3,245.125833,249.41975,249.41975
scaled-exponent,render,1512,982,REFINED,FAST,MandelbrotPerturbationRenderBackend,base_complete_ms,3,246.25625,250.950875,250.950875
scaled-exponent,render,1512,982,REFINED,FAST,MandelbrotPerturbationRenderBackend,first_base_publish_ms,3,13.549375,13.776084,13.776084
scaled-exponent,render,1512,982,REFINED,FAST,MandelbrotPerturbationRenderBackend,base_full_publish_ms,3,246.266959,250.962292,250.962292
scaled-exponent,render,1512,982,REFINED,FAST,MandelbrotPerturbationRenderBackend,first_visible_publish_ms,3,13.549375,13.776084,13.776084
scaled-exponent,render,1512,982,REFINED,FAST,MandelbrotPerturbationRenderBackend,full_publish_ms,3,246.269959,250.96475,250.96475
scaled-exponent,render,1512,982,REFINED,FAST,MandelbrotPerturbationRenderBackend,first_post_layout_ms,3,14.927625,14.990042,14.990042
scaled-exponent,render,1512,982,REFINED,FAST,MandelbrotPerturbationRenderBackend,full_post_layout_ms,3,248.307625,255.958459,255.958459
scaled-exponent,render,1512,982,REFINED,FAST,MandelbrotPerturbationRenderBackend,base_fx_work_ms,3,14.61329,14.770582,14.770582
scaled-exponent,render,1512,982,REFINED,FAST,MandelbrotPerturbationRenderBackend,aa_fx_work_ms,3,0.0,0.0,0.0
direct-deep-reverse,direct,1512,982,FAST,FAST,DirectDoubleRenderBackend,fx_dispatch_ms,3,0.01275,0.016583,0.016583
direct-deep-reverse,direct,1512,982,FAST,FAST,DirectDoubleRenderBackend,plan_ms,3,0.489584,0.537125,0.537125
direct-deep-reverse,direct,1512,982,FAST,FAST,DirectDoubleRenderBackend,first_backend_region_ms,3,5.381125,5.435125,5.435125
direct-deep-reverse,direct,1512,982,FAST,FAST,DirectDoubleRenderBackend,backend_ms,3,621.151667,627.594291,627.594291
direct-deep-reverse,direct,1512,982,FAST,FAST,DirectDoubleRenderBackend,base_complete_ms,3,622.033917,628.713833,628.713833
direct-deep-reverse,direct,1512,982,FAST,FAST,DirectDoubleRenderBackend,first_base_publish_ms,3,5.476167,5.5125,5.5125
direct-deep-reverse,direct,1512,982,FAST,FAST,DirectDoubleRenderBackend,base_full_publish_ms,3,622.045709,628.733417,628.733417
direct-deep-reverse,direct,1512,982,FAST,FAST,DirectDoubleRenderBackend,first_visible_publish_ms,3,5.476167,5.5125,5.5125
direct-deep-reverse,direct,1512,982,FAST,FAST,DirectDoubleRenderBackend,full_publish_ms,3,622.048084,628.738917,628.738917
direct-deep-reverse,direct,1512,982,FAST,FAST,DirectDoubleRenderBackend,first_post_layout_ms,3,6.971125,7.198,7.198
direct-deep-reverse,direct,1512,982,FAST,FAST,DirectDoubleRenderBackend,full_post_layout_ms,3,623.513209,631.728208,631.728208
direct-deep-reverse,direct,1512,982,FAST,FAST,DirectDoubleRenderBackend,base_fx_work_ms,3,15.368294,16.199668,16.199668
direct-deep-reverse,direct,1512,982,FAST,FAST,DirectDoubleRenderBackend,aa_fx_work_ms,3,0.0,0.0,0.0
direct-deep-reverse,deep,1512,982,FAST,FAST,MandelbrotPerturbationRenderBackend,fx_dispatch_ms,3,0.013542,0.026208,0.026208
direct-deep-reverse,deep,1512,982,FAST,FAST,MandelbrotPerturbationRenderBackend,plan_ms,3,0.571,2.0405,2.0405
direct-deep-reverse,deep,1512,982,FAST,FAST,MandelbrotPerturbationRenderBackend,first_backend_region_ms,3,2.689375,4.10575,4.10575
direct-deep-reverse,deep,1512,982,FAST,FAST,MandelbrotPerturbationRenderBackend,backend_ms,3,1772.127458,1864.114375,1864.114375
direct-deep-reverse,deep,1512,982,FAST,FAST,MandelbrotPerturbationRenderBackend,base_complete_ms,3,1772.9295,1866.49225,1866.49225
direct-deep-reverse,deep,1512,982,FAST,FAST,MandelbrotPerturbationRenderBackend,first_base_publish_ms,3,2.756417,4.186334,4.186334
direct-deep-reverse,deep,1512,982,FAST,FAST,MandelbrotPerturbationRenderBackend,base_full_publish_ms,3,1772.94775,1866.510709,1866.510709
direct-deep-reverse,deep,1512,982,FAST,FAST,MandelbrotPerturbationRenderBackend,first_visible_publish_ms,3,2.756417,4.186334,4.186334
direct-deep-reverse,deep,1512,982,FAST,FAST,MandelbrotPerturbationRenderBackend,full_publish_ms,3,1772.950459,1866.513459,1866.513459
direct-deep-reverse,deep,1512,982,FAST,FAST,MandelbrotPerturbationRenderBackend,first_post_layout_ms,3,6.695667,6.806,6.806
direct-deep-reverse,deep,1512,982,FAST,FAST,MandelbrotPerturbationRenderBackend,full_post_layout_ms,3,1781.166,1873.024,1873.024
direct-deep-reverse,deep,1512,982,FAST,FAST,MandelbrotPerturbationRenderBackend,base_fx_work_ms,3,17.868045,18.129792,18.129792
direct-deep-reverse,deep,1512,982,FAST,FAST,MandelbrotPerturbationRenderBackend,aa_fx_work_ms,3,0.0,0.0,0.0
direct-deep-reverse,reverse,1512,982,FAST,FAST,DirectDoubleRenderBackend,fx_dispatch_ms,3,0.014167,0.017791,0.017791
direct-deep-reverse,reverse,1512,982,FAST,FAST,DirectDoubleRenderBackend,plan_ms,3,2.968708,3.339042,3.339042
direct-deep-reverse,reverse,1512,982,FAST,FAST,DirectDoubleRenderBackend,backend_ms,3,307.077666,307.112375,307.112375
direct-deep-reverse,reverse,1512,982,FAST,FAST,DirectDoubleRenderBackend,base_complete_ms,3,321.609334,321.823166,321.823166
direct-deep-reverse,reverse,1512,982,FAST,FAST,DirectDoubleRenderBackend,first_base_publish_ms,3,14.376834,14.659083,14.659083
direct-deep-reverse,reverse,1512,982,FAST,FAST,DirectDoubleRenderBackend,base_full_publish_ms,3,332.761084,332.996125,332.996125
direct-deep-reverse,reverse,1512,982,FAST,FAST,DirectDoubleRenderBackend,first_visible_publish_ms,3,14.376834,14.659083,14.659083
direct-deep-reverse,reverse,1512,982,FAST,FAST,DirectDoubleRenderBackend,full_publish_ms,3,332.763959,332.998916,332.998916
direct-deep-reverse,reverse,1512,982,FAST,FAST,DirectDoubleRenderBackend,first_post_layout_ms,3,14.517792,14.810958,14.810958
direct-deep-reverse,reverse,1512,982,FAST,FAST,DirectDoubleRenderBackend,full_post_layout_ms,3,339.950791,340.035792,340.035792
direct-deep-reverse,reverse,1512,982,FAST,FAST,DirectDoubleRenderBackend,base_fx_work_ms,3,11.172917,11.192041,11.192041
direct-deep-reverse,reverse,1512,982,FAST,FAST,DirectDoubleRenderBackend,aa_fx_work_ms,3,0.0,0.0,0.0
direct-deep-reverse,direct,1512,982,REFINED,FAST,DirectDoubleRenderBackend,fx_dispatch_ms,3,0.0125,0.013,0.013
direct-deep-reverse,direct,1512,982,REFINED,FAST,DirectDoubleRenderBackend,plan_ms,3,0.427875,0.461083,0.461083
direct-deep-reverse,direct,1512,982,REFINED,FAST,DirectDoubleRenderBackend,first_backend_region_ms,3,5.330583,5.349875,5.349875
direct-deep-reverse,direct,1512,982,REFINED,FAST,DirectDoubleRenderBackend,backend_ms,3,612.267208,626.270541,626.270541
direct-deep-reverse,direct,1512,982,REFINED,FAST,DirectDoubleRenderBackend,base_complete_ms,3,613.088125,627.328792,627.328792
direct-deep-reverse,direct,1512,982,REFINED,FAST,DirectDoubleRenderBackend,first_base_publish_ms,3,5.411083,12.542167,12.542167
direct-deep-reverse,direct,1512,982,REFINED,FAST,DirectDoubleRenderBackend,base_full_publish_ms,3,613.098083,627.3425,627.3425
direct-deep-reverse,direct,1512,982,REFINED,FAST,DirectDoubleRenderBackend,first_visible_publish_ms,3,5.411083,12.542167,12.542167
direct-deep-reverse,direct,1512,982,REFINED,FAST,DirectDoubleRenderBackend,full_publish_ms,3,613.100625,627.345333,627.345333
direct-deep-reverse,direct,1512,982,REFINED,FAST,DirectDoubleRenderBackend,first_post_layout_ms,3,7.390417,15.855375,15.855375
direct-deep-reverse,direct,1512,982,REFINED,FAST,DirectDoubleRenderBackend,full_post_layout_ms,3,615.686583,631.770125,631.770125
direct-deep-reverse,direct,1512,982,REFINED,FAST,DirectDoubleRenderBackend,base_fx_work_ms,3,15.50058,16.364456,16.364456
direct-deep-reverse,direct,1512,982,REFINED,FAST,DirectDoubleRenderBackend,aa_fx_work_ms,3,0.0,0.0,0.0
direct-deep-reverse,deep,1512,982,REFINED,FAST,MandelbrotPerturbationRenderBackend,fx_dispatch_ms,3,0.01175,0.012958,0.012958
direct-deep-reverse,deep,1512,982,REFINED,FAST,MandelbrotPerturbationRenderBackend,plan_ms,3,0.462542,2.172459,2.172459
direct-deep-reverse,deep,1512,982,REFINED,FAST,MandelbrotPerturbationRenderBackend,first_backend_region_ms,3,2.530334,4.285792,4.285792
direct-deep-reverse,deep,1512,982,REFINED,FAST,MandelbrotPerturbationRenderBackend,backend_ms,3,1845.466584,1875.818375,1875.818375
direct-deep-reverse,deep,1512,982,REFINED,FAST,MandelbrotPerturbationRenderBackend,base_complete_ms,3,1848.020833,1876.518125,1876.518125
direct-deep-reverse,deep,1512,982,REFINED,FAST,MandelbrotPerturbationRenderBackend,first_base_publish_ms,3,2.746709,14.476792,14.476792
direct-deep-reverse,deep,1512,982,REFINED,FAST,MandelbrotPerturbationRenderBackend,base_full_publish_ms,3,1848.036792,1876.539667,1876.539667
direct-deep-reverse,deep,1512,982,REFINED,FAST,MandelbrotPerturbationRenderBackend,first_visible_publish_ms,3,2.746709,14.476792,14.476792
direct-deep-reverse,deep,1512,982,REFINED,FAST,MandelbrotPerturbationRenderBackend,full_publish_ms,3,1848.03925,1876.542625,1876.542625
direct-deep-reverse,deep,1512,982,REFINED,FAST,MandelbrotPerturbationRenderBackend,first_post_layout_ms,3,6.627792,17.477042,17.477042
direct-deep-reverse,deep,1512,982,REFINED,FAST,MandelbrotPerturbationRenderBackend,full_post_layout_ms,3,1848.337375,1880.792125,1880.792125
direct-deep-reverse,deep,1512,982,REFINED,FAST,MandelbrotPerturbationRenderBackend,base_fx_work_ms,3,17.551335,18.152214,18.152214
direct-deep-reverse,deep,1512,982,REFINED,FAST,MandelbrotPerturbationRenderBackend,aa_fx_work_ms,3,0.0,0.0,0.0
direct-deep-reverse,reverse,1512,982,REFINED,FAST,DirectDoubleRenderBackend,fx_dispatch_ms,3,0.012833,0.013458,0.013458
direct-deep-reverse,reverse,1512,982,REFINED,FAST,DirectDoubleRenderBackend,plan_ms,3,2.948958,3.076625,3.076625
direct-deep-reverse,reverse,1512,982,REFINED,FAST,DirectDoubleRenderBackend,backend_ms,3,305.213042,306.644959,306.644959
direct-deep-reverse,reverse,1512,982,REFINED,FAST,DirectDoubleRenderBackend,base_complete_ms,3,319.689583,321.068166,321.068166
direct-deep-reverse,reverse,1512,982,REFINED,FAST,DirectDoubleRenderBackend,first_base_publish_ms,3,14.338166,14.378125,14.378125
direct-deep-reverse,reverse,1512,982,REFINED,FAST,DirectDoubleRenderBackend,base_full_publish_ms,3,330.876083,332.268166,332.268166
direct-deep-reverse,reverse,1512,982,REFINED,FAST,DirectDoubleRenderBackend,first_visible_publish_ms,3,14.338166,14.378125,14.378125
direct-deep-reverse,reverse,1512,982,REFINED,FAST,DirectDoubleRenderBackend,full_publish_ms,3,330.879375,332.270333,332.270333
direct-deep-reverse,reverse,1512,982,REFINED,FAST,DirectDoubleRenderBackend,first_post_layout_ms,3,14.496708,14.545333,14.545333
direct-deep-reverse,reverse,1512,982,REFINED,FAST,DirectDoubleRenderBackend,full_post_layout_ms,3,340.225208,340.369708,340.369708
direct-deep-reverse,reverse,1512,982,REFINED,FAST,DirectDoubleRenderBackend,base_fx_work_ms,3,11.200042,11.22825,11.22825
direct-deep-reverse,reverse,1512,982,REFINED,FAST,DirectDoubleRenderBackend,aa_fx_work_ms,3,0.0,0.0,0.0
pan-5,source,1512,982,FAST,FAST,DirectDoubleRenderBackend,fx_dispatch_ms,3,0.012834,0.013625,0.013625
pan-5,source,1512,982,FAST,FAST,DirectDoubleRenderBackend,plan_ms,3,0.429542,0.523833,0.523833
pan-5,source,1512,982,FAST,FAST,DirectDoubleRenderBackend,first_backend_region_ms,3,0.895,0.984167,0.984167
pan-5,source,1512,982,FAST,FAST,DirectDoubleRenderBackend,backend_ms,3,39.609625,40.421166,40.421166
pan-5,source,1512,982,FAST,FAST,DirectDoubleRenderBackend,base_complete_ms,3,48.0055,48.184625,48.184625
pan-5,source,1512,982,FAST,FAST,DirectDoubleRenderBackend,first_base_publish_ms,3,1.0185,1.172125,1.172125
pan-5,source,1512,982,FAST,FAST,DirectDoubleRenderBackend,base_full_publish_ms,3,48.015959,48.197375,48.197375
pan-5,source,1512,982,FAST,FAST,DirectDoubleRenderBackend,first_visible_publish_ms,3,1.0185,1.172125,1.172125
pan-5,source,1512,982,FAST,FAST,DirectDoubleRenderBackend,full_publish_ms,3,48.018625,48.200125,48.200125
pan-5,source,1512,982,FAST,FAST,DirectDoubleRenderBackend,first_post_layout_ms,3,7.042334,7.219708,7.219708
pan-5,source,1512,982,FAST,FAST,DirectDoubleRenderBackend,full_post_layout_ms,3,48.539083,56.064667,56.064667
pan-5,source,1512,982,FAST,FAST,DirectDoubleRenderBackend,base_fx_work_ms,3,10.303626,10.643375,10.643375
pan-5,source,1512,982,FAST,FAST,DirectDoubleRenderBackend,aa_fx_work_ms,3,0.0,0.0,0.0
pan-5,pan,1512,982,FAST,FAST,DirectDoubleRenderBackend,fx_dispatch_ms,3,0.012625,0.013834,0.013834
pan-5,pan,1512,982,FAST,FAST,DirectDoubleRenderBackend,plan_ms,3,3.362541,3.367167,3.367167
pan-5,pan,1512,982,FAST,FAST,DirectDoubleRenderBackend,first_backend_region_ms,3,13.246084,13.36725,13.36725
pan-5,pan,1512,982,FAST,FAST,DirectDoubleRenderBackend,backend_ms,3,1.286666,1.319167,1.319167
pan-5,pan,1512,982,FAST,FAST,DirectDoubleRenderBackend,base_complete_ms,3,14.345042,14.514583,14.514583
pan-5,pan,1512,982,FAST,FAST,DirectDoubleRenderBackend,first_base_publish_ms,3,12.545667,12.67,12.67
pan-5,pan,1512,982,FAST,FAST,DirectDoubleRenderBackend,base_full_publish_ms,3,14.360167,14.533167,14.533167
pan-5,pan,1512,982,FAST,FAST,DirectDoubleRenderBackend,first_visible_publish_ms,3,12.545667,12.67,12.67
pan-5,pan,1512,982,FAST,FAST,DirectDoubleRenderBackend,full_publish_ms,3,14.36525,14.538083,14.538083
pan-5,pan,1512,982,FAST,FAST,DirectDoubleRenderBackend,first_post_layout_ms,3,12.697042,12.845375,12.845375
pan-5,pan,1512,982,FAST,FAST,DirectDoubleRenderBackend,full_post_layout_ms,3,15.234916,16.111709,16.111709
pan-5,pan,1512,982,FAST,FAST,DirectDoubleRenderBackend,base_fx_work_ms,3,0.3505,0.353084,0.353084
pan-5,pan,1512,982,FAST,FAST,DirectDoubleRenderBackend,aa_fx_work_ms,3,0.0,0.0,0.0
pan-5,source,1512,982,REFINED,FAST,DirectDoubleRenderBackend,fx_dispatch_ms,3,0.010916,0.014917,0.014917
pan-5,source,1512,982,REFINED,FAST,DirectDoubleRenderBackend,plan_ms,3,0.426959,1.147166,1.147166
pan-5,source,1512,982,REFINED,FAST,DirectDoubleRenderBackend,first_backend_region_ms,3,0.8835,1.715042,1.715042
pan-5,source,1512,982,REFINED,FAST,DirectDoubleRenderBackend,backend_ms,3,39.670084,40.820083,40.820083
pan-5,source,1512,982,REFINED,FAST,DirectDoubleRenderBackend,base_complete_ms,3,47.277084,47.345583,47.345583
pan-5,source,1512,982,REFINED,FAST,DirectDoubleRenderBackend,first_base_publish_ms,3,0.968083,1.826458,1.826458
pan-5,source,1512,982,REFINED,FAST,DirectDoubleRenderBackend,base_full_publish_ms,3,47.2865,47.35525,47.35525
pan-5,source,1512,982,REFINED,FAST,DirectDoubleRenderBackend,first_visible_publish_ms,3,0.968083,1.826458,1.826458
pan-5,source,1512,982,REFINED,FAST,DirectDoubleRenderBackend,full_publish_ms,3,47.288917,47.35775,47.35775
pan-5,source,1512,982,REFINED,FAST,DirectDoubleRenderBackend,first_post_layout_ms,3,6.866291,7.074333,7.074333
pan-5,source,1512,982,REFINED,FAST,DirectDoubleRenderBackend,full_post_layout_ms,3,48.512667,49.524667,49.524667
pan-5,source,1512,982,REFINED,FAST,DirectDoubleRenderBackend,base_fx_work_ms,3,10.9475,11.072916,11.072916
pan-5,source,1512,982,REFINED,FAST,DirectDoubleRenderBackend,aa_fx_work_ms,3,0.0,0.0,0.0
pan-5,pan,1512,982,REFINED,FAST,DirectDoubleRenderBackend,fx_dispatch_ms,3,0.01175,0.011875,0.011875
pan-5,pan,1512,982,REFINED,FAST,DirectDoubleRenderBackend,plan_ms,3,3.287125,3.330042,3.330042
pan-5,pan,1512,982,REFINED,FAST,DirectDoubleRenderBackend,first_backend_region_ms,3,12.118916,12.15825,12.15825
pan-5,pan,1512,982,REFINED,FAST,DirectDoubleRenderBackend,backend_ms,3,1.271667,1.468291,1.468291
pan-5,pan,1512,982,REFINED,FAST,DirectDoubleRenderBackend,base_complete_ms,3,13.34375,13.529041,13.529041
pan-5,pan,1512,982,REFINED,FAST,DirectDoubleRenderBackend,first_base_publish_ms,3,11.491833,11.562541,11.562541
pan-5,pan,1512,982,REFINED,FAST,DirectDoubleRenderBackend,base_full_publish_ms,3,13.367083,13.540125,13.540125
pan-5,pan,1512,982,REFINED,FAST,DirectDoubleRenderBackend,first_visible_publish_ms,3,11.491833,11.562541,11.562541
pan-5,pan,1512,982,REFINED,FAST,DirectDoubleRenderBackend,full_publish_ms,3,13.370791,13.542125,13.542125
pan-5,pan,1512,982,REFINED,FAST,DirectDoubleRenderBackend,first_post_layout_ms,3,11.620916,11.676958,11.676958
pan-5,pan,1512,982,REFINED,FAST,DirectDoubleRenderBackend,full_post_layout_ms,3,15.168541,15.219625,15.219625
pan-5,pan,1512,982,REFINED,FAST,DirectDoubleRenderBackend,base_fx_work_ms,3,0.383084,0.409209,0.409209
pan-5,pan,1512,982,REFINED,FAST,DirectDoubleRenderBackend,aa_fx_work_ms,3,0.0,0.0,0.0
pan-25,source,1512,982,FAST,FAST,DirectDoubleRenderBackend,fx_dispatch_ms,3,0.0125,0.013417,0.013417
pan-25,source,1512,982,FAST,FAST,DirectDoubleRenderBackend,plan_ms,3,0.436292,1.1705,1.1705
pan-25,source,1512,982,FAST,FAST,DirectDoubleRenderBackend,first_backend_region_ms,3,0.884417,1.750416,1.750416
pan-25,source,1512,982,FAST,FAST,DirectDoubleRenderBackend,backend_ms,3,40.289208,40.505417,40.505417
pan-25,source,1512,982,FAST,FAST,DirectDoubleRenderBackend,base_complete_ms,3,48.068125,48.846416,48.846416
pan-25,source,1512,982,FAST,FAST,DirectDoubleRenderBackend,first_base_publish_ms,3,5.138542,5.1975,5.1975
pan-25,source,1512,982,FAST,FAST,DirectDoubleRenderBackend,base_full_publish_ms,3,48.075375,48.858416,48.858416
pan-25,source,1512,982,FAST,FAST,DirectDoubleRenderBackend,first_visible_publish_ms,3,5.138542,5.1975,5.1975
pan-25,source,1512,982,FAST,FAST,DirectDoubleRenderBackend,full_publish_ms,3,48.077875,48.862125,48.862125
pan-25,source,1512,982,FAST,FAST,DirectDoubleRenderBackend,first_post_layout_ms,3,7.373958,8.078583,8.078583
pan-25,source,1512,982,FAST,FAST,DirectDoubleRenderBackend,full_post_layout_ms,3,48.5335,57.072666,57.072666
pan-25,source,1512,982,FAST,FAST,DirectDoubleRenderBackend,base_fx_work_ms,3,10.414041,10.455543,10.455543
pan-25,source,1512,982,FAST,FAST,DirectDoubleRenderBackend,aa_fx_work_ms,3,0.0,0.0,0.0
pan-25,pan,1512,982,FAST,FAST,DirectDoubleRenderBackend,fx_dispatch_ms,3,0.013792,0.015375,0.015375
pan-25,pan,1512,982,FAST,FAST,DirectDoubleRenderBackend,plan_ms,3,1.849708,1.884708,1.884708
pan-25,pan,1512,982,FAST,FAST,DirectDoubleRenderBackend,first_backend_region_ms,3,9.332708,9.379584,9.379584
pan-25,pan,1512,982,FAST,FAST,DirectDoubleRenderBackend,backend_ms,3,3.063166,3.087167,3.087167
pan-25,pan,1512,982,FAST,FAST,DirectDoubleRenderBackend,base_complete_ms,3,14.107875,14.139958,14.139958
pan-25,pan,1512,982,FAST,FAST,DirectDoubleRenderBackend,first_base_publish_ms,3,8.764458,8.815292,8.815292
pan-25,pan,1512,982,FAST,FAST,DirectDoubleRenderBackend,base_full_publish_ms,3,14.120334,14.155917,14.155917
pan-25,pan,1512,982,FAST,FAST,DirectDoubleRenderBackend,first_visible_publish_ms,3,8.764458,8.815292,8.815292
pan-25,pan,1512,982,FAST,FAST,DirectDoubleRenderBackend,full_publish_ms,3,14.122,14.158083,14.158083
pan-25,pan,1512,982,FAST,FAST,DirectDoubleRenderBackend,first_post_layout_ms,3,8.876041,8.942959,8.942959
pan-25,pan,1512,982,FAST,FAST,DirectDoubleRenderBackend,full_post_layout_ms,3,15.3475,15.41275,15.41275
pan-25,pan,1512,982,FAST,FAST,DirectDoubleRenderBackend,base_fx_work_ms,3,1.576167,1.626,1.626
pan-25,pan,1512,982,FAST,FAST,DirectDoubleRenderBackend,aa_fx_work_ms,3,0.0,0.0,0.0
pan-25,source,1512,982,REFINED,FAST,DirectDoubleRenderBackend,fx_dispatch_ms,3,0.01225,0.014042,0.014042
pan-25,source,1512,982,REFINED,FAST,DirectDoubleRenderBackend,plan_ms,3,0.4525,0.462208,0.462208
pan-25,source,1512,982,REFINED,FAST,DirectDoubleRenderBackend,first_backend_region_ms,3,0.926917,0.932542,0.932542
pan-25,source,1512,982,REFINED,FAST,DirectDoubleRenderBackend,backend_ms,3,40.315708,41.095833,41.095833
pan-25,source,1512,982,REFINED,FAST,DirectDoubleRenderBackend,base_complete_ms,3,48.005875,49.385,49.385
pan-25,source,1512,982,REFINED,FAST,DirectDoubleRenderBackend,first_base_publish_ms,3,1.379959,4.881709,4.881709
pan-25,source,1512,982,REFINED,FAST,DirectDoubleRenderBackend,base_full_publish_ms,3,48.014375,49.396834,49.396834
pan-25,source,1512,982,REFINED,FAST,DirectDoubleRenderBackend,first_visible_publish_ms,3,1.379959,4.881709,4.881709
pan-25,source,1512,982,REFINED,FAST,DirectDoubleRenderBackend,full_publish_ms,3,48.017041,49.399125,49.399125
pan-25,source,1512,982,REFINED,FAST,DirectDoubleRenderBackend,first_post_layout_ms,3,7.794791,12.000875,12.000875
pan-25,source,1512,982,REFINED,FAST,DirectDoubleRenderBackend,full_post_layout_ms,3,48.630541,56.940959,56.940959
pan-25,source,1512,982,REFINED,FAST,DirectDoubleRenderBackend,base_fx_work_ms,3,10.485875,11.142332,11.142332
pan-25,source,1512,982,REFINED,FAST,DirectDoubleRenderBackend,aa_fx_work_ms,3,0.0,0.0,0.0
pan-25,pan,1512,982,REFINED,FAST,DirectDoubleRenderBackend,fx_dispatch_ms,3,0.01425,0.015167,0.015167
pan-25,pan,1512,982,REFINED,FAST,DirectDoubleRenderBackend,plan_ms,3,2.607125,2.674083,2.674083
pan-25,pan,1512,982,REFINED,FAST,DirectDoubleRenderBackend,first_backend_region_ms,3,10.17775,10.45575,10.45575
pan-25,pan,1512,982,REFINED,FAST,DirectDoubleRenderBackend,backend_ms,3,3.03575,3.379541,3.379541
pan-25,pan,1512,982,REFINED,FAST,DirectDoubleRenderBackend,base_complete_ms,3,14.756125,15.592625,15.592625
pan-25,pan,1512,982,REFINED,FAST,DirectDoubleRenderBackend,first_base_publish_ms,3,9.566375,9.786708,9.786708
pan-25,pan,1512,982,REFINED,FAST,DirectDoubleRenderBackend,base_full_publish_ms,3,14.779834,15.609083,15.609083
pan-25,pan,1512,982,REFINED,FAST,DirectDoubleRenderBackend,first_visible_publish_ms,3,9.566375,9.786708,9.786708
pan-25,pan,1512,982,REFINED,FAST,DirectDoubleRenderBackend,full_publish_ms,3,14.784084,15.613167,15.613167
pan-25,pan,1512,982,REFINED,FAST,DirectDoubleRenderBackend,first_post_layout_ms,3,9.731834,9.983708,9.983708
pan-25,pan,1512,982,REFINED,FAST,DirectDoubleRenderBackend,full_post_layout_ms,3,15.335583,15.642375,15.642375
pan-25,pan,1512,982,REFINED,FAST,DirectDoubleRenderBackend,base_fx_work_ms,3,1.448459,1.520208,1.520208
pan-25,pan,1512,982,REFINED,FAST,DirectDoubleRenderBackend,aa_fx_work_ms,3,0.0,0.0,0.0
pan-90,source,1512,982,FAST,FAST,DirectDoubleRenderBackend,fx_dispatch_ms,3,0.012166,0.013959,0.013959
pan-90,source,1512,982,FAST,FAST,DirectDoubleRenderBackend,plan_ms,3,0.446125,0.451542,0.451542
pan-90,source,1512,982,FAST,FAST,DirectDoubleRenderBackend,first_backend_region_ms,3,0.897625,0.904166,0.904166
pan-90,source,1512,982,FAST,FAST,DirectDoubleRenderBackend,backend_ms,3,40.513209,40.863833,40.863833
pan-90,source,1512,982,FAST,FAST,DirectDoubleRenderBackend,base_complete_ms,3,47.600958,48.1595,48.1595
pan-90,source,1512,982,FAST,FAST,DirectDoubleRenderBackend,first_base_publish_ms,3,0.994208,1.167,1.167
pan-90,source,1512,982,FAST,FAST,DirectDoubleRenderBackend,base_full_publish_ms,3,47.627541,48.169458,48.169458
pan-90,source,1512,982,FAST,FAST,DirectDoubleRenderBackend,first_visible_publish_ms,3,0.994208,1.167,1.167
pan-90,source,1512,982,FAST,FAST,DirectDoubleRenderBackend,full_publish_ms,3,47.630208,48.171625,48.171625
pan-90,source,1512,982,FAST,FAST,DirectDoubleRenderBackend,first_post_layout_ms,3,6.481875,8.115791,8.115791
pan-90,source,1512,982,FAST,FAST,DirectDoubleRenderBackend,full_post_layout_ms,3,47.775458,48.339041,48.339041
pan-90,source,1512,982,FAST,FAST,DirectDoubleRenderBackend,base_fx_work_ms,3,10.629249,10.674751,10.674751
pan-90,source,1512,982,FAST,FAST,DirectDoubleRenderBackend,aa_fx_work_ms,3,0.0,0.0,0.0
pan-90,pan,1512,982,FAST,FAST,DirectDoubleRenderBackend,fx_dispatch_ms,3,0.012959,0.013792,0.013792
pan-90,pan,1512,982,FAST,FAST,DirectDoubleRenderBackend,plan_ms,3,1.809833,1.927125,1.927125
pan-90,pan,1512,982,FAST,FAST,DirectDoubleRenderBackend,first_backend_region_ms,3,3.83875,3.997125,3.997125
pan-90,pan,1512,982,FAST,FAST,DirectDoubleRenderBackend,backend_ms,3,8.7285,8.730709,8.730709
pan-90,pan,1512,982,FAST,FAST,DirectDoubleRenderBackend,base_complete_ms,3,25.614459,26.071834,26.071834
pan-90,pan,1512,982,FAST,FAST,DirectDoubleRenderBackend,first_base_publish_ms,3,2.976542,3.138334,3.138334
pan-90,pan,1512,982,FAST,FAST,DirectDoubleRenderBackend,base_full_publish_ms,3,25.634917,26.093334,26.093334
pan-90,pan,1512,982,FAST,FAST,DirectDoubleRenderBackend,first_visible_publish_ms,3,2.976542,3.138334,3.138334
pan-90,pan,1512,982,FAST,FAST,DirectDoubleRenderBackend,full_publish_ms,3,25.639209,26.098709,26.098709
pan-90,pan,1512,982,FAST,FAST,DirectDoubleRenderBackend,first_post_layout_ms,3,7.090167,7.156542,7.156542
pan-90,pan,1512,982,FAST,FAST,DirectDoubleRenderBackend,full_post_layout_ms,3,32.003459,32.072167,32.072167
pan-90,pan,1512,982,FAST,FAST,DirectDoubleRenderBackend,base_fx_work_ms,3,10.062083,10.344625,10.344625
pan-90,pan,1512,982,FAST,FAST,DirectDoubleRenderBackend,aa_fx_work_ms,3,0.0,0.0,0.0
pan-90,source,1512,982,REFINED,FAST,DirectDoubleRenderBackend,fx_dispatch_ms,3,0.012208,0.012334,0.012334
pan-90,source,1512,982,REFINED,FAST,DirectDoubleRenderBackend,plan_ms,3,0.464375,0.569708,0.569708
pan-90,source,1512,982,REFINED,FAST,DirectDoubleRenderBackend,first_backend_region_ms,3,0.909333,1.084209,1.084209
pan-90,source,1512,982,REFINED,FAST,DirectDoubleRenderBackend,backend_ms,3,40.368125,40.897042,40.897042
pan-90,source,1512,982,REFINED,FAST,DirectDoubleRenderBackend,base_complete_ms,3,47.847417,48.821584,48.821584
pan-90,source,1512,982,REFINED,FAST,DirectDoubleRenderBackend,first_base_publish_ms,3,0.972875,3.403667,3.403667
pan-90,source,1512,982,REFINED,FAST,DirectDoubleRenderBackend,base_full_publish_ms,3,47.857583,48.832834,48.832834
pan-90,source,1512,982,REFINED,FAST,DirectDoubleRenderBackend,first_visible_publish_ms,3,0.972875,3.403667,3.403667
pan-90,source,1512,982,REFINED,FAST,DirectDoubleRenderBackend,full_publish_ms,3,47.859708,48.835459,48.835459
pan-90,source,1512,982,REFINED,FAST,DirectDoubleRenderBackend,first_post_layout_ms,3,7.124541,7.616833,7.616833
pan-90,source,1512,982,REFINED,FAST,DirectDoubleRenderBackend,full_post_layout_ms,3,48.687083,55.777,55.777
pan-90,source,1512,982,REFINED,FAST,DirectDoubleRenderBackend,base_fx_work_ms,3,10.583916,11.725251,11.725251
pan-90,source,1512,982,REFINED,FAST,DirectDoubleRenderBackend,aa_fx_work_ms,3,0.0,0.0,0.0
pan-90,pan,1512,982,REFINED,FAST,DirectDoubleRenderBackend,fx_dispatch_ms,3,0.012541,0.016167,0.016167
pan-90,pan,1512,982,REFINED,FAST,DirectDoubleRenderBackend,plan_ms,3,1.057667,1.091208,1.091208
pan-90,pan,1512,982,REFINED,FAST,DirectDoubleRenderBackend,first_backend_region_ms,3,3.025291,3.057459,3.057459
pan-90,pan,1512,982,REFINED,FAST,DirectDoubleRenderBackend,backend_ms,3,8.48225,8.621417,8.621417
pan-90,pan,1512,982,REFINED,FAST,DirectDoubleRenderBackend,base_complete_ms,3,24.983042,25.144458,25.144458
pan-90,pan,1512,982,REFINED,FAST,DirectDoubleRenderBackend,first_base_publish_ms,3,2.206458,2.231084,2.231084
pan-90,pan,1512,982,REFINED,FAST,DirectDoubleRenderBackend,base_full_publish_ms,3,25.001959,25.162666,25.162666
pan-90,pan,1512,982,REFINED,FAST,DirectDoubleRenderBackend,first_visible_publish_ms,3,2.206458,2.231084,2.231084
pan-90,pan,1512,982,REFINED,FAST,DirectDoubleRenderBackend,full_publish_ms,3,25.004417,25.166833,25.166833
pan-90,pan,1512,982,REFINED,FAST,DirectDoubleRenderBackend,first_post_layout_ms,3,6.115875,6.359875,6.359875
pan-90,pan,1512,982,REFINED,FAST,DirectDoubleRenderBackend,full_post_layout_ms,3,30.933791,31.022459,31.022459
pan-90,pan,1512,982,REFINED,FAST,DirectDoubleRenderBackend,base_fx_work_ms,3,10.308291,10.677084,10.677084
pan-90,pan,1512,982,REFINED,FAST,DirectDoubleRenderBackend,aa_fx_work_ms,3,0.0,0.0,0.0
pan-reverse,source,1512,982,FAST,FAST,DirectDoubleRenderBackend,fx_dispatch_ms,3,0.011083,0.013792,0.013792
pan-reverse,source,1512,982,FAST,FAST,DirectDoubleRenderBackend,plan_ms,3,0.452,0.462583,0.462583
pan-reverse,source,1512,982,FAST,FAST,DirectDoubleRenderBackend,first_backend_region_ms,3,0.917709,0.924666,0.924666
pan-reverse,source,1512,982,FAST,FAST,DirectDoubleRenderBackend,backend_ms,3,40.352542,40.7235,40.7235
pan-reverse,source,1512,982,FAST,FAST,DirectDoubleRenderBackend,base_complete_ms,3,48.186875,48.253583,48.253583
pan-reverse,source,1512,982,FAST,FAST,DirectDoubleRenderBackend,first_base_publish_ms,3,2.896625,2.920375,2.920375
pan-reverse,source,1512,982,FAST,FAST,DirectDoubleRenderBackend,base_full_publish_ms,3,48.213041,48.260625,48.260625
pan-reverse,source,1512,982,FAST,FAST,DirectDoubleRenderBackend,first_visible_publish_ms,3,2.896625,2.920375,2.920375
pan-reverse,source,1512,982,FAST,FAST,DirectDoubleRenderBackend,full_publish_ms,3,48.216041,48.262583,48.262583
pan-reverse,source,1512,982,FAST,FAST,DirectDoubleRenderBackend,first_post_layout_ms,3,4.361208,4.500083,4.500083
pan-reverse,source,1512,982,FAST,FAST,DirectDoubleRenderBackend,full_post_layout_ms,3,54.024916,54.109375,54.109375
pan-reverse,source,1512,982,FAST,FAST,DirectDoubleRenderBackend,base_fx_work_ms,3,10.231626,11.04625,11.04625
pan-reverse,source,1512,982,FAST,FAST,DirectDoubleRenderBackend,aa_fx_work_ms,3,0.0,0.0,0.0
pan-reverse,out,1512,982,FAST,FAST,DirectDoubleRenderBackend,fx_dispatch_ms,3,0.013083,0.013667,0.013667
pan-reverse,out,1512,982,FAST,FAST,DirectDoubleRenderBackend,plan_ms,3,1.83275,1.870916,1.870916
pan-reverse,out,1512,982,FAST,FAST,DirectDoubleRenderBackend,first_backend_region_ms,3,9.295958,9.325375,9.325375
pan-reverse,out,1512,982,FAST,FAST,DirectDoubleRenderBackend,backend_ms,3,2.967959,3.070625,3.070625
pan-reverse,out,1512,982,FAST,FAST,DirectDoubleRenderBackend,base_complete_ms,3,13.894083,14.10375,14.10375
pan-reverse,out,1512,982,FAST,FAST,DirectDoubleRenderBackend,first_base_publish_ms,3,8.743167,8.748708,8.748708
pan-reverse,out,1512,982,FAST,FAST,DirectDoubleRenderBackend,base_full_publish_ms,3,13.909417,14.126292,14.126292
pan-reverse,out,1512,982,FAST,FAST,DirectDoubleRenderBackend,first_visible_publish_ms,3,8.743167,8.748708,8.748708
pan-reverse,out,1512,982,FAST,FAST,DirectDoubleRenderBackend,full_publish_ms,3,13.91125,14.128833,14.128833
pan-reverse,out,1512,982,FAST,FAST,DirectDoubleRenderBackend,first_post_layout_ms,3,8.864875,8.871833,8.871833
pan-reverse,out,1512,982,FAST,FAST,DirectDoubleRenderBackend,full_post_layout_ms,3,15.222958,15.290708,15.290708
pan-reverse,out,1512,982,FAST,FAST,DirectDoubleRenderBackend,base_fx_work_ms,3,1.5375,1.648375,1.648375
pan-reverse,out,1512,982,FAST,FAST,DirectDoubleRenderBackend,aa_fx_work_ms,3,0.0,0.0,0.0
pan-reverse,back,1512,982,FAST,FAST,DirectDoubleRenderBackend,fx_dispatch_ms,3,0.011542,0.014708,0.014708
pan-reverse,back,1512,982,FAST,FAST,DirectDoubleRenderBackend,plan_ms,3,2.508708,2.706417,2.706417
pan-reverse,back,1512,982,FAST,FAST,DirectDoubleRenderBackend,first_backend_region_ms,3,10.154208,10.411333,10.411333
pan-reverse,back,1512,982,FAST,FAST,DirectDoubleRenderBackend,backend_ms,3,4.686958,4.799917,4.799917
pan-reverse,back,1512,982,FAST,FAST,DirectDoubleRenderBackend,base_complete_ms,3,17.893167,17.912875,17.912875
pan-reverse,back,1512,982,FAST,FAST,DirectDoubleRenderBackend,first_base_publish_ms,3,9.543167,9.799542,9.799542
pan-reverse,back,1512,982,FAST,FAST,DirectDoubleRenderBackend,base_full_publish_ms,3,17.909958,17.929625,17.929625
pan-reverse,back,1512,982,FAST,FAST,DirectDoubleRenderBackend,first_visible_publish_ms,3,9.543167,9.799542,9.799542
pan-reverse,back,1512,982,FAST,FAST,DirectDoubleRenderBackend,full_publish_ms,3,17.914458,17.934083,17.934083
pan-reverse,back,1512,982,FAST,FAST,DirectDoubleRenderBackend,first_post_layout_ms,3,9.703208,9.96,9.96
pan-reverse,back,1512,982,FAST,FAST,DirectDoubleRenderBackend,full_post_layout_ms,3,17.944208,17.96225,17.96225
pan-reverse,back,1512,982,FAST,FAST,DirectDoubleRenderBackend,base_fx_work_ms,3,2.989832,3.020957,3.020957
pan-reverse,back,1512,982,FAST,FAST,DirectDoubleRenderBackend,aa_fx_work_ms,3,0.0,0.0,0.0
pan-reverse,source,1512,982,REFINED,FAST,DirectDoubleRenderBackend,fx_dispatch_ms,3,0.011708,0.011875,0.011875
pan-reverse,source,1512,982,REFINED,FAST,DirectDoubleRenderBackend,plan_ms,3,0.456,0.490334,0.490334
pan-reverse,source,1512,982,REFINED,FAST,DirectDoubleRenderBackend,first_backend_region_ms,3,0.895583,0.9545,0.9545
pan-reverse,source,1512,982,REFINED,FAST,DirectDoubleRenderBackend,backend_ms,3,40.444,42.08875,42.08875
pan-reverse,source,1512,982,REFINED,FAST,DirectDoubleRenderBackend,base_complete_ms,3,48.504042,49.467125,49.467125
pan-reverse,source,1512,982,REFINED,FAST,DirectDoubleRenderBackend,first_base_publish_ms,3,3.193708,12.193333,12.193333
pan-reverse,source,1512,982,REFINED,FAST,DirectDoubleRenderBackend,base_full_publish_ms,3,48.510792,49.474625,49.474625
pan-reverse,source,1512,982,REFINED,FAST,DirectDoubleRenderBackend,first_visible_publish_ms,3,3.193708,12.193333,12.193333
pan-reverse,source,1512,982,REFINED,FAST,DirectDoubleRenderBackend,full_publish_ms,3,48.512583,49.476667,49.476667
pan-reverse,source,1512,982,REFINED,FAST,DirectDoubleRenderBackend,first_post_layout_ms,3,6.958792,14.7925,14.7925
pan-reverse,source,1512,982,REFINED,FAST,DirectDoubleRenderBackend,full_post_layout_ms,3,49.5105,54.259792,54.259792
pan-reverse,source,1512,982,REFINED,FAST,DirectDoubleRenderBackend,base_fx_work_ms,3,10.542041,10.967332,10.967332
pan-reverse,source,1512,982,REFINED,FAST,DirectDoubleRenderBackend,aa_fx_work_ms,3,0.0,0.0,0.0
pan-reverse,out,1512,982,REFINED,FAST,DirectDoubleRenderBackend,fx_dispatch_ms,3,0.012917,0.013709,0.013709
pan-reverse,out,1512,982,REFINED,FAST,DirectDoubleRenderBackend,plan_ms,3,1.848875,1.949209,1.949209
pan-reverse,out,1512,982,REFINED,FAST,DirectDoubleRenderBackend,first_backend_region_ms,3,9.34525,10.437792,10.437792
pan-reverse,out,1512,982,REFINED,FAST,DirectDoubleRenderBackend,backend_ms,3,3.055417,6.346958,6.346958
pan-reverse,out,1512,982,REFINED,FAST,DirectDoubleRenderBackend,base_complete_ms,3,13.929875,19.502333,19.502333
pan-reverse,out,1512,982,REFINED,FAST,DirectDoubleRenderBackend,first_base_publish_ms,3,8.798208,9.047292,9.047292
pan-reverse,out,1512,982,REFINED,FAST,DirectDoubleRenderBackend,base_full_publish_ms,3,13.945042,19.520417,19.520417
pan-reverse,out,1512,982,REFINED,FAST,DirectDoubleRenderBackend,first_visible_publish_ms,3,8.798208,9.047292,9.047292
pan-reverse,out,1512,982,REFINED,FAST,DirectDoubleRenderBackend,full_publish_ms,3,13.947667,19.523333,19.523333
pan-reverse,out,1512,982,REFINED,FAST,DirectDoubleRenderBackend,first_post_layout_ms,3,8.907667,9.20525,9.20525
pan-reverse,out,1512,982,REFINED,FAST,DirectDoubleRenderBackend,full_post_layout_ms,3,15.354333,23.630667,23.630667
pan-reverse,out,1512,982,REFINED,FAST,DirectDoubleRenderBackend,base_fx_work_ms,3,1.562126,3.951417,3.951417
pan-reverse,out,1512,982,REFINED,FAST,DirectDoubleRenderBackend,aa_fx_work_ms,3,0.0,0.0,0.0
pan-reverse,back,1512,982,REFINED,FAST,DirectDoubleRenderBackend,fx_dispatch_ms,3,0.013125,0.016792,0.016792
pan-reverse,back,1512,982,REFINED,FAST,DirectDoubleRenderBackend,plan_ms,3,1.995042,2.016542,2.016542
pan-reverse,back,1512,982,REFINED,FAST,DirectDoubleRenderBackend,first_backend_region_ms,3,9.528958,9.558125,9.558125
pan-reverse,back,1512,982,REFINED,FAST,DirectDoubleRenderBackend,backend_ms,3,4.71825,4.864959,4.864959
pan-reverse,back,1512,982,REFINED,FAST,DirectDoubleRenderBackend,base_complete_ms,3,17.71475,17.855875,17.855875
pan-reverse,back,1512,982,REFINED,FAST,DirectDoubleRenderBackend,first_base_publish_ms,3,8.923,8.948834,8.948834
pan-reverse,back,1512,982,REFINED,FAST,DirectDoubleRenderBackend,base_full_publish_ms,3,17.730583,17.876917,17.876917
pan-reverse,back,1512,982,REFINED,FAST,DirectDoubleRenderBackend,first_visible_publish_ms,3,8.923,8.948834,8.948834
pan-reverse,back,1512,982,REFINED,FAST,DirectDoubleRenderBackend,full_publish_ms,3,17.735,17.881792,17.881792
pan-reverse,back,1512,982,REFINED,FAST,DirectDoubleRenderBackend,first_post_layout_ms,3,9.037292,9.081542,9.081542
pan-reverse,back,1512,982,REFINED,FAST,DirectDoubleRenderBackend,full_post_layout_ms,3,20.3015,22.042875,22.042875
pan-reverse,back,1512,982,REFINED,FAST,DirectDoubleRenderBackend,base_fx_work_ms,3,2.960666,3.257209,3.257209
pan-reverse,back,1512,982,REFINED,FAST,DirectDoubleRenderBackend,aa_fx_work_ms,3,0.0,0.0,0.0
resize-then-drag,source,1512,982,FAST,FAST,DirectDoubleRenderBackend,fx_dispatch_ms,3,0.013375,0.013791,0.013791
resize-then-drag,source,1512,982,FAST,FAST,DirectDoubleRenderBackend,plan_ms,3,0.420875,0.437875,0.437875
resize-then-drag,source,1512,982,FAST,FAST,DirectDoubleRenderBackend,first_backend_region_ms,3,0.877417,0.903875,0.903875
resize-then-drag,source,1512,982,FAST,FAST,DirectDoubleRenderBackend,backend_ms,3,41.81,42.078417,42.078417
resize-then-drag,source,1512,982,FAST,FAST,DirectDoubleRenderBackend,base_complete_ms,3,47.231125,49.406666,49.406666
resize-then-drag,source,1512,982,FAST,FAST,DirectDoubleRenderBackend,first_base_publish_ms,3,1.314334,18.308458,18.308458
resize-then-drag,source,1512,982,FAST,FAST,DirectDoubleRenderBackend,base_full_publish_ms,3,47.249375,49.414958,49.414958
resize-then-drag,source,1512,982,FAST,FAST,DirectDoubleRenderBackend,first_visible_publish_ms,3,1.314334,18.308458,18.308458
resize-then-drag,source,1512,982,FAST,FAST,DirectDoubleRenderBackend,full_publish_ms,3,47.251792,49.417125,49.417125
resize-then-drag,source,1512,982,FAST,FAST,DirectDoubleRenderBackend,first_post_layout_ms,3,5.09025,18.966916,18.966916
resize-then-drag,source,1512,982,FAST,FAST,DirectDoubleRenderBackend,full_post_layout_ms,3,47.278375,55.325166,55.325166
resize-then-drag,source,1512,982,FAST,FAST,DirectDoubleRenderBackend,base_fx_work_ms,3,11.150667,12.088374,12.088374
resize-then-drag,source,1512,982,FAST,FAST,DirectDoubleRenderBackend,aa_fx_work_ms,3,0.0,0.0,0.0
resize-then-drag,resize,1640,1054,FAST,FAST,DirectDoubleRenderBackend,fx_dispatch_ms,3,0.01575,0.016375,0.016375
resize-then-drag,resize,1640,1054,FAST,FAST,DirectDoubleRenderBackend,plan_ms,3,2.148,2.715875,2.715875
resize-then-drag,resize,1640,1054,FAST,FAST,DirectDoubleRenderBackend,first_backend_region_ms,3,12.162709,12.629709,12.629709
resize-then-drag,resize,1640,1054,FAST,FAST,DirectDoubleRenderBackend,backend_ms,3,4.901959,4.974209,4.974209
resize-then-drag,resize,1640,1054,FAST,FAST,DirectDoubleRenderBackend,base_complete_ms,3,18.2915,18.607292,18.607292
resize-then-drag,resize,1640,1054,FAST,FAST,DirectDoubleRenderBackend,first_base_publish_ms,3,10.865917,11.329667,11.329667
resize-then-drag,resize,1640,1054,FAST,FAST,DirectDoubleRenderBackend,base_full_publish_ms,3,18.305209,18.622167,18.622167
resize-then-drag,resize,1640,1054,FAST,FAST,DirectDoubleRenderBackend,first_visible_publish_ms,3,10.865917,11.329667,11.329667
resize-then-drag,resize,1640,1054,FAST,FAST,DirectDoubleRenderBackend,full_publish_ms,3,18.309042,18.626125,18.626125
resize-then-drag,resize,1640,1054,FAST,FAST,DirectDoubleRenderBackend,first_post_layout_ms,3,11.290417,11.745292,11.745292
resize-then-drag,resize,1640,1054,FAST,FAST,DirectDoubleRenderBackend,full_post_layout_ms,3,22.809416,23.691084,23.691084
resize-then-drag,resize,1640,1054,FAST,FAST,DirectDoubleRenderBackend,base_fx_work_ms,3,1.518875,1.525833,1.525833
resize-then-drag,resize,1640,1054,FAST,FAST,DirectDoubleRenderBackend,aa_fx_work_ms,3,0.0,0.0,0.0
resize-then-drag,drag,1640,1054,FAST,FAST,DirectDoubleRenderBackend,fx_dispatch_ms,3,0.015708,0.016208,0.016208
resize-then-drag,drag,1640,1054,FAST,FAST,DirectDoubleRenderBackend,plan_ms,3,2.219042,2.234708,2.234708
resize-then-drag,drag,1640,1054,FAST,FAST,DirectDoubleRenderBackend,first_backend_region_ms,3,12.557625,12.601792,12.601792
resize-then-drag,drag,1640,1054,FAST,FAST,DirectDoubleRenderBackend,backend_ms,3,1.623333,1.631042,1.631042
resize-then-drag,drag,1640,1054,FAST,FAST,DirectDoubleRenderBackend,base_complete_ms,3,13.761916,13.790458,13.790458
resize-then-drag,drag,1640,1054,FAST,FAST,DirectDoubleRenderBackend,first_base_publish_ms,3,11.743291,11.778792,11.778792
resize-then-drag,drag,1640,1054,FAST,FAST,DirectDoubleRenderBackend,base_full_publish_ms,3,13.779083,13.804875,13.804875
resize-then-drag,drag,1640,1054,FAST,FAST,DirectDoubleRenderBackend,first_visible_publish_ms,3,11.743291,11.778792,11.778792
resize-then-drag,drag,1640,1054,FAST,FAST,DirectDoubleRenderBackend,full_publish_ms,3,13.781291,13.806958,13.806958
resize-then-drag,drag,1640,1054,FAST,FAST,DirectDoubleRenderBackend,first_post_layout_ms,3,11.882792,11.904667,11.904667
resize-then-drag,drag,1640,1054,FAST,FAST,DirectDoubleRenderBackend,full_post_layout_ms,3,13.813291,13.829542,13.829542
resize-then-drag,drag,1640,1054,FAST,FAST,DirectDoubleRenderBackend,base_fx_work_ms,3,0.264042,0.28175,0.28175
resize-then-drag,drag,1640,1054,FAST,FAST,DirectDoubleRenderBackend,aa_fx_work_ms,3,0.0,0.0,0.0
resize-then-drag,source,1512,982,REFINED,FAST,DirectDoubleRenderBackend,fx_dispatch_ms,3,0.013292,0.016292,0.016292
resize-then-drag,source,1512,982,REFINED,FAST,DirectDoubleRenderBackend,plan_ms,3,0.540208,0.556583,0.556583
resize-then-drag,source,1512,982,REFINED,FAST,DirectDoubleRenderBackend,first_backend_region_ms,3,0.988542,1.109084,1.109084
resize-then-drag,source,1512,982,REFINED,FAST,DirectDoubleRenderBackend,backend_ms,3,41.564875,41.694125,41.694125
resize-then-drag,source,1512,982,REFINED,FAST,DirectDoubleRenderBackend,base_complete_ms,3,49.87,49.915417,49.915417
resize-then-drag,source,1512,982,REFINED,FAST,DirectDoubleRenderBackend,first_base_publish_ms,3,4.264834,16.713459,16.713459
resize-then-drag,source,1512,982,REFINED,FAST,DirectDoubleRenderBackend,base_full_publish_ms,3,49.876792,49.924625,49.924625
resize-then-drag,source,1512,982,REFINED,FAST,DirectDoubleRenderBackend,first_visible_publish_ms,3,4.264834,16.713459,16.713459
resize-then-drag,source,1512,982,REFINED,FAST,DirectDoubleRenderBackend,full_publish_ms,3,49.878917,49.927792,49.927792
resize-then-drag,source,1512,982,REFINED,FAST,DirectDoubleRenderBackend,first_post_layout_ms,3,5.649875,22.506084,22.506084
resize-then-drag,source,1512,982,REFINED,FAST,DirectDoubleRenderBackend,full_post_layout_ms,3,55.132959,55.375708,55.375708
resize-then-drag,source,1512,982,REFINED,FAST,DirectDoubleRenderBackend,base_fx_work_ms,3,10.83029,11.06896,11.06896
resize-then-drag,source,1512,982,REFINED,FAST,DirectDoubleRenderBackend,aa_fx_work_ms,3,0.0,0.0,0.0
resize-then-drag,resize,1640,1054,REFINED,FAST,DirectDoubleRenderBackend,fx_dispatch_ms,3,0.012833,0.0165,0.0165
resize-then-drag,resize,1640,1054,REFINED,FAST,DirectDoubleRenderBackend,plan_ms,3,2.068083,2.948625,2.948625
resize-then-drag,resize,1640,1054,REFINED,FAST,DirectDoubleRenderBackend,first_backend_region_ms,3,11.963041,13.205875,13.205875
resize-then-drag,resize,1640,1054,REFINED,FAST,DirectDoubleRenderBackend,backend_ms,3,4.865375,4.98925,4.98925
resize-then-drag,resize,1640,1054,REFINED,FAST,DirectDoubleRenderBackend,base_complete_ms,3,18.947042,19.036666,19.036666
resize-then-drag,resize,1640,1054,REFINED,FAST,DirectDoubleRenderBackend,first_base_publish_ms,3,10.6455,11.935,11.935
resize-then-drag,resize,1640,1054,REFINED,FAST,DirectDoubleRenderBackend,base_full_publish_ms,3,18.965584,19.057541,19.057541
resize-then-drag,resize,1640,1054,REFINED,FAST,DirectDoubleRenderBackend,first_visible_publish_ms,3,10.6455,11.935,11.935
resize-then-drag,resize,1640,1054,REFINED,FAST,DirectDoubleRenderBackend,full_publish_ms,3,18.968,19.061083,19.061083
resize-then-drag,resize,1640,1054,REFINED,FAST,DirectDoubleRenderBackend,first_post_layout_ms,3,11.082791,12.349125,12.349125
resize-then-drag,resize,1640,1054,REFINED,FAST,DirectDoubleRenderBackend,full_post_layout_ms,3,23.336459,23.441709,23.441709
resize-then-drag,resize,1640,1054,REFINED,FAST,DirectDoubleRenderBackend,base_fx_work_ms,3,1.532333,1.822418,1.822418
resize-then-drag,resize,1640,1054,REFINED,FAST,DirectDoubleRenderBackend,aa_fx_work_ms,3,0.0,0.0,0.0
resize-then-drag,drag,1640,1054,REFINED,FAST,DirectDoubleRenderBackend,fx_dispatch_ms,3,0.014333,0.015958,0.015958
resize-then-drag,drag,1640,1054,REFINED,FAST,DirectDoubleRenderBackend,plan_ms,3,2.321333,2.394458,2.394458
resize-then-drag,drag,1640,1054,REFINED,FAST,DirectDoubleRenderBackend,first_backend_region_ms,3,12.859,12.917958,12.917958
resize-then-drag,drag,1640,1054,REFINED,FAST,DirectDoubleRenderBackend,backend_ms,3,1.593292,1.645917,1.645917
resize-then-drag,drag,1640,1054,REFINED,FAST,DirectDoubleRenderBackend,base_complete_ms,3,14.078541,14.899333,14.899333
resize-then-drag,drag,1640,1054,REFINED,FAST,DirectDoubleRenderBackend,first_base_publish_ms,3,12.046083,12.098083,12.098083
resize-then-drag,drag,1640,1054,REFINED,FAST,DirectDoubleRenderBackend,base_full_publish_ms,3,14.094166,14.920125,14.920125
resize-then-drag,drag,1640,1054,REFINED,FAST,DirectDoubleRenderBackend,first_visible_publish_ms,3,12.046083,12.098083,12.098083
resize-then-drag,drag,1640,1054,REFINED,FAST,DirectDoubleRenderBackend,full_publish_ms,3,14.097458,14.923083,14.923083
resize-then-drag,drag,1640,1054,REFINED,FAST,DirectDoubleRenderBackend,first_post_layout_ms,3,12.188083,12.251458,12.251458
resize-then-drag,drag,1640,1054,REFINED,FAST,DirectDoubleRenderBackend,full_post_layout_ms,3,20.312541,21.522916,21.522916
resize-then-drag,drag,1640,1054,REFINED,FAST,DirectDoubleRenderBackend,base_fx_work_ms,3,0.277417,0.595458,0.595458
resize-then-drag,drag,1640,1054,REFINED,FAST,DirectDoubleRenderBackend,aa_fx_work_ms,3,0.0,0.0,0.0
cancel-direct,cancel,1512,982,FAST,FAST,DirectDoubleRenderBackend,fx_dispatch_ms,3,0.012083,0.014083,0.014083
cancel-direct,cancel,1512,982,FAST,FAST,DirectDoubleRenderBackend,plan_ms,3,0.506375,1.108459,1.108459
cancel-direct,cancel,1512,982,FAST,FAST,DirectDoubleRenderBackend,first_backend_region_ms,3,0.964583,1.63475,1.63475
cancel-direct,cancel,1512,982,FAST,FAST,DirectDoubleRenderBackend,backend_ms,3,0.603417,0.943334,0.943334
cancel-direct,cancel,1512,982,FAST,FAST,DirectDoubleRenderBackend,cancel_request_ms,3,0.964583,1.63475,1.63475
cancel-direct,cancel,1512,982,FAST,FAST,DirectDoubleRenderBackend,cancel_tail_ms,3,0.309042,0.645667,0.645667
cancel-direct,cancel,1512,982,FAST,FAST,DirectDoubleRenderBackend,base_fx_work_ms,3,0.0,0.0,0.0
cancel-direct,cancel,1512,982,FAST,FAST,DirectDoubleRenderBackend,aa_fx_work_ms,3,0.0,0.0,0.0
cancel-direct,cancel,1512,982,REFINED,FAST,DirectDoubleRenderBackend,fx_dispatch_ms,3,0.008375,0.009416,0.009416
cancel-direct,cancel,1512,982,REFINED,FAST,DirectDoubleRenderBackend,plan_ms,3,0.491875,0.841166,0.841166
cancel-direct,cancel,1512,982,REFINED,FAST,DirectDoubleRenderBackend,first_backend_region_ms,3,0.886541,1.241625,1.241625
cancel-direct,cancel,1512,982,REFINED,FAST,DirectDoubleRenderBackend,backend_ms,3,0.441667,0.464375,0.464375
cancel-direct,cancel,1512,982,REFINED,FAST,DirectDoubleRenderBackend,cancel_request_ms,3,0.886541,1.241625,1.241625
cancel-direct,cancel,1512,982,REFINED,FAST,DirectDoubleRenderBackend,cancel_tail_ms,3,0.166584,0.198042,0.198042
cancel-direct,cancel,1512,982,REFINED,FAST,DirectDoubleRenderBackend,base_fx_work_ms,3,0.0,0.0,0.0
cancel-direct,cancel,1512,982,REFINED,FAST,DirectDoubleRenderBackend,aa_fx_work_ms,3,0.0,0.0,0.0
cancel-deep,cancel,1512,982,FAST,FAST,MandelbrotPerturbationRenderBackend,fx_dispatch_ms,3,0.010667,0.011125,0.011125
cancel-deep,cancel,1512,982,FAST,FAST,MandelbrotPerturbationRenderBackend,plan_ms,3,0.497125,0.836,0.836
cancel-deep,cancel,1512,982,FAST,FAST,MandelbrotPerturbationRenderBackend,first_backend_region_ms,3,2.443083,2.942042,2.942042
cancel-deep,cancel,1512,982,FAST,FAST,MandelbrotPerturbationRenderBackend,backend_ms,3,1.885875,1.963583,1.963583
cancel-deep,cancel,1512,982,FAST,FAST,MandelbrotPerturbationRenderBackend,cancel_request_ms,3,2.443083,2.942042,2.942042
cancel-deep,cancel,1512,982,FAST,FAST,MandelbrotPerturbationRenderBackend,cancel_tail_ms,3,0.041667,0.061292,0.061292
cancel-deep,cancel,1512,982,FAST,FAST,MandelbrotPerturbationRenderBackend,base_fx_work_ms,3,0.0,0.0,0.0
cancel-deep,cancel,1512,982,FAST,FAST,MandelbrotPerturbationRenderBackend,aa_fx_work_ms,3,0.0,0.0,0.0
cancel-deep,cancel,1512,982,REFINED,FAST,MandelbrotPerturbationRenderBackend,fx_dispatch_ms,3,0.011791,0.012833,0.012833
cancel-deep,cancel,1512,982,REFINED,FAST,MandelbrotPerturbationRenderBackend,plan_ms,3,0.585709,1.54325,1.54325
cancel-deep,cancel,1512,982,REFINED,FAST,MandelbrotPerturbationRenderBackend,first_backend_region_ms,3,2.734708,3.881625,3.881625
cancel-deep,cancel,1512,982,REFINED,FAST,MandelbrotPerturbationRenderBackend,backend_ms,3,1.974334,1.993584,1.993584
cancel-deep,cancel,1512,982,REFINED,FAST,MandelbrotPerturbationRenderBackend,cancel_request_ms,3,2.734708,3.881625,3.881625
cancel-deep,cancel,1512,982,REFINED,FAST,MandelbrotPerturbationRenderBackend,cancel_tail_ms,3,0.041333,0.049,0.049
cancel-deep,cancel,1512,982,REFINED,FAST,MandelbrotPerturbationRenderBackend,base_fx_work_ms,3,0.0,0.0,0.0
cancel-deep,cancel,1512,982,REFINED,FAST,MandelbrotPerturbationRenderBackend,aa_fx_work_ms,3,0.0,0.0,0.0
mandelbrot-overview,render,3024,1964,FAST,FAST,DirectDoubleRenderBackend,fx_dispatch_ms,3,0.014625,0.015459,0.015459
mandelbrot-overview,render,3024,1964,FAST,FAST,DirectDoubleRenderBackend,plan_ms,3,1.969375,7.982041,7.982041
mandelbrot-overview,render,3024,1964,FAST,FAST,DirectDoubleRenderBackend,first_backend_region_ms,3,2.817667,28.586625,28.586625
mandelbrot-overview,render,3024,1964,FAST,FAST,DirectDoubleRenderBackend,backend_ms,3,42.660666,60.8975,60.8975
mandelbrot-overview,render,3024,1964,FAST,FAST,DirectDoubleRenderBackend,base_complete_ms,3,73.91675,116.244084,116.244084
mandelbrot-overview,render,3024,1964,FAST,FAST,DirectDoubleRenderBackend,first_base_publish_ms,3,2.931959,31.989375,31.989375
mandelbrot-overview,render,3024,1964,FAST,FAST,DirectDoubleRenderBackend,base_full_publish_ms,3,73.926292,116.252375,116.252375
mandelbrot-overview,render,3024,1964,FAST,FAST,DirectDoubleRenderBackend,first_visible_publish_ms,3,2.931959,31.989375,31.989375
mandelbrot-overview,render,3024,1964,FAST,FAST,DirectDoubleRenderBackend,full_publish_ms,3,73.929167,116.254834,116.254834
mandelbrot-overview,render,3024,1964,FAST,FAST,DirectDoubleRenderBackend,first_post_layout_ms,3,9.428042,36.208834,36.208834
mandelbrot-overview,render,3024,1964,FAST,FAST,DirectDoubleRenderBackend,full_post_layout_ms,3,73.961417,116.304709,116.304709
mandelbrot-overview,render,3024,1964,FAST,FAST,DirectDoubleRenderBackend,base_fx_work_ms,3,51.063375,52.571291,52.571291
mandelbrot-overview,render,3024,1964,FAST,FAST,DirectDoubleRenderBackend,aa_fx_work_ms,3,0.0,0.0,0.0
mandelbrot-overview,render,3024,1964,REFINED,FAST,DirectDoubleRenderBackend,fx_dispatch_ms,3,0.011875,0.015708,0.015708
mandelbrot-overview,render,3024,1964,REFINED,FAST,DirectDoubleRenderBackend,plan_ms,3,1.769708,2.119958,2.119958
mandelbrot-overview,render,3024,1964,REFINED,FAST,DirectDoubleRenderBackend,first_backend_region_ms,3,2.55225,3.206583,3.206583
mandelbrot-overview,render,3024,1964,REFINED,FAST,DirectDoubleRenderBackend,backend_ms,3,41.489875,43.491917,43.491917
mandelbrot-overview,render,3024,1964,REFINED,FAST,DirectDoubleRenderBackend,base_complete_ms,3,73.371958,73.470083,73.470083
mandelbrot-overview,render,3024,1964,REFINED,FAST,DirectDoubleRenderBackend,first_base_publish_ms,3,2.645,3.367458,3.367458
mandelbrot-overview,render,3024,1964,REFINED,FAST,DirectDoubleRenderBackend,base_full_publish_ms,3,73.378333,73.479125,73.479125
mandelbrot-overview,render,3024,1964,REFINED,FAST,DirectDoubleRenderBackend,first_visible_publish_ms,3,2.645,3.367458,3.367458
mandelbrot-overview,render,3024,1964,REFINED,FAST,DirectDoubleRenderBackend,full_publish_ms,3,73.380667,73.481791,73.481791
mandelbrot-overview,render,3024,1964,REFINED,FAST,DirectDoubleRenderBackend,first_post_layout_ms,3,7.628875,11.166083,11.166083
mandelbrot-overview,render,3024,1964,REFINED,FAST,DirectDoubleRenderBackend,full_post_layout_ms,3,73.411625,73.50975,73.50975
mandelbrot-overview,render,3024,1964,REFINED,FAST,DirectDoubleRenderBackend,base_fx_work_ms,3,50.456124,52.692792,52.692792
mandelbrot-overview,render,3024,1964,REFINED,FAST,DirectDoubleRenderBackend,aa_fx_work_ms,3,0.0,0.0,0.0
julia-overview,render,3024,1964,FAST,FAST,DirectDoubleRenderBackend,fx_dispatch_ms,3,0.012125,0.014709,0.014709
julia-overview,render,3024,1964,FAST,FAST,DirectDoubleRenderBackend,plan_ms,3,2.0345,36.133167,36.133167
julia-overview,render,3024,1964,FAST,FAST,DirectDoubleRenderBackend,first_backend_region_ms,3,3.671667,44.859667,44.859667
julia-overview,render,3024,1964,FAST,FAST,DirectDoubleRenderBackend,backend_ms,3,82.334875,89.468958,89.468958
julia-overview,render,3024,1964,FAST,FAST,DirectDoubleRenderBackend,base_complete_ms,3,106.874584,153.760125,153.760125
julia-overview,render,3024,1964,FAST,FAST,DirectDoubleRenderBackend,first_base_publish_ms,3,9.316917,45.122709,45.122709
julia-overview,render,3024,1964,FAST,FAST,DirectDoubleRenderBackend,base_full_publish_ms,3,106.882834,153.769042,153.769042
julia-overview,render,3024,1964,FAST,FAST,DirectDoubleRenderBackend,first_visible_publish_ms,3,9.316917,45.122709,45.122709
julia-overview,render,3024,1964,FAST,FAST,DirectDoubleRenderBackend,full_publish_ms,3,106.885584,153.772,153.772
julia-overview,render,3024,1964,FAST,FAST,DirectDoubleRenderBackend,first_post_layout_ms,3,13.404,52.203125,52.203125
julia-overview,render,3024,1964,FAST,FAST,DirectDoubleRenderBackend,full_post_layout_ms,3,106.952667,153.822334,153.822334
julia-overview,render,3024,1964,FAST,FAST,DirectDoubleRenderBackend,base_fx_work_ms,3,56.437165,56.969751,56.969751
julia-overview,render,3024,1964,FAST,FAST,DirectDoubleRenderBackend,aa_fx_work_ms,3,0.0,0.0,0.0
julia-overview,render,3024,1964,REFINED,FAST,DirectDoubleRenderBackend,fx_dispatch_ms,3,0.012542,0.012833,0.012833
julia-overview,render,3024,1964,REFINED,FAST,DirectDoubleRenderBackend,plan_ms,3,2.061833,9.24375,9.24375
julia-overview,render,3024,1964,REFINED,FAST,DirectDoubleRenderBackend,first_backend_region_ms,3,3.712,13.2785,13.2785
julia-overview,render,3024,1964,REFINED,FAST,DirectDoubleRenderBackend,backend_ms,3,86.581583,87.885583,87.885583
julia-overview,render,3024,1964,REFINED,FAST,DirectDoubleRenderBackend,base_complete_ms,3,109.275709,119.875375,119.875375
julia-overview,render,3024,1964,REFINED,FAST,DirectDoubleRenderBackend,first_base_publish_ms,3,5.172416,26.74975,26.74975
julia-overview,render,3024,1964,REFINED,FAST,DirectDoubleRenderBackend,base_full_publish_ms,3,109.283875,119.881,119.881
julia-overview,render,3024,1964,REFINED,FAST,DirectDoubleRenderBackend,first_visible_publish_ms,3,5.172416,26.74975,26.74975
julia-overview,render,3024,1964,REFINED,FAST,DirectDoubleRenderBackend,full_publish_ms,3,109.286917,119.883375,119.883375
julia-overview,render,3024,1964,REFINED,FAST,DirectDoubleRenderBackend,first_post_layout_ms,3,13.545542,35.22725,35.22725
julia-overview,render,3024,1964,REFINED,FAST,DirectDoubleRenderBackend,full_post_layout_ms,3,109.33525,119.939583,119.939583
julia-overview,render,3024,1964,REFINED,FAST,DirectDoubleRenderBackend,base_fx_work_ms,3,56.963042,57.124251,57.124251
julia-overview,render,3024,1964,REFINED,FAST,DirectDoubleRenderBackend,aa_fx_work_ms,3,0.0,0.0,0.0
multibrot_cubic-overview,render,3024,1964,FAST,FAST,DirectDoubleRenderBackend,fx_dispatch_ms,3,0.011833,0.012666,0.012666
multibrot_cubic-overview,render,3024,1964,FAST,FAST,DirectDoubleRenderBackend,plan_ms,3,1.826708,9.866167,9.866167
multibrot_cubic-overview,render,3024,1964,FAST,FAST,DirectDoubleRenderBackend,first_backend_region_ms,3,3.756708,14.73275,14.73275
multibrot_cubic-overview,render,3024,1964,FAST,FAST,DirectDoubleRenderBackend,backend_ms,3,141.961292,144.262709,144.262709
multibrot_cubic-overview,render,3024,1964,FAST,FAST,DirectDoubleRenderBackend,base_complete_ms,3,166.771416,183.199667,183.199667
multibrot_cubic-overview,render,3024,1964,FAST,FAST,DirectDoubleRenderBackend,first_base_publish_ms,3,9.88375,26.51875,26.51875
multibrot_cubic-overview,render,3024,1964,FAST,FAST,DirectDoubleRenderBackend,base_full_publish_ms,3,166.780083,183.212292,183.212292
multibrot_cubic-overview,render,3024,1964,FAST,FAST,DirectDoubleRenderBackend,first_visible_publish_ms,3,9.88375,26.51875,26.51875
multibrot_cubic-overview,render,3024,1964,FAST,FAST,DirectDoubleRenderBackend,full_publish_ms,3,166.782916,183.215917,183.215917
multibrot_cubic-overview,render,3024,1964,FAST,FAST,DirectDoubleRenderBackend,first_post_layout_ms,3,10.919666,29.777167,29.777167
multibrot_cubic-overview,render,3024,1964,FAST,FAST,DirectDoubleRenderBackend,full_post_layout_ms,3,166.833958,183.24775,183.24775
multibrot_cubic-overview,render,3024,1964,FAST,FAST,DirectDoubleRenderBackend,base_fx_work_ms,3,48.740834,49.232458,49.232458
multibrot_cubic-overview,render,3024,1964,FAST,FAST,DirectDoubleRenderBackend,aa_fx_work_ms,3,0.0,0.0,0.0
multibrot_cubic-overview,render,3024,1964,REFINED,FAST,DirectDoubleRenderBackend,fx_dispatch_ms,3,0.011833,0.013708,0.013708
multibrot_cubic-overview,render,3024,1964,REFINED,FAST,DirectDoubleRenderBackend,plan_ms,3,1.910834,1.9785,1.9785
multibrot_cubic-overview,render,3024,1964,REFINED,FAST,DirectDoubleRenderBackend,first_backend_region_ms,3,3.889541,3.901708,3.901708
multibrot_cubic-overview,render,3024,1964,REFINED,FAST,DirectDoubleRenderBackend,backend_ms,3,141.140583,141.724583,141.724583
multibrot_cubic-overview,render,3024,1964,REFINED,FAST,DirectDoubleRenderBackend,base_complete_ms,3,165.593083,166.678125,166.678125
multibrot_cubic-overview,render,3024,1964,REFINED,FAST,DirectDoubleRenderBackend,first_base_publish_ms,3,4.307083,4.328458,4.328458
multibrot_cubic-overview,render,3024,1964,REFINED,FAST,DirectDoubleRenderBackend,base_full_publish_ms,3,165.601416,166.686084,166.686084
multibrot_cubic-overview,render,3024,1964,REFINED,FAST,DirectDoubleRenderBackend,first_visible_publish_ms,3,4.307083,4.328458,4.328458
multibrot_cubic-overview,render,3024,1964,REFINED,FAST,DirectDoubleRenderBackend,full_publish_ms,3,165.604,166.688125,166.688125
multibrot_cubic-overview,render,3024,1964,REFINED,FAST,DirectDoubleRenderBackend,first_post_layout_ms,3,9.540291,10.468542,10.468542
multibrot_cubic-overview,render,3024,1964,REFINED,FAST,DirectDoubleRenderBackend,full_post_layout_ms,3,165.650166,166.719625,166.719625
multibrot_cubic-overview,render,3024,1964,REFINED,FAST,DirectDoubleRenderBackend,base_fx_work_ms,3,48.662918,49.332709,49.332709
multibrot_cubic-overview,render,3024,1964,REFINED,FAST,DirectDoubleRenderBackend,aa_fx_work_ms,3,0.0,0.0,0.0
burning_ship-overview,render,3024,1964,FAST,FAST,DirectDoubleRenderBackend,fx_dispatch_ms,3,0.012708,0.0145,0.0145
burning_ship-overview,render,3024,1964,FAST,FAST,DirectDoubleRenderBackend,plan_ms,3,2.018208,18.839875,18.839875
burning_ship-overview,render,3024,1964,FAST,FAST,DirectDoubleRenderBackend,first_backend_region_ms,3,4.068291,27.66875,27.66875
burning_ship-overview,render,3024,1964,FAST,FAST,DirectDoubleRenderBackend,backend_ms,3,160.047917,171.1715,171.1715
burning_ship-overview,render,3024,1964,FAST,FAST,DirectDoubleRenderBackend,base_complete_ms,3,179.9995,216.34375,216.34375
burning_ship-overview,render,3024,1964,FAST,FAST,DirectDoubleRenderBackend,first_base_publish_ms,3,9.50425,37.716833,37.716833
burning_ship-overview,render,3024,1964,FAST,FAST,DirectDoubleRenderBackend,base_full_publish_ms,3,180.009542,216.352875,216.352875
burning_ship-overview,render,3024,1964,FAST,FAST,DirectDoubleRenderBackend,first_visible_publish_ms,3,9.50425,37.716833,37.716833
burning_ship-overview,render,3024,1964,FAST,FAST,DirectDoubleRenderBackend,full_publish_ms,3,180.013917,216.355041,216.355041
burning_ship-overview,render,3024,1964,FAST,FAST,DirectDoubleRenderBackend,first_post_layout_ms,3,11.667458,40.928333,40.928333
burning_ship-overview,render,3024,1964,FAST,FAST,DirectDoubleRenderBackend,full_post_layout_ms,3,180.116542,216.384625,216.384625
burning_ship-overview,render,3024,1964,FAST,FAST,DirectDoubleRenderBackend,base_fx_work_ms,3,50.658374,51.467333,51.467333
burning_ship-overview,render,3024,1964,FAST,FAST,DirectDoubleRenderBackend,aa_fx_work_ms,3,0.0,0.0,0.0
burning_ship-overview,render,3024,1964,REFINED,FAST,DirectDoubleRenderBackend,fx_dispatch_ms,3,0.013459,0.013791,0.013791
burning_ship-overview,render,3024,1964,REFINED,FAST,DirectDoubleRenderBackend,plan_ms,3,2.178083,7.889917,7.889917
burning_ship-overview,render,3024,1964,REFINED,FAST,DirectDoubleRenderBackend,first_backend_region_ms,3,4.280792,11.306291,11.306291
burning_ship-overview,render,3024,1964,REFINED,FAST,DirectDoubleRenderBackend,backend_ms,3,162.451333,163.31875,163.31875
burning_ship-overview,render,3024,1964,REFINED,FAST,DirectDoubleRenderBackend,base_complete_ms,3,183.94925,192.082916,192.082916
burning_ship-overview,render,3024,1964,REFINED,FAST,DirectDoubleRenderBackend,first_base_publish_ms,3,4.374167,11.855,11.855
burning_ship-overview,render,3024,1964,REFINED,FAST,DirectDoubleRenderBackend,base_full_publish_ms,3,183.960584,192.092625,192.092625
burning_ship-overview,render,3024,1964,REFINED,FAST,DirectDoubleRenderBackend,first_visible_publish_ms,3,4.374167,11.855,11.855
burning_ship-overview,render,3024,1964,REFINED,FAST,DirectDoubleRenderBackend,full_publish_ms,3,183.965042,192.095208,192.095208
burning_ship-overview,render,3024,1964,REFINED,FAST,DirectDoubleRenderBackend,first_post_layout_ms,3,10.439583,17.931208,17.931208
burning_ship-overview,render,3024,1964,REFINED,FAST,DirectDoubleRenderBackend,full_post_layout_ms,3,183.99575,192.946291,192.946291
burning_ship-overview,render,3024,1964,REFINED,FAST,DirectDoubleRenderBackend,base_fx_work_ms,3,50.461833,52.709043,52.709043
burning_ship-overview,render,3024,1964,REFINED,FAST,DirectDoubleRenderBackend,aa_fx_work_ms,3,0.0,0.0,0.0
tricorn-overview,render,3024,1964,FAST,FAST,DirectDoubleRenderBackend,fx_dispatch_ms,3,0.013542,0.014334,0.014334
tricorn-overview,render,3024,1964,FAST,FAST,DirectDoubleRenderBackend,plan_ms,3,1.851667,2.014917,2.014917
tricorn-overview,render,3024,1964,FAST,FAST,DirectDoubleRenderBackend,first_backend_region_ms,3,3.256667,3.325167,3.325167
tricorn-overview,render,3024,1964,FAST,FAST,DirectDoubleRenderBackend,backend_ms,3,53.949125,54.351375,54.351375
tricorn-overview,render,3024,1964,FAST,FAST,DirectDoubleRenderBackend,base_complete_ms,3,84.334334,85.326959,85.326959
tricorn-overview,render,3024,1964,FAST,FAST,DirectDoubleRenderBackend,first_base_publish_ms,3,4.099792,6.140709,6.140709
tricorn-overview,render,3024,1964,FAST,FAST,DirectDoubleRenderBackend,base_full_publish_ms,3,84.341375,85.342792,85.342792
tricorn-overview,render,3024,1964,FAST,FAST,DirectDoubleRenderBackend,first_visible_publish_ms,3,4.099792,6.140709,6.140709
tricorn-overview,render,3024,1964,FAST,FAST,DirectDoubleRenderBackend,full_publish_ms,3,84.343709,85.344917,85.344917
tricorn-overview,render,3024,1964,FAST,FAST,DirectDoubleRenderBackend,first_post_layout_ms,3,10.998792,11.588542,11.588542
tricorn-overview,render,3024,1964,FAST,FAST,DirectDoubleRenderBackend,full_post_layout_ms,3,84.398334,85.389375,85.389375
tricorn-overview,render,3024,1964,FAST,FAST,DirectDoubleRenderBackend,base_fx_work_ms,3,52.436791,52.626166,52.626166
tricorn-overview,render,3024,1964,FAST,FAST,DirectDoubleRenderBackend,aa_fx_work_ms,3,0.0,0.0,0.0
tricorn-overview,render,3024,1964,REFINED,FAST,DirectDoubleRenderBackend,fx_dispatch_ms,3,0.015292,0.015541,0.015541
tricorn-overview,render,3024,1964,REFINED,FAST,DirectDoubleRenderBackend,plan_ms,3,1.993083,2.724208,2.724208
tricorn-overview,render,3024,1964,REFINED,FAST,DirectDoubleRenderBackend,first_backend_region_ms,3,3.885666,5.068459,5.068459
tricorn-overview,render,3024,1964,REFINED,FAST,DirectDoubleRenderBackend,backend_ms,3,53.466542,55.173417,55.173417
tricorn-overview,render,3024,1964,REFINED,FAST,DirectDoubleRenderBackend,base_complete_ms,3,83.625958,84.830125,84.830125
tricorn-overview,render,3024,1964,REFINED,FAST,DirectDoubleRenderBackend,first_base_publish_ms,3,3.954791,5.139834,5.139834
tricorn-overview,render,3024,1964,REFINED,FAST,DirectDoubleRenderBackend,base_full_publish_ms,3,83.633583,84.8365,84.8365
tricorn-overview,render,3024,1964,REFINED,FAST,DirectDoubleRenderBackend,first_visible_publish_ms,3,3.954791,5.139834,5.139834
tricorn-overview,render,3024,1964,REFINED,FAST,DirectDoubleRenderBackend,full_publish_ms,3,83.635791,84.838375,84.838375
tricorn-overview,render,3024,1964,REFINED,FAST,DirectDoubleRenderBackend,first_post_layout_ms,3,7.084083,7.217333,7.217333
tricorn-overview,render,3024,1964,REFINED,FAST,DirectDoubleRenderBackend,full_post_layout_ms,3,83.674958,84.877542,84.877542
tricorn-overview,render,3024,1964,REFINED,FAST,DirectDoubleRenderBackend,base_fx_work_ms,3,51.924,52.956043,52.956043
tricorn-overview,render,3024,1964,REFINED,FAST,DirectDoubleRenderBackend,aa_fx_work_ms,3,0.0,0.0,0.0
exterior,render,3024,1964,FAST,FAST,DirectDoubleRenderBackend,fx_dispatch_ms,3,0.011459,0.011875,0.011875
exterior,render,3024,1964,FAST,FAST,DirectDoubleRenderBackend,plan_ms,3,1.985083,2.680917,2.680917
exterior,render,3024,1964,FAST,FAST,DirectDoubleRenderBackend,first_backend_region_ms,3,3.084709,3.847917,3.847917
exterior,render,3024,1964,FAST,FAST,DirectDoubleRenderBackend,backend_ms,3,48.150875,48.275625,48.275625
exterior,render,3024,1964,FAST,FAST,DirectDoubleRenderBackend,base_complete_ms,3,77.68475,80.531917,80.531917
exterior,render,3024,1964,FAST,FAST,DirectDoubleRenderBackend,first_base_publish_ms,3,3.245833,3.899792,3.899792
exterior,render,3024,1964,FAST,FAST,DirectDoubleRenderBackend,base_full_publish_ms,3,77.698584,80.541,80.541
exterior,render,3024,1964,FAST,FAST,DirectDoubleRenderBackend,first_visible_publish_ms,3,3.245833,3.899792,3.899792
exterior,render,3024,1964,FAST,FAST,DirectDoubleRenderBackend,full_publish_ms,3,77.701709,80.543917,80.543917
exterior,render,3024,1964,FAST,FAST,DirectDoubleRenderBackend,first_post_layout_ms,3,6.170042,10.87325,10.87325
exterior,render,3024,1964,FAST,FAST,DirectDoubleRenderBackend,full_post_layout_ms,3,77.738292,80.580875,80.580875
exterior,render,3024,1964,FAST,FAST,DirectDoubleRenderBackend,base_fx_work_ms,3,55.122417,56.1755,56.1755
exterior,render,3024,1964,FAST,FAST,DirectDoubleRenderBackend,aa_fx_work_ms,3,0.0,0.0,0.0
exterior,render,3024,1964,REFINED,FAST,DirectDoubleRenderBackend,fx_dispatch_ms,3,0.011625,0.012917,0.012917
exterior,render,3024,1964,REFINED,FAST,DirectDoubleRenderBackend,plan_ms,3,1.83925,1.867625,1.867625
exterior,render,3024,1964,REFINED,FAST,DirectDoubleRenderBackend,first_backend_region_ms,3,2.988625,3.249375,3.249375
exterior,render,3024,1964,REFINED,FAST,DirectDoubleRenderBackend,backend_ms,3,51.023167,52.175042,52.175042
exterior,render,3024,1964,REFINED,FAST,DirectDoubleRenderBackend,base_complete_ms,3,77.964541,79.719167,79.719167
exterior,render,3024,1964,REFINED,FAST,DirectDoubleRenderBackend,first_base_publish_ms,3,3.116917,3.337458,3.337458
exterior,render,3024,1964,REFINED,FAST,DirectDoubleRenderBackend,base_full_publish_ms,3,77.973416,79.726458,79.726458
exterior,render,3024,1964,REFINED,FAST,DirectDoubleRenderBackend,first_visible_publish_ms,3,3.116917,3.337458,3.337458
exterior,render,3024,1964,REFINED,FAST,DirectDoubleRenderBackend,full_publish_ms,3,77.975916,79.728792,79.728792
exterior,render,3024,1964,REFINED,FAST,DirectDoubleRenderBackend,first_post_layout_ms,3,7.655875,9.6025,9.6025
exterior,render,3024,1964,REFINED,FAST,DirectDoubleRenderBackend,full_post_layout_ms,3,78.025333,79.790208,79.790208
exterior,render,3024,1964,REFINED,FAST,DirectDoubleRenderBackend,base_fx_work_ms,3,57.244209,57.533291,57.533291
exterior,render,3024,1964,REFINED,FAST,DirectDoubleRenderBackend,aa_fx_work_ms,3,0.0,0.0,0.0
seahorse-fixed,render,3024,1964,FAST,FAST,DirectDoubleRenderBackend,fx_dispatch_ms,3,0.01275,0.013125,0.013125
seahorse-fixed,render,3024,1964,FAST,FAST,DirectDoubleRenderBackend,plan_ms,3,1.888958,2.027209,2.027209
seahorse-fixed,render,3024,1964,FAST,FAST,DirectDoubleRenderBackend,first_backend_region_ms,3,3.217792,3.218459,3.218459
seahorse-fixed,render,3024,1964,FAST,FAST,DirectDoubleRenderBackend,backend_ms,3,121.039625,123.627333,123.627333
seahorse-fixed,render,3024,1964,FAST,FAST,DirectDoubleRenderBackend,base_complete_ms,3,138.301333,139.468,139.468
seahorse-fixed,render,3024,1964,FAST,FAST,DirectDoubleRenderBackend,first_base_publish_ms,3,8.433958,9.6575,9.6575
seahorse-fixed,render,3024,1964,FAST,FAST,DirectDoubleRenderBackend,base_full_publish_ms,3,138.309792,139.475708,139.475708
seahorse-fixed,render,3024,1964,FAST,FAST,DirectDoubleRenderBackend,first_visible_publish_ms,3,8.433958,9.6575,9.6575
seahorse-fixed,render,3024,1964,FAST,FAST,DirectDoubleRenderBackend,full_publish_ms,3,138.312167,139.477958,139.477958
seahorse-fixed,render,3024,1964,FAST,FAST,DirectDoubleRenderBackend,first_post_layout_ms,3,10.025792,11.288708,11.288708
seahorse-fixed,render,3024,1964,FAST,FAST,DirectDoubleRenderBackend,full_post_layout_ms,3,138.343167,139.570792,139.570792
seahorse-fixed,render,3024,1964,FAST,FAST,DirectDoubleRenderBackend,base_fx_work_ms,3,51.422333,52.009001,52.009001
seahorse-fixed,render,3024,1964,FAST,FAST,DirectDoubleRenderBackend,aa_fx_work_ms,3,0.0,0.0,0.0
seahorse-fixed,render,3024,1964,REFINED,FAST,DirectDoubleRenderBackend,fx_dispatch_ms,3,0.012917,0.014791,0.014791
seahorse-fixed,render,3024,1964,REFINED,FAST,DirectDoubleRenderBackend,plan_ms,3,2.018166,2.580542,2.580542
seahorse-fixed,render,3024,1964,REFINED,FAST,DirectDoubleRenderBackend,first_backend_region_ms,3,3.252167,3.75875,3.75875
seahorse-fixed,render,3024,1964,REFINED,FAST,DirectDoubleRenderBackend,backend_ms,3,122.240208,133.526292,133.526292
seahorse-fixed,render,3024,1964,REFINED,FAST,DirectDoubleRenderBackend,base_complete_ms,3,142.380625,150.300334,150.300334
seahorse-fixed,render,3024,1964,REFINED,FAST,DirectDoubleRenderBackend,first_base_publish_ms,3,5.211083,18.356625,18.356625
seahorse-fixed,render,3024,1964,REFINED,FAST,DirectDoubleRenderBackend,base_full_publish_ms,3,142.388583,150.306209,150.306209
seahorse-fixed,render,3024,1964,REFINED,FAST,DirectDoubleRenderBackend,first_visible_publish_ms,3,5.211083,18.356625,18.356625
seahorse-fixed,render,3024,1964,REFINED,FAST,DirectDoubleRenderBackend,full_publish_ms,3,142.392083,150.308459,150.308459
seahorse-fixed,render,3024,1964,REFINED,FAST,DirectDoubleRenderBackend,first_post_layout_ms,3,8.344416,21.146209,21.146209
seahorse-fixed,render,3024,1964,REFINED,FAST,DirectDoubleRenderBackend,full_post_layout_ms,3,149.029291,150.427667,150.427667
seahorse-fixed,render,3024,1964,REFINED,FAST,DirectDoubleRenderBackend,base_fx_work_ms,3,51.394207,51.604956,51.604956
seahorse-fixed,render,3024,1964,REFINED,FAST,DirectDoubleRenderBackend,aa_fx_work_ms,3,0.0,0.0,0.0
seahorse-adaptive,render,3024,1964,FAST,FAST,DirectDoubleRenderBackend,fx_dispatch_ms,3,0.013292,0.014667,0.014667
seahorse-adaptive,render,3024,1964,FAST,FAST,DirectDoubleRenderBackend,plan_ms,3,2.137375,19.360875,19.360875
seahorse-adaptive,render,3024,1964,FAST,FAST,DirectDoubleRenderBackend,first_backend_region_ms,3,3.3895,34.365667,34.365667
seahorse-adaptive,render,3024,1964,FAST,FAST,DirectDoubleRenderBackend,backend_ms,3,161.10575,170.55725,170.55725
seahorse-adaptive,render,3024,1964,FAST,FAST,DirectDoubleRenderBackend,base_complete_ms,3,179.831625,216.229875,216.229875
seahorse-adaptive,render,3024,1964,FAST,FAST,DirectDoubleRenderBackend,first_base_publish_ms,3,5.074334,34.960875,34.960875
seahorse-adaptive,render,3024,1964,FAST,FAST,DirectDoubleRenderBackend,base_full_publish_ms,3,179.839125,216.251084,216.251084
seahorse-adaptive,render,3024,1964,FAST,FAST,DirectDoubleRenderBackend,first_visible_publish_ms,3,5.074334,34.960875,34.960875
seahorse-adaptive,render,3024,1964,FAST,FAST,DirectDoubleRenderBackend,full_publish_ms,3,179.841375,216.256917,216.256917
seahorse-adaptive,render,3024,1964,FAST,FAST,DirectDoubleRenderBackend,first_post_layout_ms,3,10.855292,42.7735,42.7735
seahorse-adaptive,render,3024,1964,FAST,FAST,DirectDoubleRenderBackend,full_post_layout_ms,3,180.911125,219.875667,219.875667
seahorse-adaptive,render,3024,1964,FAST,FAST,DirectDoubleRenderBackend,base_fx_work_ms,3,51.46854,53.484373,53.484373
seahorse-adaptive,render,3024,1964,FAST,FAST,DirectDoubleRenderBackend,aa_fx_work_ms,3,0.0,0.0,0.0
seahorse-adaptive,render,3024,1964,REFINED,FAST,DirectDoubleRenderBackend,fx_dispatch_ms,3,0.012834,0.01425,0.01425
seahorse-adaptive,render,3024,1964,REFINED,FAST,DirectDoubleRenderBackend,plan_ms,3,1.925541,2.090667,2.090667
seahorse-adaptive,render,3024,1964,REFINED,FAST,DirectDoubleRenderBackend,first_backend_region_ms,3,3.242792,3.849709,3.849709
seahorse-adaptive,render,3024,1964,REFINED,FAST,DirectDoubleRenderBackend,backend_ms,3,162.054834,165.497667,165.497667
seahorse-adaptive,render,3024,1964,REFINED,FAST,DirectDoubleRenderBackend,base_complete_ms,3,180.288875,183.248,183.248
seahorse-adaptive,render,3024,1964,REFINED,FAST,DirectDoubleRenderBackend,first_base_publish_ms,3,5.720625,6.784167,6.784167
seahorse-adaptive,render,3024,1964,REFINED,FAST,DirectDoubleRenderBackend,base_full_publish_ms,3,180.296375,183.2555,183.2555
seahorse-adaptive,render,3024,1964,REFINED,FAST,DirectDoubleRenderBackend,first_visible_publish_ms,3,5.720625,6.784167,6.784167
seahorse-adaptive,render,3024,1964,REFINED,FAST,DirectDoubleRenderBackend,full_publish_ms,3,180.298875,183.258125,183.258125
seahorse-adaptive,render,3024,1964,REFINED,FAST,DirectDoubleRenderBackend,first_post_layout_ms,3,8.7225,10.265333,10.265333
seahorse-adaptive,render,3024,1964,REFINED,FAST,DirectDoubleRenderBackend,full_post_layout_ms,3,183.455834,183.693417,183.693417
seahorse-adaptive,render,3024,1964,REFINED,FAST,DirectDoubleRenderBackend,base_fx_work_ms,3,50.73725,53.253169,53.253169
seahorse-adaptive,render,3024,1964,REFINED,FAST,DirectDoubleRenderBackend,aa_fx_work_ms,3,0.0,0.0,0.0
mandelbrot-aa-regular,render,3024,1964,FAST,FAST,DirectDoubleRenderBackend,fx_dispatch_ms,3,0.012167,0.01275,0.01275
mandelbrot-aa-regular,render,3024,1964,FAST,FAST,DirectDoubleRenderBackend,plan_ms,3,1.841084,2.039375,2.039375
mandelbrot-aa-regular,render,3024,1964,FAST,FAST,DirectDoubleRenderBackend,first_backend_region_ms,3,2.592959,2.8895,2.8895
mandelbrot-aa-regular,render,3024,1964,FAST,FAST,DirectDoubleRenderBackend,backend_ms,3,40.035,41.169208,41.169208
mandelbrot-aa-regular,render,3024,1964,FAST,FAST,DirectDoubleRenderBackend,base_complete_ms,3,72.158459,73.274125,73.274125
mandelbrot-aa-regular,render,3024,1964,FAST,FAST,DirectDoubleRenderBackend,first_base_publish_ms,3,2.739959,2.988709,2.988709
mandelbrot-aa-regular,render,3024,1964,FAST,FAST,DirectDoubleRenderBackend,base_full_publish_ms,3,72.166292,73.286292,73.286292
mandelbrot-aa-regular,render,3024,1964,FAST,FAST,DirectDoubleRenderBackend,aa_ms,3,161.800625,170.208209,170.208209
mandelbrot-aa-regular,render,3024,1964,FAST,FAST,DirectDoubleRenderBackend,first_aa_publish_ms,3,76.590875,77.829792,77.829792
mandelbrot-aa-regular,render,3024,1964,FAST,FAST,DirectDoubleRenderBackend,first_visible_publish_ms,3,2.739959,2.988709,2.988709
mandelbrot-aa-regular,render,3024,1964,FAST,FAST,DirectDoubleRenderBackend,full_publish_ms,3,235.099209,241.93825,241.93825
mandelbrot-aa-regular,render,3024,1964,FAST,FAST,DirectDoubleRenderBackend,first_post_layout_ms,3,9.875959,9.983,9.983
mandelbrot-aa-regular,render,3024,1964,FAST,FAST,DirectDoubleRenderBackend,full_post_layout_ms,3,235.118917,241.962292,241.962292
mandelbrot-aa-regular,render,3024,1964,FAST,FAST,DirectDoubleRenderBackend,base_fx_work_ms,3,50.390916,51.035875,51.035875
mandelbrot-aa-regular,render,3024,1964,FAST,FAST,DirectDoubleRenderBackend,aa_fx_work_ms,3,6.984875,7.122797,7.122797
mandelbrot-aa-regular,render,3024,1964,REFINED,REFINED,DirectDoubleRenderBackend,fx_dispatch_ms,3,0.014375,0.014709,0.014709
mandelbrot-aa-regular,render,3024,1964,REFINED,REFINED,DirectDoubleRenderBackend,plan_ms,3,2.194167,4.763666,4.763666
mandelbrot-aa-regular,render,3024,1964,REFINED,REFINED,DirectDoubleRenderBackend,first_backend_region_ms,3,2.897458,5.698875,5.698875
mandelbrot-aa-regular,render,3024,1964,REFINED,REFINED,DirectDoubleRenderBackend,backend_ms,3,37.00625,37.537459,37.537459
mandelbrot-aa-regular,render,3024,1964,REFINED,REFINED,DirectDoubleRenderBackend,base_complete_ms,3,39.563292,43.168875,43.168875
mandelbrot-aa-regular,render,3024,1964,REFINED,REFINED,DirectDoubleRenderBackend,aa_ms,3,178.901083,192.647167,192.647167
mandelbrot-aa-regular,render,3024,1964,REFINED,REFINED,DirectDoubleRenderBackend,first_aa_publish_ms,3,58.759417,67.622916,67.622916
mandelbrot-aa-regular,render,3024,1964,REFINED,REFINED,DirectDoubleRenderBackend,first_visible_publish_ms,3,58.759417,67.622916,67.622916
mandelbrot-aa-regular,render,3024,1964,REFINED,REFINED,DirectDoubleRenderBackend,full_publish_ms,3,237.581458,247.472,247.472
mandelbrot-aa-regular,render,3024,1964,REFINED,REFINED,DirectDoubleRenderBackend,first_post_layout_ms,3,62.973416,73.941208,73.941208
mandelbrot-aa-regular,render,3024,1964,REFINED,REFINED,DirectDoubleRenderBackend,full_post_layout_ms,3,237.600208,247.497875,247.497875
mandelbrot-aa-regular,render,3024,1964,REFINED,REFINED,DirectDoubleRenderBackend,base_fx_work_ms,3,15.497459,15.546874,15.546874
mandelbrot-aa-regular,render,3024,1964,REFINED,REFINED,DirectDoubleRenderBackend,aa_fx_work_ms,3,6.538654,8.231549,8.231549
julia-aa-regular,render,3024,1964,FAST,FAST,DirectDoubleRenderBackend,fx_dispatch_ms,3,0.015833,0.018459,0.018459
julia-aa-regular,render,3024,1964,FAST,FAST,DirectDoubleRenderBackend,plan_ms,3,15.44175,15.553333,15.553333
julia-aa-regular,render,3024,1964,FAST,FAST,DirectDoubleRenderBackend,first_backend_region_ms,3,17.829,18.280667,18.280667
julia-aa-regular,render,3024,1964,FAST,FAST,DirectDoubleRenderBackend,backend_ms,3,88.982291,101.381917,101.381917
julia-aa-regular,render,3024,1964,FAST,FAST,DirectDoubleRenderBackend,base_complete_ms,3,128.852125,131.621916,131.621916
julia-aa-regular,render,3024,1964,FAST,FAST,DirectDoubleRenderBackend,first_base_publish_ms,3,19.127708,21.738125,21.738125
julia-aa-regular,render,3024,1964,FAST,FAST,DirectDoubleRenderBackend,base_full_publish_ms,3,128.878542,131.646916,131.646916
julia-aa-regular,render,3024,1964,FAST,FAST,DirectDoubleRenderBackend,aa_ms,3,814.48525,889.197625,889.197625
julia-aa-regular,render,3024,1964,FAST,FAST,DirectDoubleRenderBackend,first_aa_publish_ms,3,160.8995,178.478083,178.478083
julia-aa-regular,render,3024,1964,FAST,FAST,DirectDoubleRenderBackend,first_visible_publish_ms,3,19.127708,21.738125,21.738125
julia-aa-regular,render,3024,1964,FAST,FAST,DirectDoubleRenderBackend,full_publish_ms,3,946.144875,1013.857583,1013.857583
julia-aa-regular,render,3024,1964,FAST,FAST,DirectDoubleRenderBackend,first_post_layout_ms,3,26.967708,28.510542,28.510542
julia-aa-regular,render,3024,1964,FAST,FAST,DirectDoubleRenderBackend,full_post_layout_ms,3,946.162416,1014.367458,1014.367458
julia-aa-regular,render,3024,1964,FAST,FAST,DirectDoubleRenderBackend,base_fx_work_ms,3,58.820251,62.01775,62.01775
julia-aa-regular,render,3024,1964,FAST,FAST,DirectDoubleRenderBackend,aa_fx_work_ms,3,8.911964,8.950411,8.950411
julia-aa-regular,render,3024,1964,REFINED,REFINED,DirectDoubleRenderBackend,fx_dispatch_ms,3,0.0135,0.017,0.017
julia-aa-regular,render,3024,1964,REFINED,REFINED,DirectDoubleRenderBackend,plan_ms,3,11.654708,11.800167,11.800167
julia-aa-regular,render,3024,1964,REFINED,REFINED,DirectDoubleRenderBackend,first_backend_region_ms,3,13.623417,13.625458,13.625458
julia-aa-regular,render,3024,1964,REFINED,REFINED,DirectDoubleRenderBackend,backend_ms,3,83.214417,84.500125,84.500125
julia-aa-regular,render,3024,1964,REFINED,REFINED,DirectDoubleRenderBackend,base_complete_ms,3,95.634625,97.317417,97.317417
julia-aa-regular,render,3024,1964,REFINED,REFINED,DirectDoubleRenderBackend,aa_ms,3,783.517916,795.897291,795.897291
julia-aa-regular,render,3024,1964,REFINED,REFINED,DirectDoubleRenderBackend,first_aa_publish_ms,3,140.19325,141.824667,141.824667
julia-aa-regular,render,3024,1964,REFINED,REFINED,DirectDoubleRenderBackend,first_visible_publish_ms,3,140.19325,141.824667,141.824667
julia-aa-regular,render,3024,1964,REFINED,REFINED,DirectDoubleRenderBackend,full_publish_ms,3,894.17275,908.979625,908.979625
julia-aa-regular,render,3024,1964,REFINED,REFINED,DirectDoubleRenderBackend,first_post_layout_ms,3,147.37,156.26875,156.26875
julia-aa-regular,render,3024,1964,REFINED,REFINED,DirectDoubleRenderBackend,full_post_layout_ms,3,894.196625,909.001917,909.001917
julia-aa-regular,render,3024,1964,REFINED,REFINED,DirectDoubleRenderBackend,base_fx_work_ms,3,15.470293,15.726251,15.726251
julia-aa-regular,render,3024,1964,REFINED,REFINED,DirectDoubleRenderBackend,aa_fx_work_ms,3,8.689813,8.718375,8.718375
mandelbrot-aa-deterministic_jitter,render,3024,1964,FAST,FAST,DirectDoubleRenderBackend,fx_dispatch_ms,3,0.016,0.016042,0.016042
mandelbrot-aa-deterministic_jitter,render,3024,1964,FAST,FAST,DirectDoubleRenderBackend,plan_ms,3,4.836208,5.101792,5.101792
mandelbrot-aa-deterministic_jitter,render,3024,1964,FAST,FAST,DirectDoubleRenderBackend,first_backend_region_ms,3,5.833167,6.092083,6.092083
mandelbrot-aa-deterministic_jitter,render,3024,1964,FAST,FAST,DirectDoubleRenderBackend,backend_ms,3,42.824416,45.286875,45.286875
mandelbrot-aa-deterministic_jitter,render,3024,1964,FAST,FAST,DirectDoubleRenderBackend,base_complete_ms,3,76.8955,78.878166,78.878166
mandelbrot-aa-deterministic_jitter,render,3024,1964,FAST,FAST,DirectDoubleRenderBackend,first_base_publish_ms,3,5.9155,6.139833,6.139833
mandelbrot-aa-deterministic_jitter,render,3024,1964,FAST,FAST,DirectDoubleRenderBackend,base_full_publish_ms,3,76.9185,78.901458,78.901458
mandelbrot-aa-deterministic_jitter,render,3024,1964,FAST,FAST,DirectDoubleRenderBackend,aa_ms,3,172.70075,200.224959,200.224959
mandelbrot-aa-deterministic_jitter,render,3024,1964,FAST,FAST,DirectDoubleRenderBackend,first_aa_publish_ms,3,86.634208,88.31675,88.31675
mandelbrot-aa-deterministic_jitter,render,3024,1964,FAST,FAST,DirectDoubleRenderBackend,first_visible_publish_ms,3,5.9155,6.139833,6.139833
mandelbrot-aa-deterministic_jitter,render,3024,1964,FAST,FAST,DirectDoubleRenderBackend,full_publish_ms,3,249.631333,279.138833,279.138833
mandelbrot-aa-deterministic_jitter,render,3024,1964,FAST,FAST,DirectDoubleRenderBackend,first_post_layout_ms,3,9.996833,13.541625,13.541625
mandelbrot-aa-deterministic_jitter,render,3024,1964,FAST,FAST,DirectDoubleRenderBackend,full_post_layout_ms,3,249.65125,279.158583,279.158583
mandelbrot-aa-deterministic_jitter,render,3024,1964,FAST,FAST,DirectDoubleRenderBackend,base_fx_work_ms,3,51.482917,52.342167,52.342167
mandelbrot-aa-deterministic_jitter,render,3024,1964,FAST,FAST,DirectDoubleRenderBackend,aa_fx_work_ms,3,6.789399,6.819379,6.819379
mandelbrot-aa-deterministic_jitter,render,3024,1964,REFINED,REFINED,DirectDoubleRenderBackend,fx_dispatch_ms,3,0.014875,0.016834,0.016834
mandelbrot-aa-deterministic_jitter,render,3024,1964,REFINED,REFINED,DirectDoubleRenderBackend,plan_ms,3,4.78725,4.805125,4.805125
mandelbrot-aa-deterministic_jitter,render,3024,1964,REFINED,REFINED,DirectDoubleRenderBackend,first_backend_region_ms,3,5.7575,5.789042,5.789042
mandelbrot-aa-deterministic_jitter,render,3024,1964,REFINED,REFINED,DirectDoubleRenderBackend,backend_ms,3,38.023291,39.38775,39.38775
mandelbrot-aa-deterministic_jitter,render,3024,1964,REFINED,REFINED,DirectDoubleRenderBackend,base_complete_ms,3,43.745042,45.159417,45.159417
mandelbrot-aa-deterministic_jitter,render,3024,1964,REFINED,REFINED,DirectDoubleRenderBackend,aa_ms,3,170.684625,171.655208,171.655208
mandelbrot-aa-deterministic_jitter,render,3024,1964,REFINED,REFINED,DirectDoubleRenderBackend,first_aa_publish_ms,3,69.112584,70.301959,70.301959
mandelbrot-aa-deterministic_jitter,render,3024,1964,REFINED,REFINED,DirectDoubleRenderBackend,first_visible_publish_ms,3,69.112584,70.301959,70.301959
mandelbrot-aa-deterministic_jitter,render,3024,1964,REFINED,REFINED,DirectDoubleRenderBackend,full_publish_ms,3,230.062709,231.999,231.999
mandelbrot-aa-deterministic_jitter,render,3024,1964,REFINED,REFINED,DirectDoubleRenderBackend,first_post_layout_ms,3,70.845542,74.172209,74.172209
mandelbrot-aa-deterministic_jitter,render,3024,1964,REFINED,REFINED,DirectDoubleRenderBackend,full_post_layout_ms,3,230.084292,232.018375,232.018375
mandelbrot-aa-deterministic_jitter,render,3024,1964,REFINED,REFINED,DirectDoubleRenderBackend,base_fx_work_ms,3,15.399667,15.611916,15.611916
mandelbrot-aa-deterministic_jitter,render,3024,1964,REFINED,REFINED,DirectDoubleRenderBackend,aa_fx_work_ms,3,6.924223,7.131139,7.131139
julia-aa-deterministic_jitter,render,3024,1964,FAST,FAST,DirectDoubleRenderBackend,fx_dispatch_ms,3,0.013709,0.018125,0.018125
julia-aa-deterministic_jitter,render,3024,1964,FAST,FAST,DirectDoubleRenderBackend,plan_ms,3,12.189708,32.637708,32.637708
julia-aa-deterministic_jitter,render,3024,1964,FAST,FAST,DirectDoubleRenderBackend,first_backend_region_ms,3,14.255584,36.463125,36.463125
julia-aa-deterministic_jitter,render,3024,1964,FAST,FAST,DirectDoubleRenderBackend,backend_ms,3,87.005625,87.916833,87.916833
julia-aa-deterministic_jitter,render,3024,1964,FAST,FAST,DirectDoubleRenderBackend,base_complete_ms,3,120.363625,141.22125,141.22125
julia-aa-deterministic_jitter,render,3024,1964,FAST,FAST,DirectDoubleRenderBackend,first_base_publish_ms,3,17.982167,38.369583,38.369583
julia-aa-deterministic_jitter,render,3024,1964,FAST,FAST,DirectDoubleRenderBackend,base_full_publish_ms,3,120.388541,141.235875,141.235875
julia-aa-deterministic_jitter,render,3024,1964,FAST,FAST,DirectDoubleRenderBackend,aa_ms,3,796.312791,804.278916,804.278916
julia-aa-deterministic_jitter,render,3024,1964,FAST,FAST,DirectDoubleRenderBackend,first_aa_publish_ms,3,146.262416,169.452083,169.452083
julia-aa-deterministic_jitter,render,3024,1964,FAST,FAST,DirectDoubleRenderBackend,first_visible_publish_ms,3,17.982167,38.369583,38.369583
julia-aa-deterministic_jitter,render,3024,1964,FAST,FAST,DirectDoubleRenderBackend,full_publish_ms,3,916.714916,945.541083,945.541083
julia-aa-deterministic_jitter,render,3024,1964,FAST,FAST,DirectDoubleRenderBackend,first_post_layout_ms,3,24.005959,42.678083,42.678083
julia-aa-deterministic_jitter,render,3024,1964,FAST,FAST,DirectDoubleRenderBackend,full_post_layout_ms,3,916.734333,945.559708,945.559708
julia-aa-deterministic_jitter,render,3024,1964,FAST,FAST,DirectDoubleRenderBackend,base_fx_work_ms,3,57.365834,57.891792,57.891792
julia-aa-deterministic_jitter,render,3024,1964,FAST,FAST,DirectDoubleRenderBackend,aa_fx_work_ms,3,8.449657,8.652966,8.652966
julia-aa-deterministic_jitter,render,3024,1964,REFINED,REFINED,DirectDoubleRenderBackend,fx_dispatch_ms,3,0.015042,0.033958,0.033958
julia-aa-deterministic_jitter,render,3024,1964,REFINED,REFINED,DirectDoubleRenderBackend,plan_ms,3,14.462083,54.112,54.112
julia-aa-deterministic_jitter,render,3024,1964,REFINED,REFINED,DirectDoubleRenderBackend,first_backend_region_ms,3,16.979417,61.993666,61.993666
julia-aa-deterministic_jitter,render,3024,1964,REFINED,REFINED,DirectDoubleRenderBackend,backend_ms,3,84.66375,85.297459,85.297459
julia-aa-deterministic_jitter,render,3024,1964,REFINED,REFINED,DirectDoubleRenderBackend,base_complete_ms,3,100.717875,141.072916,141.072916
julia-aa-deterministic_jitter,render,3024,1964,REFINED,REFINED,DirectDoubleRenderBackend,aa_ms,3,840.134541,1180.352042,1180.352042
julia-aa-deterministic_jitter,render,3024,1964,REFINED,REFINED,DirectDoubleRenderBackend,first_aa_publish_ms,3,148.073709,210.152375,210.152375
julia-aa-deterministic_jitter,render,3024,1964,REFINED,REFINED,DirectDoubleRenderBackend,first_visible_publish_ms,3,148.073709,210.152375,210.152375
julia-aa-deterministic_jitter,render,3024,1964,REFINED,REFINED,DirectDoubleRenderBackend,full_publish_ms,3,956.230792,1337.673333,1337.673333
julia-aa-deterministic_jitter,render,3024,1964,REFINED,REFINED,DirectDoubleRenderBackend,first_post_layout_ms,3,153.376375,218.475916,218.475916
julia-aa-deterministic_jitter,render,3024,1964,REFINED,REFINED,DirectDoubleRenderBackend,full_post_layout_ms,3,956.264459,1337.832083,1337.832083
julia-aa-deterministic_jitter,render,3024,1964,REFINED,REFINED,DirectDoubleRenderBackend,base_fx_work_ms,3,15.753999,15.788667,15.788667
julia-aa-deterministic_jitter,render,3024,1964,REFINED,REFINED,DirectDoubleRenderBackend,aa_fx_work_ms,3,9.397078,15.837628,15.837628
julia-aa-retained,render,3024,1964,FAST,FAST,DirectDoubleRenderBackend,fx_dispatch_ms,3,0.014959,0.01725,0.01725
julia-aa-retained,render,3024,1964,FAST,FAST,DirectDoubleRenderBackend,plan_ms,3,16.243375,16.836375,16.836375
julia-aa-retained,render,3024,1964,FAST,FAST,DirectDoubleRenderBackend,first_backend_region_ms,3,19.143459,25.069,25.069
julia-aa-retained,render,3024,1964,FAST,FAST,DirectDoubleRenderBackend,backend_ms,3,88.250041,88.642125,88.642125
julia-aa-retained,render,3024,1964,FAST,FAST,DirectDoubleRenderBackend,base_complete_ms,3,125.142292,136.509875,136.509875
julia-aa-retained,render,3024,1964,FAST,FAST,DirectDoubleRenderBackend,first_base_publish_ms,3,30.511125,43.390916,43.390916
julia-aa-retained,render,3024,1964,FAST,FAST,DirectDoubleRenderBackend,base_full_publish_ms,3,125.166084,136.53325,136.53325
julia-aa-retained,render,3024,1964,FAST,FAST,DirectDoubleRenderBackend,aa_prepare_ms,3,788.046875,802.535334,802.535334
julia-aa-retained,render,3024,1964,FAST,FAST,DirectDoubleRenderBackend,aa_ms,3,141.248167,146.566292,146.566292
julia-aa-retained,render,3024,1964,FAST,FAST,DirectDoubleRenderBackend,first_aa_publish_ms,3,962.211625,990.1105,990.1105
julia-aa-retained,render,3024,1964,FAST,FAST,DirectDoubleRenderBackend,first_visible_publish_ms,3,30.511125,43.390916,43.390916
julia-aa-retained,render,3024,1964,FAST,FAST,DirectDoubleRenderBackend,full_publish_ms,3,1051.856542,1085.652291,1085.652291
julia-aa-retained,render,3024,1964,FAST,FAST,DirectDoubleRenderBackend,first_post_layout_ms,3,31.319,47.854458,47.854458
julia-aa-retained,render,3024,1964,FAST,FAST,DirectDoubleRenderBackend,full_post_layout_ms,3,1051.88175,1085.671875,1085.671875
julia-aa-retained,render,3024,1964,FAST,FAST,DirectDoubleRenderBackend,base_fx_work_ms,3,58.652336,58.912085,58.912085
julia-aa-retained,render,3024,1964,FAST,FAST,DirectDoubleRenderBackend,aa_fx_work_ms,3,6.136319,6.243348,6.243348
julia-aa-retained,render,3024,1964,REFINED,REFINED,DirectDoubleRenderBackend,fx_dispatch_ms,3,0.015,0.017542,0.017542
julia-aa-retained,render,3024,1964,REFINED,REFINED,DirectDoubleRenderBackend,plan_ms,3,27.528541,36.952291,36.952291
julia-aa-retained,render,3024,1964,REFINED,REFINED,DirectDoubleRenderBackend,first_backend_region_ms,3,34.413375,39.042958,39.042958
julia-aa-retained,render,3024,1964,REFINED,REFINED,DirectDoubleRenderBackend,backend_ms,3,85.542042,216.847833,216.847833
julia-aa-retained,render,3024,1964,REFINED,REFINED,DirectDoubleRenderBackend,base_complete_ms,3,123.576125,250.2475,250.2475
julia-aa-retained,render,3024,1964,REFINED,REFINED,DirectDoubleRenderBackend,aa_prepare_ms,3,879.936292,889.579166,889.579166
julia-aa-retained,render,3024,1964,REFINED,REFINED,DirectDoubleRenderBackend,aa_ms,3,214.082166,214.368041,214.368041
julia-aa-retained,render,3024,1964,REFINED,REFINED,DirectDoubleRenderBackend,first_aa_publish_ms,3,1084.085958,1207.735458,1207.735458
julia-aa-retained,render,3024,1964,REFINED,REFINED,DirectDoubleRenderBackend,first_visible_publish_ms,3,1084.085958,1207.735458,1207.735458
julia-aa-retained,render,3024,1964,REFINED,REFINED,DirectDoubleRenderBackend,full_publish_ms,3,1230.028958,1360.486291,1360.486291
julia-aa-retained,render,3024,1964,REFINED,REFINED,DirectDoubleRenderBackend,first_post_layout_ms,3,1154.500083,1226.255958,1226.255958
julia-aa-retained,render,3024,1964,REFINED,REFINED,DirectDoubleRenderBackend,full_post_layout_ms,3,1230.051542,1360.534875,1360.534875
julia-aa-retained,render,3024,1964,REFINED,REFINED,DirectDoubleRenderBackend,base_fx_work_ms,3,16.104667,16.633791,16.633791
julia-aa-retained,render,3024,1964,REFINED,REFINED,DirectDoubleRenderBackend,aa_fx_work_ms,3,7.723658,8.602731,8.602731
mandelbrot-histogram-aa,render,3024,1964,FAST,FAST,DirectDoubleRenderBackend,fx_dispatch_ms,3,0.018125,0.026708,0.026708
mandelbrot-histogram-aa,render,3024,1964,FAST,FAST,DirectDoubleRenderBackend,plan_ms,3,17.029084,36.513875,36.513875
mandelbrot-histogram-aa,render,3024,1964,FAST,FAST,DirectDoubleRenderBackend,first_backend_region_ms,3,19.726083,39.607375,39.607375
mandelbrot-histogram-aa,render,3024,1964,FAST,FAST,DirectDoubleRenderBackend,backend_ms,3,135.044583,137.169667,137.169667
mandelbrot-histogram-aa,render,3024,1964,FAST,FAST,DirectDoubleRenderBackend,base_complete_ms,3,168.740292,191.446125,191.446125
mandelbrot-histogram-aa,render,3024,1964,FAST,FAST,DirectDoubleRenderBackend,first_base_publish_ms,3,21.094708,45.768166,45.768166
mandelbrot-histogram-aa,render,3024,1964,FAST,FAST,DirectDoubleRenderBackend,base_full_publish_ms,3,217.297292,239.755041,239.755041
mandelbrot-histogram-aa,render,3024,1964,FAST,FAST,DirectDoubleRenderBackend,aa_ms,3,1021.232416,1026.265,1026.265
mandelbrot-histogram-aa,render,3024,1964,FAST,FAST,DirectDoubleRenderBackend,first_aa_publish_ms,3,270.7065,307.120458,307.120458
mandelbrot-histogram-aa,render,3024,1964,FAST,FAST,DirectDoubleRenderBackend,first_visible_publish_ms,3,21.094708,45.768166,45.768166
mandelbrot-histogram-aa,render,3024,1964,FAST,FAST,DirectDoubleRenderBackend,full_publish_ms,3,1238.010292,1261.008666,1261.008666
mandelbrot-histogram-aa,render,3024,1964,FAST,FAST,DirectDoubleRenderBackend,first_post_layout_ms,3,32.253833,51.847541,51.847541
mandelbrot-histogram-aa,render,3024,1964,FAST,FAST,DirectDoubleRenderBackend,full_post_layout_ms,3,1242.256708,1261.051958,1261.051958
mandelbrot-histogram-aa,render,3024,1964,FAST,FAST,DirectDoubleRenderBackend,base_fx_work_ms,3,109.168,112.526293,112.526293
mandelbrot-histogram-aa,render,3024,1964,FAST,FAST,DirectDoubleRenderBackend,aa_fx_work_ms,3,9.391339,10.054685,10.054685
mandelbrot-histogram-aa,render,3024,1964,REFINED,REFINED,DirectDoubleRenderBackend,fx_dispatch_ms,3,0.015583,0.0165,0.0165
mandelbrot-histogram-aa,render,3024,1964,REFINED,REFINED,DirectDoubleRenderBackend,plan_ms,3,6.741417,56.928458,56.928458
mandelbrot-histogram-aa,render,3024,1964,REFINED,REFINED,DirectDoubleRenderBackend,first_backend_region_ms,3,9.15525,62.524625,62.524625
mandelbrot-histogram-aa,render,3024,1964,REFINED,REFINED,DirectDoubleRenderBackend,backend_ms,3,123.365334,127.503208,127.503208
mandelbrot-histogram-aa,render,3024,1964,REFINED,REFINED,DirectDoubleRenderBackend,base_complete_ms,3,131.962833,189.356958,189.356958
mandelbrot-histogram-aa,render,3024,1964,REFINED,REFINED,DirectDoubleRenderBackend,aa_ms,3,985.729708,1015.4935,1015.4935
mandelbrot-histogram-aa,render,3024,1964,REFINED,REFINED,DirectDoubleRenderBackend,first_aa_publish_ms,3,215.281875,304.754208,304.754208
mandelbrot-histogram-aa,render,3024,1964,REFINED,REFINED,DirectDoubleRenderBackend,first_visible_publish_ms,3,215.281875,304.754208,304.754208
mandelbrot-histogram-aa,render,3024,1964,REFINED,REFINED,DirectDoubleRenderBackend,full_publish_ms,3,1149.2145,1236.389041,1236.389041
mandelbrot-histogram-aa,render,3024,1964,REFINED,REFINED,DirectDoubleRenderBackend,first_post_layout_ms,3,222.002667,310.1885,310.1885
mandelbrot-histogram-aa,render,3024,1964,REFINED,REFINED,DirectDoubleRenderBackend,full_post_layout_ms,3,1149.237458,1236.415791,1236.415791
mandelbrot-histogram-aa,render,3024,1964,REFINED,REFINED,DirectDoubleRenderBackend,base_fx_work_ms,3,31.500333,31.506165,31.506165
mandelbrot-histogram-aa,render,3024,1964,REFINED,REFINED,DirectDoubleRenderBackend,aa_fx_work_ms,3,9.250405,9.510562,9.510562
mandelbrot-trap-aa,render,3024,1964,FAST,FAST,DirectDoubleRenderBackend,fx_dispatch_ms,3,0.016625,0.213417,0.213417
mandelbrot-trap-aa,render,3024,1964,FAST,FAST,DirectDoubleRenderBackend,plan_ms,3,3.7955,4.129666,4.129666
mandelbrot-trap-aa,render,3024,1964,FAST,FAST,DirectDoubleRenderBackend,first_backend_region_ms,3,5.499625,6.021167,6.021167
mandelbrot-trap-aa,render,3024,1964,FAST,FAST,DirectDoubleRenderBackend,backend_ms,3,294.138333,307.279167,307.279167
mandelbrot-trap-aa,render,3024,1964,FAST,FAST,DirectDoubleRenderBackend,base_complete_ms,3,299.422,315.689,315.689
mandelbrot-trap-aa,render,3024,1964,FAST,FAST,DirectDoubleRenderBackend,first_base_publish_ms,3,6.012667,6.11325,6.11325
mandelbrot-trap-aa,render,3024,1964,FAST,FAST,DirectDoubleRenderBackend,base_full_publish_ms,3,299.436708,315.702917,315.702917
mandelbrot-trap-aa,render,3024,1964,FAST,FAST,DirectDoubleRenderBackend,aa_ms,3,917.927167,943.444167,943.444167
mandelbrot-trap-aa,render,3024,1964,FAST,FAST,DirectDoubleRenderBackend,first_aa_publish_ms,3,370.499583,387.995375,387.995375
mandelbrot-trap-aa,render,3024,1964,FAST,FAST,DirectDoubleRenderBackend,first_visible_publish_ms,3,6.012667,6.11325,6.11325
mandelbrot-trap-aa,render,3024,1964,FAST,FAST,DirectDoubleRenderBackend,full_publish_ms,3,1216.143083,1259.160875,1259.160875
mandelbrot-trap-aa,render,3024,1964,FAST,FAST,DirectDoubleRenderBackend,first_post_layout_ms,3,9.098667,10.295584,10.295584
mandelbrot-trap-aa,render,3024,1964,FAST,FAST,DirectDoubleRenderBackend,full_post_layout_ms,3,1216.656583,1259.180792,1259.180792
mandelbrot-trap-aa,render,3024,1964,FAST,FAST,DirectDoubleRenderBackend,base_fx_work_ms,3,72.858374,74.598959,74.598959
mandelbrot-trap-aa,render,3024,1964,FAST,FAST,DirectDoubleRenderBackend,aa_fx_work_ms,3,8.083008,8.312967,8.312967
mandelbrot-trap-aa,render,3024,1964,REFINED,REFINED,DirectDoubleRenderBackend,fx_dispatch_ms,3,0.01275,0.014084,0.014084
mandelbrot-trap-aa,render,3024,1964,REFINED,REFINED,DirectDoubleRenderBackend,plan_ms,3,2.824875,3.394958,3.394958
mandelbrot-trap-aa,render,3024,1964,REFINED,REFINED,DirectDoubleRenderBackend,first_backend_region_ms,3,4.936,4.96725,4.96725
mandelbrot-trap-aa,render,3024,1964,REFINED,REFINED,DirectDoubleRenderBackend,backend_ms,3,292.192583,293.104083,293.104083
mandelbrot-trap-aa,render,3024,1964,REFINED,REFINED,DirectDoubleRenderBackend,base_complete_ms,3,296.332541,297.220167,297.220167
mandelbrot-trap-aa,render,3024,1964,REFINED,REFINED,DirectDoubleRenderBackend,aa_ms,3,941.473125,947.514208,947.514208
mandelbrot-trap-aa,render,3024,1964,REFINED,REFINED,DirectDoubleRenderBackend,first_aa_publish_ms,3,382.630458,385.084375,385.084375
mandelbrot-trap-aa,render,3024,1964,REFINED,REFINED,DirectDoubleRenderBackend,first_visible_publish_ms,3,382.630458,385.084375,385.084375
mandelbrot-trap-aa,render,3024,1964,REFINED,REFINED,DirectDoubleRenderBackend,full_publish_ms,3,1253.281291,1260.591875,1260.591875
mandelbrot-trap-aa,render,3024,1964,REFINED,REFINED,DirectDoubleRenderBackend,first_post_layout_ms,3,389.715875,391.967959,391.967959
mandelbrot-trap-aa,render,3024,1964,REFINED,REFINED,DirectDoubleRenderBackend,full_post_layout_ms,3,1253.307875,1260.609334,1260.609334
mandelbrot-trap-aa,render,3024,1964,REFINED,REFINED,DirectDoubleRenderBackend,base_fx_work_ms,3,15.82175,15.834959,15.834959
mandelbrot-trap-aa,render,3024,1964,REFINED,REFINED,DirectDoubleRenderBackend,aa_fx_work_ms,3,7.718509,7.947214,7.947214
deep-glitch,render,3024,1964,FAST,FAST,MandelbrotPerturbationRenderBackend,fx_dispatch_ms,3,0.013667,0.014708,0.014708
deep-glitch,render,3024,1964,FAST,FAST,MandelbrotPerturbationRenderBackend,plan_ms,3,5.893,6.063833,6.063833
deep-glitch,render,3024,1964,FAST,FAST,MandelbrotPerturbationRenderBackend,first_backend_region_ms,3,12.685042,13.769291,13.769291
deep-glitch,render,3024,1964,FAST,FAST,MandelbrotPerturbationRenderBackend,backend_ms,3,7477.514958,7876.643584,7876.643584
deep-glitch,render,3024,1964,FAST,FAST,MandelbrotPerturbationRenderBackend,base_complete_ms,3,7484.958542,7884.101291,7884.101291
deep-glitch,render,3024,1964,FAST,FAST,MandelbrotPerturbationRenderBackend,first_base_publish_ms,3,22.962916,24.178542,24.178542
deep-glitch,render,3024,1964,FAST,FAST,MandelbrotPerturbationRenderBackend,base_full_publish_ms,3,7484.986417,7884.129916,7884.129916
deep-glitch,render,3024,1964,FAST,FAST,MandelbrotPerturbationRenderBackend,first_visible_publish_ms,3,22.962916,24.178542,24.178542
deep-glitch,render,3024,1964,FAST,FAST,MandelbrotPerturbationRenderBackend,full_publish_ms,3,7484.992958,7884.136125,7884.136125
deep-glitch,render,3024,1964,FAST,FAST,MandelbrotPerturbationRenderBackend,first_post_layout_ms,3,33.315583,35.566625,35.566625
deep-glitch,render,3024,1964,FAST,FAST,MandelbrotPerturbationRenderBackend,full_post_layout_ms,3,7489.745458,7887.164083,7887.164083
deep-glitch,render,3024,1964,FAST,FAST,MandelbrotPerturbationRenderBackend,base_fx_work_ms,3,66.227752,66.34637,66.34637
deep-glitch,render,3024,1964,FAST,FAST,MandelbrotPerturbationRenderBackend,aa_fx_work_ms,3,0.0,0.0,0.0
deep-glitch,render,3024,1964,REFINED,FAST,MandelbrotPerturbationRenderBackend,fx_dispatch_ms,3,0.015083,0.01775,0.01775
deep-glitch,render,3024,1964,REFINED,FAST,MandelbrotPerturbationRenderBackend,plan_ms,3,3.340083,3.381084,3.381084
deep-glitch,render,3024,1964,REFINED,FAST,MandelbrotPerturbationRenderBackend,first_backend_region_ms,3,7.68875,7.718,7.718
deep-glitch,render,3024,1964,REFINED,FAST,MandelbrotPerturbationRenderBackend,backend_ms,3,7398.702916,7444.14475,7444.14475
deep-glitch,render,3024,1964,REFINED,FAST,MandelbrotPerturbationRenderBackend,base_complete_ms,3,7402.827625,7448.106792,7448.106792
deep-glitch,render,3024,1964,REFINED,FAST,MandelbrotPerturbationRenderBackend,first_base_publish_ms,3,7.799708,8.080667,8.080667
deep-glitch,render,3024,1964,REFINED,FAST,MandelbrotPerturbationRenderBackend,base_full_publish_ms,3,7402.855917,7448.130167,7448.130167
deep-glitch,render,3024,1964,REFINED,FAST,MandelbrotPerturbationRenderBackend,first_visible_publish_ms,3,7.799708,8.080667,8.080667
deep-glitch,render,3024,1964,REFINED,FAST,MandelbrotPerturbationRenderBackend,full_publish_ms,3,7402.861208,7448.135125,7448.135125
deep-glitch,render,3024,1964,REFINED,FAST,MandelbrotPerturbationRenderBackend,first_post_layout_ms,3,8.755542,8.879167,8.879167
deep-glitch,render,3024,1964,REFINED,FAST,MandelbrotPerturbationRenderBackend,full_post_layout_ms,3,7408.107167,7449.721625,7449.721625
deep-glitch,render,3024,1964,REFINED,FAST,MandelbrotPerturbationRenderBackend,base_fx_work_ms,3,64.679164,66.563461,66.563461
deep-glitch,render,3024,1964,REFINED,FAST,MandelbrotPerturbationRenderBackend,aa_fx_work_ms,3,0.0,0.0,0.0
deep-glitch-aa,render,3024,1964,FAST,FAST,MandelbrotPerturbationRenderBackend,fx_dispatch_ms,3,0.013958,0.014125,0.014125
deep-glitch-aa,render,3024,1964,FAST,FAST,MandelbrotPerturbationRenderBackend,plan_ms,3,6.495208,10.849625,10.849625
deep-glitch-aa,render,3024,1964,FAST,FAST,MandelbrotPerturbationRenderBackend,first_backend_region_ms,3,14.143834,15.425875,15.425875
deep-glitch-aa,render,3024,1964,FAST,FAST,MandelbrotPerturbationRenderBackend,backend_ms,3,7421.083125,7440.627166,7440.627166
deep-glitch-aa,render,3024,1964,FAST,FAST,MandelbrotPerturbationRenderBackend,base_complete_ms,3,7432.716417,7450.772292,7450.772292
deep-glitch-aa,render,3024,1964,FAST,FAST,MandelbrotPerturbationRenderBackend,first_base_publish_ms,3,15.576667,18.861458,18.861458
deep-glitch-aa,render,3024,1964,FAST,FAST,MandelbrotPerturbationRenderBackend,base_full_publish_ms,3,7432.739667,7450.791084,7450.791084
deep-glitch-aa,render,3024,1964,FAST,FAST,MandelbrotPerturbationRenderBackend,aa_ms,3,11544.1775,11558.61425,11558.61425
deep-glitch-aa,render,3024,1964,FAST,FAST,MandelbrotPerturbationRenderBackend,first_aa_publish_ms,3,7443.659083,7484.601292,7484.601292
deep-glitch-aa,render,3024,1964,FAST,FAST,MandelbrotPerturbationRenderBackend,first_visible_publish_ms,3,15.576667,18.861458,18.861458
deep-glitch-aa,render,3024,1964,FAST,FAST,MandelbrotPerturbationRenderBackend,full_publish_ms,3,18817.5635,18991.3665,18991.3665
deep-glitch-aa,render,3024,1964,FAST,FAST,MandelbrotPerturbationRenderBackend,first_post_layout_ms,3,20.125625,20.875,20.875
deep-glitch-aa,render,3024,1964,FAST,FAST,MandelbrotPerturbationRenderBackend,full_post_layout_ms,3,18818.411125,18999.369667,18999.369667
deep-glitch-aa,render,3024,1964,FAST,FAST,MandelbrotPerturbationRenderBackend,base_fx_work_ms,3,64.088786,66.204286,66.204286
deep-glitch-aa,render,3024,1964,FAST,FAST,MandelbrotPerturbationRenderBackend,aa_fx_work_ms,3,14.221556,30.077596,30.077596
deep-glitch-aa,render,3024,1964,REFINED,FAST,MandelbrotPerturbationRenderBackend,fx_dispatch_ms,3,0.017416,0.031833,0.031833
deep-glitch-aa,render,3024,1964,REFINED,FAST,MandelbrotPerturbationRenderBackend,plan_ms,3,29.098167,33.611459,33.611459
deep-glitch-aa,render,3024,1964,REFINED,FAST,MandelbrotPerturbationRenderBackend,first_backend_region_ms,3,48.016958,55.608458,55.608458
deep-glitch-aa,render,3024,1964,REFINED,FAST,MandelbrotPerturbationRenderBackend,backend_ms,3,7550.824,7897.708,7897.708
deep-glitch-aa,render,3024,1964,REFINED,FAST,MandelbrotPerturbationRenderBackend,base_complete_ms,3,7585.839291,7933.29575,7933.29575
deep-glitch-aa,render,3024,1964,REFINED,FAST,MandelbrotPerturbationRenderBackend,first_base_publish_ms,3,48.319208,59.935208,59.935208
deep-glitch-aa,render,3024,1964,REFINED,FAST,MandelbrotPerturbationRenderBackend,base_full_publish_ms,3,7585.8705,7933.327125,7933.327125
deep-glitch-aa,render,3024,1964,REFINED,FAST,MandelbrotPerturbationRenderBackend,aa_ms,3,12654.35575,13624.119292,13624.119292
deep-glitch-aa,render,3024,1964,REFINED,FAST,MandelbrotPerturbationRenderBackend,first_aa_publish_ms,3,7626.687791,7960.853,7960.853
deep-glitch-aa,render,3024,1964,REFINED,FAST,MandelbrotPerturbationRenderBackend,first_visible_publish_ms,3,48.319208,59.935208,59.935208
deep-glitch-aa,render,3024,1964,REFINED,FAST,MandelbrotPerturbationRenderBackend,full_publish_ms,3,20240.276125,21557.517667,21557.517667
deep-glitch-aa,render,3024,1964,REFINED,FAST,MandelbrotPerturbationRenderBackend,first_post_layout_ms,3,50.51875,66.786958,66.786958
deep-glitch-aa,render,3024,1964,REFINED,FAST,MandelbrotPerturbationRenderBackend,full_post_layout_ms,3,20240.486916,21559.005167,21559.005167
deep-glitch-aa,render,3024,1964,REFINED,FAST,MandelbrotPerturbationRenderBackend,base_fx_work_ms,3,67.886242,69.31725,69.31725
deep-glitch-aa,render,3024,1964,REFINED,FAST,MandelbrotPerturbationRenderBackend,aa_fx_work_ms,3,18.764528,18.986034,18.986034
deep-bla,render,3024,1964,FAST,FAST,MandelbrotPerturbationRenderBackend,fx_dispatch_ms,3,0.017375,0.226292,0.226292
deep-bla,render,3024,1964,FAST,FAST,MandelbrotPerturbationRenderBackend,plan_ms,3,3.348166,3.547333,3.547333
deep-bla,render,3024,1964,FAST,FAST,MandelbrotPerturbationRenderBackend,first_backend_region_ms,3,7.984667,8.283958,8.283958
deep-bla,render,3024,1964,FAST,FAST,MandelbrotPerturbationRenderBackend,backend_ms,3,519.403958,541.479833,541.479833
deep-bla,render,3024,1964,FAST,FAST,MandelbrotPerturbationRenderBackend,base_complete_ms,3,526.498125,545.145417,545.145417
deep-bla,render,3024,1964,FAST,FAST,MandelbrotPerturbationRenderBackend,first_base_publish_ms,3,8.044375,8.333625,8.333625
deep-bla,render,3024,1964,FAST,FAST,MandelbrotPerturbationRenderBackend,base_full_publish_ms,3,526.515167,545.157,545.157
deep-bla,render,3024,1964,FAST,FAST,MandelbrotPerturbationRenderBackend,first_visible_publish_ms,3,8.044375,8.333625,8.333625
deep-bla,render,3024,1964,FAST,FAST,MandelbrotPerturbationRenderBackend,full_publish_ms,3,526.519417,545.159875,545.159875
deep-bla,render,3024,1964,FAST,FAST,MandelbrotPerturbationRenderBackend,first_post_layout_ms,3,8.924417,12.9835,12.9835
deep-bla,render,3024,1964,FAST,FAST,MandelbrotPerturbationRenderBackend,full_post_layout_ms,3,526.819792,545.55225,545.55225
deep-bla,render,3024,1964,FAST,FAST,MandelbrotPerturbationRenderBackend,base_fx_work_ms,3,78.575169,81.458585,81.458585
deep-bla,render,3024,1964,FAST,FAST,MandelbrotPerturbationRenderBackend,aa_fx_work_ms,3,0.0,0.0,0.0
deep-bla,render,3024,1964,REFINED,FAST,MandelbrotPerturbationRenderBackend,fx_dispatch_ms,3,0.016334,0.017,0.017
deep-bla,render,3024,1964,REFINED,FAST,MandelbrotPerturbationRenderBackend,plan_ms,3,2.553125,2.556209,2.556209
deep-bla,render,3024,1964,REFINED,FAST,MandelbrotPerturbationRenderBackend,first_backend_region_ms,3,7.188834,7.447917,7.447917
deep-bla,render,3024,1964,REFINED,FAST,MandelbrotPerturbationRenderBackend,backend_ms,3,485.948667,493.948667,493.948667
deep-bla,render,3024,1964,REFINED,FAST,MandelbrotPerturbationRenderBackend,base_complete_ms,3,489.374417,499.890792,499.890792
deep-bla,render,3024,1964,REFINED,FAST,MandelbrotPerturbationRenderBackend,first_base_publish_ms,3,7.357334,7.484625,7.484625
deep-bla,render,3024,1964,REFINED,FAST,MandelbrotPerturbationRenderBackend,base_full_publish_ms,3,489.39925,499.91425,499.91425
deep-bla,render,3024,1964,REFINED,FAST,MandelbrotPerturbationRenderBackend,first_visible_publish_ms,3,7.357334,7.484625,7.484625
deep-bla,render,3024,1964,REFINED,FAST,MandelbrotPerturbationRenderBackend,full_publish_ms,3,489.404167,499.91875,499.91875
deep-bla,render,3024,1964,REFINED,FAST,MandelbrotPerturbationRenderBackend,first_post_layout_ms,3,10.16925,13.764375,13.764375
deep-bla,render,3024,1964,REFINED,FAST,MandelbrotPerturbationRenderBackend,full_post_layout_ms,3,492.651042,500.982917,500.982917
deep-bla,render,3024,1964,REFINED,FAST,MandelbrotPerturbationRenderBackend,base_fx_work_ms,3,70.616249,72.577292,72.577292
deep-bla,render,3024,1964,REFINED,FAST,MandelbrotPerturbationRenderBackend,aa_fx_work_ms,3,0.0,0.0,0.0
deep-boundary,render,3024,1964,FAST,FAST,MandelbrotPerturbationRenderBackend,fx_dispatch_ms,3,0.0145,0.015,0.015
deep-boundary,render,3024,1964,FAST,FAST,MandelbrotPerturbationRenderBackend,plan_ms,3,1.984875,2.326916,2.326916
deep-boundary,render,3024,1964,FAST,FAST,MandelbrotPerturbationRenderBackend,first_backend_region_ms,3,6.190541,6.319625,6.319625
deep-boundary,render,3024,1964,FAST,FAST,MandelbrotPerturbationRenderBackend,backend_ms,3,499.604916,504.734541,504.734541
deep-boundary,render,3024,1964,FAST,FAST,MandelbrotPerturbationRenderBackend,base_complete_ms,3,503.652708,509.639041,509.639041
deep-boundary,render,3024,1964,FAST,FAST,MandelbrotPerturbationRenderBackend,first_base_publish_ms,3,6.394041,7.157875,7.157875
deep-boundary,render,3024,1964,FAST,FAST,MandelbrotPerturbationRenderBackend,base_full_publish_ms,3,503.676708,509.664833,509.664833
deep-boundary,render,3024,1964,FAST,FAST,MandelbrotPerturbationRenderBackend,first_visible_publish_ms,3,6.394041,7.157875,7.157875
deep-boundary,render,3024,1964,FAST,FAST,MandelbrotPerturbationRenderBackend,full_publish_ms,3,503.681791,509.670375,509.670375
deep-boundary,render,3024,1964,FAST,FAST,MandelbrotPerturbationRenderBackend,first_post_layout_ms,3,9.567458,14.147666,14.147666
deep-boundary,render,3024,1964,FAST,FAST,MandelbrotPerturbationRenderBackend,full_post_layout_ms,3,507.548916,509.7035,509.7035
deep-boundary,render,3024,1964,FAST,FAST,MandelbrotPerturbationRenderBackend,base_fx_work_ms,3,67.379125,68.433417,68.433417
deep-boundary,render,3024,1964,FAST,FAST,MandelbrotPerturbationRenderBackend,aa_fx_work_ms,3,0.0,0.0,0.0
deep-boundary,render,3024,1964,REFINED,FAST,MandelbrotPerturbationRenderBackend,fx_dispatch_ms,3,0.016958,0.027375,0.027375
deep-boundary,render,3024,1964,REFINED,FAST,MandelbrotPerturbationRenderBackend,plan_ms,3,2.332625,3.322208,3.322208
deep-boundary,render,3024,1964,REFINED,FAST,MandelbrotPerturbationRenderBackend,first_backend_region_ms,3,8.294916,11.180833,11.180833
deep-boundary,render,3024,1964,REFINED,FAST,MandelbrotPerturbationRenderBackend,backend_ms,3,500.9325,517.964458,517.964458
deep-boundary,render,3024,1964,REFINED,FAST,MandelbrotPerturbationRenderBackend,base_complete_ms,3,507.028333,523.121708,523.121708
deep-boundary,render,3024,1964,REFINED,FAST,MandelbrotPerturbationRenderBackend,first_base_publish_ms,3,8.345541,15.6475,15.6475
deep-boundary,render,3024,1964,REFINED,FAST,MandelbrotPerturbationRenderBackend,base_full_publish_ms,3,507.055791,523.149583,523.149583
deep-boundary,render,3024,1964,REFINED,FAST,MandelbrotPerturbationRenderBackend,first_visible_publish_ms,3,8.345541,15.6475,15.6475
deep-boundary,render,3024,1964,REFINED,FAST,MandelbrotPerturbationRenderBackend,full_publish_ms,3,507.061583,523.155833,523.155833
deep-boundary,render,3024,1964,REFINED,FAST,MandelbrotPerturbationRenderBackend,first_post_layout_ms,3,16.055916,17.087083,17.087083
deep-boundary,render,3024,1964,REFINED,FAST,MandelbrotPerturbationRenderBackend,full_post_layout_ms,3,508.092791,523.189333,523.189333
deep-boundary,render,3024,1964,REFINED,FAST,MandelbrotPerturbationRenderBackend,base_fx_work_ms,3,66.695879,69.195249,69.195249
deep-boundary,render,3024,1964,REFINED,FAST,MandelbrotPerturbationRenderBackend,aa_fx_work_ms,3,0.0,0.0,0.0
scaled-exponent,render,3024,1964,FAST,FAST,MandelbrotPerturbationRenderBackend,fx_dispatch_ms,3,0.0185,0.019833,0.019833
scaled-exponent,render,3024,1964,FAST,FAST,MandelbrotPerturbationRenderBackend,plan_ms,3,2.703042,3.495166,3.495166
scaled-exponent,render,3024,1964,FAST,FAST,MandelbrotPerturbationRenderBackend,first_backend_region_ms,3,29.824125,30.575375,30.575375
scaled-exponent,render,3024,1964,FAST,FAST,MandelbrotPerturbationRenderBackend,backend_ms,3,889.988208,940.864,940.864
scaled-exponent,render,3024,1964,FAST,FAST,MandelbrotPerturbationRenderBackend,base_complete_ms,3,895.084792,945.292791,945.292791
scaled-exponent,render,3024,1964,FAST,FAST,MandelbrotPerturbationRenderBackend,first_base_publish_ms,3,29.904417,30.729458,30.729458
scaled-exponent,render,3024,1964,FAST,FAST,MandelbrotPerturbationRenderBackend,base_full_publish_ms,3,895.110333,945.31825,945.31825
scaled-exponent,render,3024,1964,FAST,FAST,MandelbrotPerturbationRenderBackend,first_visible_publish_ms,3,29.904417,30.729458,30.729458
scaled-exponent,render,3024,1964,FAST,FAST,MandelbrotPerturbationRenderBackend,full_publish_ms,3,895.115167,945.324041,945.324041
scaled-exponent,render,3024,1964,FAST,FAST,MandelbrotPerturbationRenderBackend,first_post_layout_ms,3,36.498792,41.272333,41.272333
scaled-exponent,render,3024,1964,FAST,FAST,MandelbrotPerturbationRenderBackend,full_post_layout_ms,3,899.678292,947.3375,947.3375
scaled-exponent,render,3024,1964,FAST,FAST,MandelbrotPerturbationRenderBackend,base_fx_work_ms,3,72.919667,76.849748,76.849748
scaled-exponent,render,3024,1964,FAST,FAST,MandelbrotPerturbationRenderBackend,aa_fx_work_ms,3,0.0,0.0,0.0
scaled-exponent,render,3024,1964,REFINED,FAST,MandelbrotPerturbationRenderBackend,fx_dispatch_ms,3,0.015667,0.15875,0.15875
scaled-exponent,render,3024,1964,REFINED,FAST,MandelbrotPerturbationRenderBackend,plan_ms,3,2.034833,2.731042,2.731042
scaled-exponent,render,3024,1964,REFINED,FAST,MandelbrotPerturbationRenderBackend,first_backend_region_ms,3,29.937292,30.145209,30.145209
scaled-exponent,render,3024,1964,REFINED,FAST,MandelbrotPerturbationRenderBackend,backend_ms,3,953.688916,1027.854917,1027.854917
scaled-exponent,render,3024,1964,REFINED,FAST,MandelbrotPerturbationRenderBackend,base_complete_ms,3,958.180417,1030.721042,1030.721042
scaled-exponent,render,3024,1964,REFINED,FAST,MandelbrotPerturbationRenderBackend,first_base_publish_ms,3,30.029,30.188459,30.188459
scaled-exponent,render,3024,1964,REFINED,FAST,MandelbrotPerturbationRenderBackend,base_full_publish_ms,3,958.193125,1030.732334,1030.732334
scaled-exponent,render,3024,1964,REFINED,FAST,MandelbrotPerturbationRenderBackend,first_visible_publish_ms,3,30.029,30.188459,30.188459
scaled-exponent,render,3024,1964,REFINED,FAST,MandelbrotPerturbationRenderBackend,full_publish_ms,3,958.196375,1030.735417,1030.735417
scaled-exponent,render,3024,1964,REFINED,FAST,MandelbrotPerturbationRenderBackend,first_post_layout_ms,3,34.639084,35.236042,35.236042
scaled-exponent,render,3024,1964,REFINED,FAST,MandelbrotPerturbationRenderBackend,full_post_layout_ms,3,958.221667,1034.627125,1034.627125
scaled-exponent,render,3024,1964,REFINED,FAST,MandelbrotPerturbationRenderBackend,base_fx_work_ms,3,69.325169,74.467707,74.467707
scaled-exponent,render,3024,1964,REFINED,FAST,MandelbrotPerturbationRenderBackend,aa_fx_work_ms,3,0.0,0.0,0.0
direct-deep-reverse,direct,3024,1964,FAST,FAST,DirectDoubleRenderBackend,fx_dispatch_ms,3,0.013458,0.017791,0.017791
direct-deep-reverse,direct,3024,1964,FAST,FAST,DirectDoubleRenderBackend,plan_ms,3,3.529917,3.762583,3.762583
direct-deep-reverse,direct,3024,1964,FAST,FAST,DirectDoubleRenderBackend,first_backend_region_ms,3,9.663583,10.110833,10.110833
direct-deep-reverse,direct,3024,1964,FAST,FAST,DirectDoubleRenderBackend,backend_ms,3,2479.6305,2486.675375,2486.675375
direct-deep-reverse,direct,3024,1964,FAST,FAST,DirectDoubleRenderBackend,base_complete_ms,3,2484.094083,2489.344083,2489.344083
direct-deep-reverse,direct,3024,1964,FAST,FAST,DirectDoubleRenderBackend,first_base_publish_ms,3,9.813375,13.606708,13.606708
direct-deep-reverse,direct,3024,1964,FAST,FAST,DirectDoubleRenderBackend,base_full_publish_ms,3,2484.123416,2489.355166,2489.355166
direct-deep-reverse,direct,3024,1964,FAST,FAST,DirectDoubleRenderBackend,first_visible_publish_ms,3,9.813375,13.606708,13.606708
direct-deep-reverse,direct,3024,1964,FAST,FAST,DirectDoubleRenderBackend,full_publish_ms,3,2484.136333,2489.358875,2489.358875
direct-deep-reverse,direct,3024,1964,FAST,FAST,DirectDoubleRenderBackend,first_post_layout_ms,3,18.405416,21.865375,21.865375
direct-deep-reverse,direct,3024,1964,FAST,FAST,DirectDoubleRenderBackend,full_post_layout_ms,3,2491.879166,2494.246333,2494.246333
direct-deep-reverse,direct,3024,1964,FAST,FAST,DirectDoubleRenderBackend,base_fx_work_ms,3,60.29692,60.96437,60.96437
direct-deep-reverse,direct,3024,1964,FAST,FAST,DirectDoubleRenderBackend,aa_fx_work_ms,3,0.0,0.0,0.0
direct-deep-reverse,deep,3024,1964,FAST,FAST,MandelbrotPerturbationRenderBackend,fx_dispatch_ms,3,0.01375,0.013792,0.013792
direct-deep-reverse,deep,3024,1964,FAST,FAST,MandelbrotPerturbationRenderBackend,plan_ms,3,2.113125,26.381083,26.381083
direct-deep-reverse,deep,3024,1964,FAST,FAST,MandelbrotPerturbationRenderBackend,first_backend_region_ms,3,6.500709,33.467958,33.467958
direct-deep-reverse,deep,3024,1964,FAST,FAST,MandelbrotPerturbationRenderBackend,backend_ms,3,7464.968542,7565.655625,7565.655625
direct-deep-reverse,deep,3024,1964,FAST,FAST,MandelbrotPerturbationRenderBackend,base_complete_ms,3,7467.760708,7595.266542,7595.266542
direct-deep-reverse,deep,3024,1964,FAST,FAST,MandelbrotPerturbationRenderBackend,first_base_publish_ms,3,7.301792,36.432833,36.432833
direct-deep-reverse,deep,3024,1964,FAST,FAST,MandelbrotPerturbationRenderBackend,base_full_publish_ms,3,7467.807875,7595.298083,7595.298083
direct-deep-reverse,deep,3024,1964,FAST,FAST,MandelbrotPerturbationRenderBackend,first_visible_publish_ms,3,7.301792,36.432833,36.432833
direct-deep-reverse,deep,3024,1964,FAST,FAST,MandelbrotPerturbationRenderBackend,full_publish_ms,3,7467.815166,7595.30375,7595.30375
direct-deep-reverse,deep,3024,1964,FAST,FAST,MandelbrotPerturbationRenderBackend,first_post_layout_ms,3,9.164917,40.952208,40.952208
direct-deep-reverse,deep,3024,1964,FAST,FAST,MandelbrotPerturbationRenderBackend,full_post_layout_ms,3,7473.720125,7598.634625,7598.634625
direct-deep-reverse,deep,3024,1964,FAST,FAST,MandelbrotPerturbationRenderBackend,base_fx_work_ms,3,67.602545,69.137235,69.137235
direct-deep-reverse,deep,3024,1964,FAST,FAST,MandelbrotPerturbationRenderBackend,aa_fx_work_ms,3,0.0,0.0,0.0
direct-deep-reverse,reverse,3024,1964,FAST,FAST,DirectDoubleRenderBackend,fx_dispatch_ms,3,0.01475,0.019208,0.019208
direct-deep-reverse,reverse,3024,1964,FAST,FAST,DirectDoubleRenderBackend,plan_ms,3,8.681792,11.885209,11.885209
direct-deep-reverse,reverse,3024,1964,FAST,FAST,DirectDoubleRenderBackend,backend_ms,3,4831.795416,4847.951916,4847.951916
direct-deep-reverse,reverse,3024,1964,FAST,FAST,DirectDoubleRenderBackend,base_complete_ms,3,4883.8255,4899.367958,4899.367958
direct-deep-reverse,reverse,3024,1964,FAST,FAST,DirectDoubleRenderBackend,first_base_publish_ms,3,51.829291,55.271875,55.271875
direct-deep-reverse,reverse,3024,1964,FAST,FAST,DirectDoubleRenderBackend,base_full_publish_ms,3,4925.768083,4941.123625,4941.123625
direct-deep-reverse,reverse,3024,1964,FAST,FAST,DirectDoubleRenderBackend,first_visible_publish_ms,3,51.829291,55.271875,55.271875
direct-deep-reverse,reverse,3024,1964,FAST,FAST,DirectDoubleRenderBackend,full_publish_ms,3,4925.774583,4941.129833,4941.129833
direct-deep-reverse,reverse,3024,1964,FAST,FAST,DirectDoubleRenderBackend,first_post_layout_ms,3,52.013625,55.483,55.483
direct-deep-reverse,reverse,3024,1964,FAST,FAST,DirectDoubleRenderBackend,full_post_layout_ms,3,4932.175208,4948.314208,4948.314208
direct-deep-reverse,reverse,3024,1964,FAST,FAST,DirectDoubleRenderBackend,base_fx_work_ms,3,41.942583,41.97525,41.97525
direct-deep-reverse,reverse,3024,1964,FAST,FAST,DirectDoubleRenderBackend,aa_fx_work_ms,3,0.0,0.0,0.0
direct-deep-reverse,direct,3024,1964,REFINED,FAST,DirectDoubleRenderBackend,fx_dispatch_ms,3,0.015125,0.018125,0.018125
direct-deep-reverse,direct,3024,1964,REFINED,FAST,DirectDoubleRenderBackend,plan_ms,3,2.587083,3.557667,3.557667
direct-deep-reverse,direct,3024,1964,REFINED,FAST,DirectDoubleRenderBackend,first_backend_region_ms,3,8.367125,9.862667,9.862667
direct-deep-reverse,direct,3024,1964,REFINED,FAST,DirectDoubleRenderBackend,backend_ms,3,2519.506125,2533.606542,2533.606542
direct-deep-reverse,direct,3024,1964,REFINED,FAST,DirectDoubleRenderBackend,base_complete_ms,3,2524.046208,2538.494042,2538.494042
direct-deep-reverse,direct,3024,1964,REFINED,FAST,DirectDoubleRenderBackend,first_base_publish_ms,3,8.545917,17.086084,17.086084
direct-deep-reverse,direct,3024,1964,REFINED,FAST,DirectDoubleRenderBackend,base_full_publish_ms,3,2524.056208,2538.511917,2538.511917
direct-deep-reverse,direct,3024,1964,REFINED,FAST,DirectDoubleRenderBackend,first_visible_publish_ms,3,8.545917,17.086084,17.086084
direct-deep-reverse,direct,3024,1964,REFINED,FAST,DirectDoubleRenderBackend,full_publish_ms,3,2524.059417,2538.517917,2538.517917
direct-deep-reverse,direct,3024,1964,REFINED,FAST,DirectDoubleRenderBackend,first_post_layout_ms,3,10.83775,26.270917,26.270917
direct-deep-reverse,direct,3024,1964,REFINED,FAST,DirectDoubleRenderBackend,full_post_layout_ms,3,2526.493125,2539.665792,2539.665792
direct-deep-reverse,direct,3024,1964,REFINED,FAST,DirectDoubleRenderBackend,base_fx_work_ms,3,61.682916,62.538045,62.538045
direct-deep-reverse,direct,3024,1964,REFINED,FAST,DirectDoubleRenderBackend,aa_fx_work_ms,3,0.0,0.0,0.0
direct-deep-reverse,deep,3024,1964,REFINED,FAST,MandelbrotPerturbationRenderBackend,fx_dispatch_ms,3,0.017375,0.018459,0.018459
direct-deep-reverse,deep,3024,1964,REFINED,FAST,MandelbrotPerturbationRenderBackend,plan_ms,3,4.084833,11.197375,11.197375
direct-deep-reverse,deep,3024,1964,REFINED,FAST,MandelbrotPerturbationRenderBackend,first_backend_region_ms,3,8.214625,15.551292,15.551292
direct-deep-reverse,deep,3024,1964,REFINED,FAST,MandelbrotPerturbationRenderBackend,backend_ms,3,7423.508084,7453.055167,7453.055167
direct-deep-reverse,deep,3024,1964,REFINED,FAST,MandelbrotPerturbationRenderBackend,base_complete_ms,3,7425.952292,7457.743375,7457.743375
direct-deep-reverse,deep,3024,1964,REFINED,FAST,MandelbrotPerturbationRenderBackend,first_base_publish_ms,3,16.507709,22.316917,22.316917
direct-deep-reverse,deep,3024,1964,REFINED,FAST,MandelbrotPerturbationRenderBackend,base_full_publish_ms,3,7425.98325,7457.797,7457.797
direct-deep-reverse,deep,3024,1964,REFINED,FAST,MandelbrotPerturbationRenderBackend,first_visible_publish_ms,3,16.507709,22.316917,22.316917
direct-deep-reverse,deep,3024,1964,REFINED,FAST,MandelbrotPerturbationRenderBackend,full_publish_ms,3,7425.987959,7457.805375,7457.805375
direct-deep-reverse,deep,3024,1964,REFINED,FAST,MandelbrotPerturbationRenderBackend,first_post_layout_ms,3,18.382834,24.584458,24.584458
direct-deep-reverse,deep,3024,1964,REFINED,FAST,MandelbrotPerturbationRenderBackend,full_post_layout_ms,3,7432.581,7465.693334,7465.693334
direct-deep-reverse,deep,3024,1964,REFINED,FAST,MandelbrotPerturbationRenderBackend,base_fx_work_ms,3,67.707835,67.947042,67.947042
direct-deep-reverse,deep,3024,1964,REFINED,FAST,MandelbrotPerturbationRenderBackend,aa_fx_work_ms,3,0.0,0.0,0.0
direct-deep-reverse,reverse,3024,1964,REFINED,FAST,DirectDoubleRenderBackend,fx_dispatch_ms,3,0.014583,0.014792,0.014792
direct-deep-reverse,reverse,3024,1964,REFINED,FAST,DirectDoubleRenderBackend,plan_ms,3,8.481875,8.64525,8.64525
direct-deep-reverse,reverse,3024,1964,REFINED,FAST,DirectDoubleRenderBackend,backend_ms,3,4837.886291,4851.542542,4851.542542
direct-deep-reverse,reverse,3024,1964,REFINED,FAST,DirectDoubleRenderBackend,base_complete_ms,3,4889.140875,4903.033708,4903.033708
direct-deep-reverse,reverse,3024,1964,REFINED,FAST,DirectDoubleRenderBackend,first_base_publish_ms,3,51.049083,51.258292,51.258292
direct-deep-reverse,reverse,3024,1964,REFINED,FAST,DirectDoubleRenderBackend,base_full_publish_ms,3,4931.388375,4944.906708,4944.906708
direct-deep-reverse,reverse,3024,1964,REFINED,FAST,DirectDoubleRenderBackend,first_visible_publish_ms,3,51.049083,51.258292,51.258292
direct-deep-reverse,reverse,3024,1964,REFINED,FAST,DirectDoubleRenderBackend,full_publish_ms,3,4931.394917,4944.91325,4944.91325
direct-deep-reverse,reverse,3024,1964,REFINED,FAST,DirectDoubleRenderBackend,first_post_layout_ms,3,51.24475,51.440333,51.440333
direct-deep-reverse,reverse,3024,1964,REFINED,FAST,DirectDoubleRenderBackend,full_post_layout_ms,3,4935.943083,4957.001333,4957.001333
direct-deep-reverse,reverse,3024,1964,REFINED,FAST,DirectDoubleRenderBackend,base_fx_work_ms,3,42.2475,42.279083,42.279083
direct-deep-reverse,reverse,3024,1964,REFINED,FAST,DirectDoubleRenderBackend,aa_fx_work_ms,3,0.0,0.0,0.0
pan-5,source,3024,1964,FAST,FAST,DirectDoubleRenderBackend,fx_dispatch_ms,3,0.012125,0.015291,0.015291
pan-5,source,3024,1964,FAST,FAST,DirectDoubleRenderBackend,plan_ms,3,1.953708,2.202209,2.202209
pan-5,source,3024,1964,FAST,FAST,DirectDoubleRenderBackend,first_backend_region_ms,3,3.353292,3.484833,3.484833
pan-5,source,3024,1964,FAST,FAST,DirectDoubleRenderBackend,backend_ms,3,166.608667,169.21825,169.21825
pan-5,source,3024,1964,FAST,FAST,DirectDoubleRenderBackend,base_complete_ms,3,183.198542,183.757083,183.757083
pan-5,source,3024,1964,FAST,FAST,DirectDoubleRenderBackend,first_base_publish_ms,3,6.427333,8.33475,8.33475
pan-5,source,3024,1964,FAST,FAST,DirectDoubleRenderBackend,base_full_publish_ms,3,183.208542,183.765166,183.765166
pan-5,source,3024,1964,FAST,FAST,DirectDoubleRenderBackend,first_visible_publish_ms,3,6.427333,8.33475,8.33475
pan-5,source,3024,1964,FAST,FAST,DirectDoubleRenderBackend,full_publish_ms,3,183.211708,183.768041,183.768041
pan-5,source,3024,1964,FAST,FAST,DirectDoubleRenderBackend,first_post_layout_ms,3,12.60325,13.558958,13.558958
pan-5,source,3024,1964,FAST,FAST,DirectDoubleRenderBackend,full_post_layout_ms,3,183.249292,184.108916,184.108916
pan-5,source,3024,1964,FAST,FAST,DirectDoubleRenderBackend,base_fx_work_ms,3,52.650291,52.992373,52.992373
pan-5,source,3024,1964,FAST,FAST,DirectDoubleRenderBackend,aa_fx_work_ms,3,0.0,0.0,0.0
pan-5,pan,3024,1964,FAST,FAST,DirectDoubleRenderBackend,fx_dispatch_ms,3,0.013958,0.014084,0.014084
pan-5,pan,3024,1964,FAST,FAST,DirectDoubleRenderBackend,plan_ms,3,6.882125,7.059834,7.059834
pan-5,pan,3024,1964,FAST,FAST,DirectDoubleRenderBackend,first_backend_region_ms,3,42.82925,43.184708,43.184708
pan-5,pan,3024,1964,FAST,FAST,DirectDoubleRenderBackend,backend_ms,3,5.531,5.870791,5.870791
pan-5,pan,3024,1964,FAST,FAST,DirectDoubleRenderBackend,base_complete_ms,3,46.59875,48.470958,48.470958
pan-5,pan,3024,1964,FAST,FAST,DirectDoubleRenderBackend,first_base_publish_ms,3,39.2035,39.48225,39.48225
pan-5,pan,3024,1964,FAST,FAST,DirectDoubleRenderBackend,base_full_publish_ms,3,46.619708,48.493333,48.493333
pan-5,pan,3024,1964,FAST,FAST,DirectDoubleRenderBackend,first_visible_publish_ms,3,39.2035,39.48225,39.48225
pan-5,pan,3024,1964,FAST,FAST,DirectDoubleRenderBackend,full_publish_ms,3,46.621958,48.498,48.498
pan-5,pan,3024,1964,FAST,FAST,DirectDoubleRenderBackend,first_post_layout_ms,3,39.343792,39.627083,39.627083
pan-5,pan,3024,1964,FAST,FAST,DirectDoubleRenderBackend,full_post_layout_ms,3,50.016959,53.543167,53.543167
pan-5,pan,3024,1964,FAST,FAST,DirectDoubleRenderBackend,base_fx_work_ms,3,1.421667,2.500666,2.500666
pan-5,pan,3024,1964,FAST,FAST,DirectDoubleRenderBackend,aa_fx_work_ms,3,0.0,0.0,0.0
pan-5,source,3024,1964,REFINED,FAST,DirectDoubleRenderBackend,fx_dispatch_ms,3,0.012084,0.013625,0.013625
pan-5,source,3024,1964,REFINED,FAST,DirectDoubleRenderBackend,plan_ms,3,2.628125,6.761417,6.761417
pan-5,source,3024,1964,REFINED,FAST,DirectDoubleRenderBackend,first_backend_region_ms,3,4.833875,9.2505,9.2505
pan-5,source,3024,1964,REFINED,FAST,DirectDoubleRenderBackend,backend_ms,3,163.636375,167.066542,167.066542
pan-5,source,3024,1964,REFINED,FAST,DirectDoubleRenderBackend,base_complete_ms,3,184.836625,190.52375,190.52375
pan-5,source,3024,1964,REFINED,FAST,DirectDoubleRenderBackend,first_base_publish_ms,3,5.712,11.095708,11.095708
pan-5,source,3024,1964,REFINED,FAST,DirectDoubleRenderBackend,base_full_publish_ms,3,184.847709,190.532208,190.532208
pan-5,source,3024,1964,REFINED,FAST,DirectDoubleRenderBackend,first_visible_publish_ms,3,5.712,11.095708,11.095708
pan-5,source,3024,1964,REFINED,FAST,DirectDoubleRenderBackend,full_publish_ms,3,184.852334,190.535167,190.535167
pan-5,source,3024,1964,REFINED,FAST,DirectDoubleRenderBackend,first_post_layout_ms,3,11.115209,12.013708,12.013708
pan-5,source,3024,1964,REFINED,FAST,DirectDoubleRenderBackend,full_post_layout_ms,3,184.939334,190.571458,190.571458
pan-5,source,3024,1964,REFINED,FAST,DirectDoubleRenderBackend,base_fx_work_ms,3,51.2295,52.78125,52.78125
pan-5,source,3024,1964,REFINED,FAST,DirectDoubleRenderBackend,aa_fx_work_ms,3,0.0,0.0,0.0
pan-5,pan,3024,1964,REFINED,FAST,DirectDoubleRenderBackend,fx_dispatch_ms,3,0.013667,0.017,0.017
pan-5,pan,3024,1964,REFINED,FAST,DirectDoubleRenderBackend,plan_ms,3,10.108667,10.431291,10.431291
pan-5,pan,3024,1964,REFINED,FAST,DirectDoubleRenderBackend,first_backend_region_ms,3,46.341584,46.751458,46.751458
pan-5,pan,3024,1964,REFINED,FAST,DirectDoubleRenderBackend,backend_ms,3,5.564875,5.653417,5.653417
pan-5,pan,3024,1964,REFINED,FAST,DirectDoubleRenderBackend,base_complete_ms,3,50.563583,51.495875,51.495875
pan-5,pan,3024,1964,REFINED,FAST,DirectDoubleRenderBackend,first_base_publish_ms,3,42.671209,43.044291,43.044291
pan-5,pan,3024,1964,REFINED,FAST,DirectDoubleRenderBackend,base_full_publish_ms,3,50.578958,51.514167,51.514167
pan-5,pan,3024,1964,REFINED,FAST,DirectDoubleRenderBackend,first_visible_publish_ms,3,42.671209,43.044291,43.044291
pan-5,pan,3024,1964,REFINED,FAST,DirectDoubleRenderBackend,full_publish_ms,3,50.583166,51.5185,51.5185
pan-5,pan,3024,1964,REFINED,FAST,DirectDoubleRenderBackend,first_post_layout_ms,3,42.834209,43.19575,43.19575
pan-5,pan,3024,1964,REFINED,FAST,DirectDoubleRenderBackend,full_post_layout_ms,3,54.812458,57.087917,57.087917
pan-5,pan,3024,1964,REFINED,FAST,DirectDoubleRenderBackend,base_fx_work_ms,3,1.402959,2.7025,2.7025
pan-5,pan,3024,1964,REFINED,FAST,DirectDoubleRenderBackend,aa_fx_work_ms,3,0.0,0.0,0.0
pan-25,source,3024,1964,FAST,FAST,DirectDoubleRenderBackend,fx_dispatch_ms,3,0.014167,0.014792,0.014792
pan-25,source,3024,1964,FAST,FAST,DirectDoubleRenderBackend,plan_ms,3,2.735958,2.754083,2.754083
pan-25,source,3024,1964,FAST,FAST,DirectDoubleRenderBackend,first_backend_region_ms,3,5.083125,5.091791,5.091791
pan-25,source,3024,1964,FAST,FAST,DirectDoubleRenderBackend,backend_ms,3,174.745916,174.899667,174.899667
pan-25,source,3024,1964,FAST,FAST,DirectDoubleRenderBackend,base_complete_ms,3,189.071667,193.163416,193.163416
pan-25,source,3024,1964,FAST,FAST,DirectDoubleRenderBackend,first_base_publish_ms,3,6.42575,6.974958,6.974958
pan-25,source,3024,1964,FAST,FAST,DirectDoubleRenderBackend,base_full_publish_ms,3,189.089708,193.180458,193.180458
pan-25,source,3024,1964,FAST,FAST,DirectDoubleRenderBackend,first_visible_publish_ms,3,6.42575,6.974958,6.974958
pan-25,source,3024,1964,FAST,FAST,DirectDoubleRenderBackend,full_publish_ms,3,189.094375,193.185833,193.185833
pan-25,source,3024,1964,FAST,FAST,DirectDoubleRenderBackend,first_post_layout_ms,3,10.170833,10.756917,10.756917
pan-25,source,3024,1964,FAST,FAST,DirectDoubleRenderBackend,full_post_layout_ms,3,189.143458,193.294375,193.294375
pan-25,source,3024,1964,FAST,FAST,DirectDoubleRenderBackend,base_fx_work_ms,3,52.768038,54.197874,54.197874
pan-25,source,3024,1964,FAST,FAST,DirectDoubleRenderBackend,aa_fx_work_ms,3,0.0,0.0,0.0
pan-25,pan,3024,1964,FAST,FAST,DirectDoubleRenderBackend,fx_dispatch_ms,3,0.014375,0.015208,0.015208
pan-25,pan,3024,1964,FAST,FAST,DirectDoubleRenderBackend,plan_ms,3,9.584208,9.600708,9.600708
pan-25,pan,3024,1964,FAST,FAST,DirectDoubleRenderBackend,first_backend_region_ms,3,40.692875,41.143625,41.143625
pan-25,pan,3024,1964,FAST,FAST,DirectDoubleRenderBackend,backend_ms,3,17.531167,18.578459,18.578459
pan-25,pan,3024,1964,FAST,FAST,DirectDoubleRenderBackend,base_complete_ms,3,75.83025,77.242,77.242
pan-25,pan,3024,1964,FAST,FAST,DirectDoubleRenderBackend,first_base_publish_ms,3,37.212667,37.489666,37.489666
pan-25,pan,3024,1964,FAST,FAST,DirectDoubleRenderBackend,base_full_publish_ms,3,75.853583,77.263084,77.263084
pan-25,pan,3024,1964,FAST,FAST,DirectDoubleRenderBackend,first_visible_publish_ms,3,37.212667,37.489666,37.489666
pan-25,pan,3024,1964,FAST,FAST,DirectDoubleRenderBackend,full_publish_ms,3,75.857958,77.268167,77.268167
pan-25,pan,3024,1964,FAST,FAST,DirectDoubleRenderBackend,first_post_layout_ms,3,37.364875,37.653541,37.653541
pan-25,pan,3024,1964,FAST,FAST,DirectDoubleRenderBackend,full_post_layout_ms,3,77.921083,82.438542,82.438542
pan-25,pan,3024,1964,FAST,FAST,DirectDoubleRenderBackend,base_fx_work_ms,3,12.041208,12.178542,12.178542
pan-25,pan,3024,1964,FAST,FAST,DirectDoubleRenderBackend,aa_fx_work_ms,3,0.0,0.0,0.0
pan-25,source,3024,1964,REFINED,FAST,DirectDoubleRenderBackend,fx_dispatch_ms,3,0.014708,0.172958,0.172958
pan-25,source,3024,1964,REFINED,FAST,DirectDoubleRenderBackend,plan_ms,3,2.845583,4.1635,4.1635
pan-25,source,3024,1964,REFINED,FAST,DirectDoubleRenderBackend,first_backend_region_ms,3,5.166,6.042416,6.042416
pan-25,source,3024,1964,REFINED,FAST,DirectDoubleRenderBackend,backend_ms,3,165.800542,167.259125,167.259125
pan-25,source,3024,1964,REFINED,FAST,DirectDoubleRenderBackend,base_complete_ms,3,186.947083,188.029959,188.029959
pan-25,source,3024,1964,REFINED,FAST,DirectDoubleRenderBackend,first_base_publish_ms,3,6.550667,7.661667,7.661667
pan-25,source,3024,1964,REFINED,FAST,DirectDoubleRenderBackend,base_full_publish_ms,3,186.958833,188.050042,188.050042
pan-25,source,3024,1964,REFINED,FAST,DirectDoubleRenderBackend,first_visible_publish_ms,3,6.550667,7.661667,7.661667
pan-25,source,3024,1964,REFINED,FAST,DirectDoubleRenderBackend,full_publish_ms,3,186.963583,188.054459,188.054459
pan-25,source,3024,1964,REFINED,FAST,DirectDoubleRenderBackend,first_post_layout_ms,3,9.327584,9.557792,9.557792
pan-25,source,3024,1964,REFINED,FAST,DirectDoubleRenderBackend,full_post_layout_ms,3,188.110542,188.830292,188.830292
pan-25,source,3024,1964,REFINED,FAST,DirectDoubleRenderBackend,base_fx_work_ms,3,51.334,52.149208,52.149208
pan-25,source,3024,1964,REFINED,FAST,DirectDoubleRenderBackend,aa_fx_work_ms,3,0.0,0.0,0.0
pan-25,pan,3024,1964,REFINED,FAST,DirectDoubleRenderBackend,fx_dispatch_ms,3,0.013459,0.013834,0.013834
pan-25,pan,3024,1964,REFINED,FAST,DirectDoubleRenderBackend,plan_ms,3,9.390375,9.392291,9.392291
pan-25,pan,3024,1964,REFINED,FAST,DirectDoubleRenderBackend,first_backend_region_ms,3,40.268333,40.533084,40.533084
pan-25,pan,3024,1964,REFINED,FAST,DirectDoubleRenderBackend,backend_ms,3,12.094042,12.69975,12.69975
pan-25,pan,3024,1964,REFINED,FAST,DirectDoubleRenderBackend,base_complete_ms,3,65.274625,65.826667,65.826667
pan-25,pan,3024,1964,REFINED,FAST,DirectDoubleRenderBackend,first_base_publish_ms,3,36.932542,37.124209,37.124209
pan-25,pan,3024,1964,REFINED,FAST,DirectDoubleRenderBackend,base_full_publish_ms,3,65.29775,65.846667,65.846667
pan-25,pan,3024,1964,REFINED,FAST,DirectDoubleRenderBackend,first_visible_publish_ms,3,36.932542,37.124209,37.124209
pan-25,pan,3024,1964,REFINED,FAST,DirectDoubleRenderBackend,full_publish_ms,3,65.302542,65.851417,65.851417
pan-25,pan,3024,1964,REFINED,FAST,DirectDoubleRenderBackend,first_post_layout_ms,3,37.090833,37.285625,37.285625
pan-25,pan,3024,1964,REFINED,FAST,DirectDoubleRenderBackend,full_post_layout_ms,3,69.732292,70.178125,70.178125
pan-25,pan,3024,1964,REFINED,FAST,DirectDoubleRenderBackend,base_fx_work_ms,3,11.118667,11.367083,11.367083
pan-25,pan,3024,1964,REFINED,FAST,DirectDoubleRenderBackend,aa_fx_work_ms,3,0.0,0.0,0.0
pan-90,source,3024,1964,FAST,FAST,DirectDoubleRenderBackend,fx_dispatch_ms,3,0.013417,0.014208,0.014208
pan-90,source,3024,1964,FAST,FAST,DirectDoubleRenderBackend,plan_ms,3,2.685417,2.72525,2.72525
pan-90,source,3024,1964,FAST,FAST,DirectDoubleRenderBackend,first_backend_region_ms,3,5.048834,5.13525,5.13525
pan-90,source,3024,1964,FAST,FAST,DirectDoubleRenderBackend,backend_ms,3,165.804209,166.423291,166.423291
pan-90,source,3024,1964,FAST,FAST,DirectDoubleRenderBackend,base_complete_ms,3,185.480291,186.159541,186.159541
pan-90,source,3024,1964,FAST,FAST,DirectDoubleRenderBackend,first_base_publish_ms,3,6.416958,10.231041,10.231041
pan-90,source,3024,1964,FAST,FAST,DirectDoubleRenderBackend,base_full_publish_ms,3,185.499083,186.170708,186.170708
pan-90,source,3024,1964,FAST,FAST,DirectDoubleRenderBackend,first_visible_publish_ms,3,6.416958,10.231041,10.231041
pan-90,source,3024,1964,FAST,FAST,DirectDoubleRenderBackend,full_publish_ms,3,185.504166,186.175833,186.175833
pan-90,source,3024,1964,FAST,FAST,DirectDoubleRenderBackend,first_post_layout_ms,3,10.272291,11.074375,11.074375
pan-90,source,3024,1964,FAST,FAST,DirectDoubleRenderBackend,full_post_layout_ms,3,185.537333,186.203166,186.203166
pan-90,source,3024,1964,FAST,FAST,DirectDoubleRenderBackend,base_fx_work_ms,3,52.27029,52.396418,52.396418
pan-90,source,3024,1964,FAST,FAST,DirectDoubleRenderBackend,aa_fx_work_ms,3,0.0,0.0,0.0
pan-90,pan,3024,1964,FAST,FAST,DirectDoubleRenderBackend,fx_dispatch_ms,3,0.015083,0.017583,0.017583
pan-90,pan,3024,1964,FAST,FAST,DirectDoubleRenderBackend,plan_ms,3,5.597833,5.720834,5.720834
pan-90,pan,3024,1964,FAST,FAST,DirectDoubleRenderBackend,first_backend_region_ms,3,14.245125,14.38275,14.38275
pan-90,pan,3024,1964,FAST,FAST,DirectDoubleRenderBackend,backend_ms,3,34.508709,34.856625,34.856625
pan-90,pan,3024,1964,FAST,FAST,DirectDoubleRenderBackend,base_complete_ms,3,104.794167,105.273792,105.273792
pan-90,pan,3024,1964,FAST,FAST,DirectDoubleRenderBackend,first_base_publish_ms,3,9.970875,10.078292,10.078292
pan-90,pan,3024,1964,FAST,FAST,DirectDoubleRenderBackend,base_full_publish_ms,3,104.812917,105.292292,105.292292
pan-90,pan,3024,1964,FAST,FAST,DirectDoubleRenderBackend,first_visible_publish_ms,3,9.970875,10.078292,10.078292
pan-90,pan,3024,1964,FAST,FAST,DirectDoubleRenderBackend,full_publish_ms,3,104.817458,105.297042,105.297042
pan-90,pan,3024,1964,FAST,FAST,DirectDoubleRenderBackend,first_post_layout_ms,3,10.127458,10.243375,10.243375
pan-90,pan,3024,1964,FAST,FAST,DirectDoubleRenderBackend,full_post_layout_ms,3,106.347,111.142917,111.142917
pan-90,pan,3024,1964,FAST,FAST,DirectDoubleRenderBackend,base_fx_work_ms,3,51.279292,51.465458,51.465458
pan-90,pan,3024,1964,FAST,FAST,DirectDoubleRenderBackend,aa_fx_work_ms,3,0.0,0.0,0.0
pan-90,source,3024,1964,REFINED,FAST,DirectDoubleRenderBackend,fx_dispatch_ms,3,0.014292,0.014667,0.014667
pan-90,source,3024,1964,REFINED,FAST,DirectDoubleRenderBackend,plan_ms,3,2.733958,2.787458,2.787458
pan-90,source,3024,1964,REFINED,FAST,DirectDoubleRenderBackend,first_backend_region_ms,3,4.984375,5.015375,5.015375
pan-90,source,3024,1964,REFINED,FAST,DirectDoubleRenderBackend,backend_ms,3,166.520417,168.440208,168.440208
pan-90,source,3024,1964,REFINED,FAST,DirectDoubleRenderBackend,base_complete_ms,3,184.406958,184.798292,184.798292
pan-90,source,3024,1964,REFINED,FAST,DirectDoubleRenderBackend,first_base_publish_ms,3,9.020958,10.690375,10.690375
pan-90,source,3024,1964,REFINED,FAST,DirectDoubleRenderBackend,base_full_publish_ms,3,184.424125,184.816584,184.816584
pan-90,source,3024,1964,REFINED,FAST,DirectDoubleRenderBackend,first_visible_publish_ms,3,9.020958,10.690375,10.690375
pan-90,source,3024,1964,REFINED,FAST,DirectDoubleRenderBackend,full_publish_ms,3,184.428792,184.821209,184.821209
pan-90,source,3024,1964,REFINED,FAST,DirectDoubleRenderBackend,first_post_layout_ms,3,10.425083,17.609667,17.609667
pan-90,source,3024,1964,REFINED,FAST,DirectDoubleRenderBackend,full_post_layout_ms,3,184.859334,192.305833,192.305833
pan-90,source,3024,1964,REFINED,FAST,DirectDoubleRenderBackend,base_fx_work_ms,3,51.268417,52.325165,52.325165
pan-90,source,3024,1964,REFINED,FAST,DirectDoubleRenderBackend,aa_fx_work_ms,3,0.0,0.0,0.0
pan-90,pan,3024,1964,REFINED,FAST,DirectDoubleRenderBackend,fx_dispatch_ms,3,0.015875,0.020709,0.020709
pan-90,pan,3024,1964,REFINED,FAST,DirectDoubleRenderBackend,plan_ms,3,5.657792,5.758375,5.758375
pan-90,pan,3024,1964,REFINED,FAST,DirectDoubleRenderBackend,first_backend_region_ms,3,14.293625,14.619084,14.619084
pan-90,pan,3024,1964,REFINED,FAST,DirectDoubleRenderBackend,backend_ms,3,34.115209,40.751292,40.751292
pan-90,pan,3024,1964,REFINED,FAST,DirectDoubleRenderBackend,base_complete_ms,3,104.62625,108.1955,108.1955
pan-90,pan,3024,1964,REFINED,FAST,DirectDoubleRenderBackend,first_base_publish_ms,3,10.014417,10.214417,10.214417
pan-90,pan,3024,1964,REFINED,FAST,DirectDoubleRenderBackend,base_full_publish_ms,3,104.647959,108.215375,108.215375
pan-90,pan,3024,1964,REFINED,FAST,DirectDoubleRenderBackend,first_visible_publish_ms,3,10.014417,10.214417,10.214417
pan-90,pan,3024,1964,REFINED,FAST,DirectDoubleRenderBackend,full_publish_ms,3,104.652375,108.22025,108.22025
pan-90,pan,3024,1964,REFINED,FAST,DirectDoubleRenderBackend,first_post_layout_ms,3,10.20325,10.369959,10.369959
pan-90,pan,3024,1964,REFINED,FAST,DirectDoubleRenderBackend,full_post_layout_ms,3,110.525959,115.7275,115.7275
pan-90,pan,3024,1964,REFINED,FAST,DirectDoubleRenderBackend,base_fx_work_ms,3,51.073375,53.164749,53.164749
pan-90,pan,3024,1964,REFINED,FAST,DirectDoubleRenderBackend,aa_fx_work_ms,3,0.0,0.0,0.0
pan-reverse,source,3024,1964,FAST,FAST,DirectDoubleRenderBackend,fx_dispatch_ms,3,0.014417,0.015292,0.015292
pan-reverse,source,3024,1964,FAST,FAST,DirectDoubleRenderBackend,plan_ms,3,2.860916,3.154167,3.154167
pan-reverse,source,3024,1964,FAST,FAST,DirectDoubleRenderBackend,first_backend_region_ms,3,5.163792,5.594084,5.594084
pan-reverse,source,3024,1964,FAST,FAST,DirectDoubleRenderBackend,backend_ms,3,168.154625,179.821917,179.821917
pan-reverse,source,3024,1964,FAST,FAST,DirectDoubleRenderBackend,base_complete_ms,3,184.783334,196.764042,196.764042
pan-reverse,source,3024,1964,FAST,FAST,DirectDoubleRenderBackend,first_base_publish_ms,3,6.518625,14.736459,14.736459
pan-reverse,source,3024,1964,FAST,FAST,DirectDoubleRenderBackend,base_full_publish_ms,3,184.801792,196.782167,196.782167
pan-reverse,source,3024,1964,FAST,FAST,DirectDoubleRenderBackend,first_visible_publish_ms,3,6.518625,14.736459,14.736459
pan-reverse,source,3024,1964,FAST,FAST,DirectDoubleRenderBackend,full_publish_ms,3,184.807167,196.787125,196.787125
pan-reverse,source,3024,1964,FAST,FAST,DirectDoubleRenderBackend,first_post_layout_ms,3,8.7475,15.835917,15.835917
pan-reverse,source,3024,1964,FAST,FAST,DirectDoubleRenderBackend,full_post_layout_ms,3,187.411084,197.152708,197.152708
pan-reverse,source,3024,1964,FAST,FAST,DirectDoubleRenderBackend,base_fx_work_ms,3,52.715876,54.269626,54.269626
pan-reverse,source,3024,1964,FAST,FAST,DirectDoubleRenderBackend,aa_fx_work_ms,3,0.0,0.0,0.0
pan-reverse,out,3024,1964,FAST,FAST,DirectDoubleRenderBackend,fx_dispatch_ms,3,0.015166,0.016625,0.016625
pan-reverse,out,3024,1964,FAST,FAST,DirectDoubleRenderBackend,plan_ms,3,9.34475,9.355792,9.355792
pan-reverse,out,3024,1964,FAST,FAST,DirectDoubleRenderBackend,first_backend_region_ms,3,39.978125,39.994375,39.994375
pan-reverse,out,3024,1964,FAST,FAST,DirectDoubleRenderBackend,backend_ms,3,12.662917,12.717583,12.717583
pan-reverse,out,3024,1964,FAST,FAST,DirectDoubleRenderBackend,base_complete_ms,3,65.188375,65.589459,65.589459
pan-reverse,out,3024,1964,FAST,FAST,DirectDoubleRenderBackend,first_base_publish_ms,3,36.763541,36.813459,36.813459
pan-reverse,out,3024,1964,FAST,FAST,DirectDoubleRenderBackend,base_full_publish_ms,3,65.213916,65.613417,65.613417
pan-reverse,out,3024,1964,FAST,FAST,DirectDoubleRenderBackend,first_visible_publish_ms,3,36.763541,36.813459,36.813459
pan-reverse,out,3024,1964,FAST,FAST,DirectDoubleRenderBackend,full_publish_ms,3,65.218625,65.618167,65.618167
pan-reverse,out,3024,1964,FAST,FAST,DirectDoubleRenderBackend,first_post_layout_ms,3,36.928083,36.970042,36.970042
pan-reverse,out,3024,1964,FAST,FAST,DirectDoubleRenderBackend,full_post_layout_ms,3,69.173291,69.451,69.451
pan-reverse,out,3024,1964,FAST,FAST,DirectDoubleRenderBackend,base_fx_work_ms,3,11.040499,11.461792,11.461792
pan-reverse,out,3024,1964,FAST,FAST,DirectDoubleRenderBackend,aa_fx_work_ms,3,0.0,0.0,0.0
pan-reverse,back,3024,1964,FAST,FAST,DirectDoubleRenderBackend,fx_dispatch_ms,3,0.014875,0.016417,0.016417
pan-reverse,back,3024,1964,FAST,FAST,DirectDoubleRenderBackend,plan_ms,3,9.442208,9.461542,9.461542
pan-reverse,back,3024,1964,FAST,FAST,DirectDoubleRenderBackend,first_backend_region_ms,3,39.691625,39.906084,39.906084
pan-reverse,back,3024,1964,FAST,FAST,DirectDoubleRenderBackend,backend_ms,3,19.043708,19.192417,19.192417
pan-reverse,back,3024,1964,FAST,FAST,DirectDoubleRenderBackend,base_complete_ms,3,77.20925,77.235334,77.235334
pan-reverse,back,3024,1964,FAST,FAST,DirectDoubleRenderBackend,first_base_publish_ms,3,36.537208,36.731542,36.731542
pan-reverse,back,3024,1964,FAST,FAST,DirectDoubleRenderBackend,base_full_publish_ms,3,77.229333,77.255959,77.255959
pan-reverse,back,3024,1964,FAST,FAST,DirectDoubleRenderBackend,first_visible_publish_ms,3,36.537208,36.731542,36.731542
pan-reverse,back,3024,1964,FAST,FAST,DirectDoubleRenderBackend,full_publish_ms,3,77.233875,77.260834,77.260834
pan-reverse,back,3024,1964,FAST,FAST,DirectDoubleRenderBackend,first_post_layout_ms,3,36.719333,36.909792,36.909792
pan-reverse,back,3024,1964,FAST,FAST,DirectDoubleRenderBackend,full_post_layout_ms,3,83.590416,84.556959,84.556959
pan-reverse,back,3024,1964,FAST,FAST,DirectDoubleRenderBackend,base_fx_work_ms,3,16.589958,16.67725,16.67725
pan-reverse,back,3024,1964,FAST,FAST,DirectDoubleRenderBackend,aa_fx_work_ms,3,0.0,0.0,0.0
pan-reverse,source,3024,1964,REFINED,FAST,DirectDoubleRenderBackend,fx_dispatch_ms,3,0.015833,0.01875,0.01875
pan-reverse,source,3024,1964,REFINED,FAST,DirectDoubleRenderBackend,plan_ms,3,2.734667,3.00575,3.00575
pan-reverse,source,3024,1964,REFINED,FAST,DirectDoubleRenderBackend,first_backend_region_ms,3,4.936291,5.245208,5.245208
pan-reverse,source,3024,1964,REFINED,FAST,DirectDoubleRenderBackend,backend_ms,3,174.19275,177.386875,177.386875
pan-reverse,source,3024,1964,REFINED,FAST,DirectDoubleRenderBackend,base_complete_ms,3,191.203083,197.897042,197.897042
pan-reverse,source,3024,1964,REFINED,FAST,DirectDoubleRenderBackend,first_base_publish_ms,3,6.649333,6.658791,6.658791
pan-reverse,source,3024,1964,REFINED,FAST,DirectDoubleRenderBackend,base_full_publish_ms,3,191.223875,197.916667,197.916667
pan-reverse,source,3024,1964,REFINED,FAST,DirectDoubleRenderBackend,first_visible_publish_ms,3,6.649333,6.658791,6.658791
pan-reverse,source,3024,1964,REFINED,FAST,DirectDoubleRenderBackend,full_publish_ms,3,191.229041,197.922125,197.922125
pan-reverse,source,3024,1964,REFINED,FAST,DirectDoubleRenderBackend,first_post_layout_ms,3,9.768125,11.164167,11.164167
pan-reverse,source,3024,1964,REFINED,FAST,DirectDoubleRenderBackend,full_post_layout_ms,3,191.265208,197.953958,197.953958
pan-reverse,source,3024,1964,REFINED,FAST,DirectDoubleRenderBackend,base_fx_work_ms,3,52.361793,52.49529,52.49529
pan-reverse,source,3024,1964,REFINED,FAST,DirectDoubleRenderBackend,aa_fx_work_ms,3,0.0,0.0,0.0
pan-reverse,out,3024,1964,REFINED,FAST,DirectDoubleRenderBackend,fx_dispatch_ms,3,0.0175,0.020833,0.020833
pan-reverse,out,3024,1964,REFINED,FAST,DirectDoubleRenderBackend,plan_ms,3,9.426584,10.001584,10.001584
pan-reverse,out,3024,1964,REFINED,FAST,DirectDoubleRenderBackend,first_backend_region_ms,3,40.080042,42.319375,42.319375
pan-reverse,out,3024,1964,REFINED,FAST,DirectDoubleRenderBackend,backend_ms,3,12.1065,12.136708,12.136708
pan-reverse,out,3024,1964,REFINED,FAST,DirectDoubleRenderBackend,base_complete_ms,3,65.298375,71.076042,71.076042
pan-reverse,out,3024,1964,REFINED,FAST,DirectDoubleRenderBackend,first_base_publish_ms,3,36.827542,38.832625,38.832625
pan-reverse,out,3024,1964,REFINED,FAST,DirectDoubleRenderBackend,base_full_publish_ms,3,65.320084,71.101708,71.101708
pan-reverse,out,3024,1964,REFINED,FAST,DirectDoubleRenderBackend,first_visible_publish_ms,3,36.827542,38.832625,38.832625
pan-reverse,out,3024,1964,REFINED,FAST,DirectDoubleRenderBackend,full_publish_ms,3,65.324917,71.106875,71.106875
pan-reverse,out,3024,1964,REFINED,FAST,DirectDoubleRenderBackend,first_post_layout_ms,3,36.992417,39.003208,39.003208
pan-reverse,out,3024,1964,REFINED,FAST,DirectDoubleRenderBackend,full_post_layout_ms,3,66.619917,71.172208,71.172208
pan-reverse,out,3024,1964,REFINED,FAST,DirectDoubleRenderBackend,base_fx_work_ms,3,11.524709,14.416542,14.416542
pan-reverse,out,3024,1964,REFINED,FAST,DirectDoubleRenderBackend,aa_fx_work_ms,3,0.0,0.0,0.0
pan-reverse,back,3024,1964,REFINED,FAST,DirectDoubleRenderBackend,fx_dispatch_ms,3,0.017792,0.019291,0.019291
pan-reverse,back,3024,1964,REFINED,FAST,DirectDoubleRenderBackend,plan_ms,3,9.435708,9.802292,9.802292
pan-reverse,back,3024,1964,REFINED,FAST,DirectDoubleRenderBackend,first_backend_region_ms,3,39.976625,41.121083,41.121083
pan-reverse,back,3024,1964,REFINED,FAST,DirectDoubleRenderBackend,backend_ms,3,19.435375,20.675042,20.675042
pan-reverse,back,3024,1964,REFINED,FAST,DirectDoubleRenderBackend,base_complete_ms,3,78.304292,84.474541,84.474541
pan-reverse,back,3024,1964,REFINED,FAST,DirectDoubleRenderBackend,first_base_publish_ms,3,36.798458,37.930583,37.930583
pan-reverse,back,3024,1964,REFINED,FAST,DirectDoubleRenderBackend,base_full_publish_ms,3,78.326667,84.501416,84.501416
pan-reverse,back,3024,1964,REFINED,FAST,DirectDoubleRenderBackend,first_visible_publish_ms,3,36.798458,37.930583,37.930583
pan-reverse,back,3024,1964,REFINED,FAST,DirectDoubleRenderBackend,full_publish_ms,3,78.331917,84.507458,84.507458
pan-reverse,back,3024,1964,REFINED,FAST,DirectDoubleRenderBackend,first_post_layout_ms,3,36.959416,38.104458,38.104458
pan-reverse,back,3024,1964,REFINED,FAST,DirectDoubleRenderBackend,full_post_layout_ms,3,83.65775,88.775458,88.775458
pan-reverse,back,3024,1964,REFINED,FAST,DirectDoubleRenderBackend,base_fx_work_ms,3,17.261666,19.86225,19.86225
pan-reverse,back,3024,1964,REFINED,FAST,DirectDoubleRenderBackend,aa_fx_work_ms,3,0.0,0.0,0.0
resize-then-drag,source,3024,1964,FAST,FAST,DirectDoubleRenderBackend,fx_dispatch_ms,3,0.014083,0.016,0.016
resize-then-drag,source,3024,1964,FAST,FAST,DirectDoubleRenderBackend,plan_ms,3,2.975959,3.133709,3.133709
resize-then-drag,source,3024,1964,FAST,FAST,DirectDoubleRenderBackend,first_backend_region_ms,3,5.254333,5.349333,5.349333
resize-then-drag,source,3024,1964,FAST,FAST,DirectDoubleRenderBackend,backend_ms,3,171.176083,179.133083,179.133083
resize-then-drag,source,3024,1964,FAST,FAST,DirectDoubleRenderBackend,base_complete_ms,3,191.409625,197.2595,197.2595
resize-then-drag,source,3024,1964,FAST,FAST,DirectDoubleRenderBackend,first_base_publish_ms,3,16.072208,19.086959,19.086959
resize-then-drag,source,3024,1964,FAST,FAST,DirectDoubleRenderBackend,base_full_publish_ms,3,191.424417,197.2815,197.2815
resize-then-drag,source,3024,1964,FAST,FAST,DirectDoubleRenderBackend,first_visible_publish_ms,3,16.072208,19.086959,19.086959
resize-then-drag,source,3024,1964,FAST,FAST,DirectDoubleRenderBackend,full_publish_ms,3,191.429958,197.2865,197.2865
resize-then-drag,source,3024,1964,FAST,FAST,DirectDoubleRenderBackend,first_post_layout_ms,3,16.131541,19.145417,19.145417
resize-then-drag,source,3024,1964,FAST,FAST,DirectDoubleRenderBackend,full_post_layout_ms,3,192.911333,197.31925,197.31925
resize-then-drag,source,3024,1964,FAST,FAST,DirectDoubleRenderBackend,base_fx_work_ms,3,52.945708,53.286043,53.286043
resize-then-drag,source,3024,1964,FAST,FAST,DirectDoubleRenderBackend,aa_fx_work_ms,3,0.0,0.0,0.0
resize-then-drag,resize,3152,2036,FAST,FAST,DirectDoubleRenderBackend,fx_dispatch_ms,3,0.0165,0.0165,0.0165
resize-then-drag,resize,3152,2036,FAST,FAST,DirectDoubleRenderBackend,plan_ms,3,9.531375,10.865958,10.865958
resize-then-drag,resize,3152,2036,FAST,FAST,DirectDoubleRenderBackend,first_backend_region_ms,3,50.381708,52.040542,52.040542
resize-then-drag,resize,3152,2036,FAST,FAST,DirectDoubleRenderBackend,backend_ms,3,13.92875,14.0155,14.0155
resize-then-drag,resize,3152,2036,FAST,FAST,DirectDoubleRenderBackend,base_complete_ms,3,65.30725,65.382208,65.382208
resize-then-drag,resize,3152,2036,FAST,FAST,DirectDoubleRenderBackend,first_base_publish_ms,3,44.397,46.0255,46.0255
resize-then-drag,resize,3152,2036,FAST,FAST,DirectDoubleRenderBackend,base_full_publish_ms,3,65.342042,65.406542,65.406542
resize-then-drag,resize,3152,2036,FAST,FAST,DirectDoubleRenderBackend,first_visible_publish_ms,3,44.397,46.0255,46.0255
resize-then-drag,resize,3152,2036,FAST,FAST,DirectDoubleRenderBackend,full_publish_ms,3,65.347583,65.411667,65.411667
resize-then-drag,resize,3152,2036,FAST,FAST,DirectDoubleRenderBackend,first_post_layout_ms,3,44.826791,46.458667,46.458667
resize-then-drag,resize,3152,2036,FAST,FAST,DirectDoubleRenderBackend,full_post_layout_ms,3,70.732,73.215125,73.215125
resize-then-drag,resize,3152,2036,FAST,FAST,DirectDoubleRenderBackend,base_fx_work_ms,3,3.149958,3.415208,3.415208
resize-then-drag,resize,3152,2036,FAST,FAST,DirectDoubleRenderBackend,aa_fx_work_ms,3,0.0,0.0,0.0
resize-then-drag,drag,3152,2036,FAST,FAST,DirectDoubleRenderBackend,fx_dispatch_ms,3,0.01675,0.016958,0.016958
resize-then-drag,drag,3152,2036,FAST,FAST,DirectDoubleRenderBackend,plan_ms,3,10.897833,11.110625,11.110625
resize-then-drag,drag,3152,2036,FAST,FAST,DirectDoubleRenderBackend,first_backend_region_ms,3,51.942875,52.43575,52.43575
resize-then-drag,drag,3152,2036,FAST,FAST,DirectDoubleRenderBackend,backend_ms,3,5.438333,5.734334,5.734334
resize-then-drag,drag,3152,2036,FAST,FAST,DirectDoubleRenderBackend,base_complete_ms,3,53.776708,54.489834,54.489834
resize-then-drag,drag,3152,2036,FAST,FAST,DirectDoubleRenderBackend,first_base_publish_ms,3,47.631291,48.0815,48.0815
resize-then-drag,drag,3152,2036,FAST,FAST,DirectDoubleRenderBackend,base_full_publish_ms,3,53.792,54.502709,54.502709
resize-then-drag,drag,3152,2036,FAST,FAST,DirectDoubleRenderBackend,first_visible_publish_ms,3,47.631291,48.0815,48.0815
resize-then-drag,drag,3152,2036,FAST,FAST,DirectDoubleRenderBackend,full_publish_ms,3,53.798125,54.508459,54.508459
resize-then-drag,drag,3152,2036,FAST,FAST,DirectDoubleRenderBackend,first_post_layout_ms,3,47.811375,48.255292,48.255292
resize-then-drag,drag,3152,2036,FAST,FAST,DirectDoubleRenderBackend,full_post_layout_ms,3,53.823416,54.536875,54.536875
resize-then-drag,drag,3152,2036,FAST,FAST,DirectDoubleRenderBackend,base_fx_work_ms,3,0.465,0.480043,0.480043
resize-then-drag,drag,3152,2036,FAST,FAST,DirectDoubleRenderBackend,aa_fx_work_ms,3,0.0,0.0,0.0
resize-then-drag,source,3024,1964,REFINED,FAST,DirectDoubleRenderBackend,fx_dispatch_ms,3,0.012791,0.01425,0.01425
resize-then-drag,source,3024,1964,REFINED,FAST,DirectDoubleRenderBackend,plan_ms,3,2.78875,2.875959,2.875959
resize-then-drag,source,3024,1964,REFINED,FAST,DirectDoubleRenderBackend,first_backend_region_ms,3,5.001959,5.172583,5.172583
resize-then-drag,source,3024,1964,REFINED,FAST,DirectDoubleRenderBackend,backend_ms,3,166.414292,166.938167,166.938167
resize-then-drag,source,3024,1964,REFINED,FAST,DirectDoubleRenderBackend,base_complete_ms,3,185.346375,185.443875,185.443875
resize-then-drag,source,3024,1964,REFINED,FAST,DirectDoubleRenderBackend,first_base_publish_ms,3,17.95675,24.112,24.112
resize-then-drag,source,3024,1964,REFINED,FAST,DirectDoubleRenderBackend,base_full_publish_ms,3,185.358833,185.461083,185.461083
resize-then-drag,source,3024,1964,REFINED,FAST,DirectDoubleRenderBackend,first_visible_publish_ms,3,17.95675,24.112,24.112
resize-then-drag,source,3024,1964,REFINED,FAST,DirectDoubleRenderBackend,full_publish_ms,3,185.363875,185.46625,185.46625
resize-then-drag,source,3024,1964,REFINED,FAST,DirectDoubleRenderBackend,first_post_layout_ms,3,17.992375,27.03575,27.03575
resize-then-drag,source,3024,1964,REFINED,FAST,DirectDoubleRenderBackend,full_post_layout_ms,3,185.670833,185.7515,185.7515
resize-then-drag,source,3024,1964,REFINED,FAST,DirectDoubleRenderBackend,base_fx_work_ms,3,53.002957,53.020333,53.020333
resize-then-drag,source,3024,1964,REFINED,FAST,DirectDoubleRenderBackend,aa_fx_work_ms,3,0.0,0.0,0.0
resize-then-drag,resize,3152,2036,REFINED,FAST,DirectDoubleRenderBackend,fx_dispatch_ms,3,0.014083,0.014958,0.014958
resize-then-drag,resize,3152,2036,REFINED,FAST,DirectDoubleRenderBackend,plan_ms,3,9.540833,10.661959,10.661959
resize-then-drag,resize,3152,2036,REFINED,FAST,DirectDoubleRenderBackend,first_backend_region_ms,3,49.715,50.924625,50.924625
resize-then-drag,resize,3152,2036,REFINED,FAST,DirectDoubleRenderBackend,backend_ms,3,12.832333,13.17125,13.17125
resize-then-drag,resize,3152,2036,REFINED,FAST,DirectDoubleRenderBackend,base_complete_ms,3,62.020833,63.548417,63.548417
resize-then-drag,resize,3152,2036,REFINED,FAST,DirectDoubleRenderBackend,first_base_publish_ms,3,43.779625,44.935958,44.935958
resize-then-drag,resize,3152,2036,REFINED,FAST,DirectDoubleRenderBackend,base_full_publish_ms,3,62.031792,63.561208,63.561208
resize-then-drag,resize,3152,2036,REFINED,FAST,DirectDoubleRenderBackend,first_visible_publish_ms,3,43.779625,44.935958,44.935958
resize-then-drag,resize,3152,2036,REFINED,FAST,DirectDoubleRenderBackend,full_publish_ms,3,62.036292,63.566083,63.566083
resize-then-drag,resize,3152,2036,REFINED,FAST,DirectDoubleRenderBackend,first_post_layout_ms,3,44.259625,45.402833,45.402833
resize-then-drag,resize,3152,2036,REFINED,FAST,DirectDoubleRenderBackend,full_post_layout_ms,3,69.619208,71.743333,71.743333
resize-then-drag,resize,3152,2036,REFINED,FAST,DirectDoubleRenderBackend,base_fx_work_ms,3,3.136376,3.15025,3.15025
resize-then-drag,resize,3152,2036,REFINED,FAST,DirectDoubleRenderBackend,aa_fx_work_ms,3,0.0,0.0,0.0
resize-then-drag,drag,3152,2036,REFINED,FAST,DirectDoubleRenderBackend,fx_dispatch_ms,3,0.014792,0.016292,0.016292
resize-then-drag,drag,3152,2036,REFINED,FAST,DirectDoubleRenderBackend,plan_ms,3,10.744458,10.746042,10.746042
resize-then-drag,drag,3152,2036,REFINED,FAST,DirectDoubleRenderBackend,first_backend_region_ms,3,51.2015,51.634792,51.634792
resize-then-drag,drag,3152,2036,REFINED,FAST,DirectDoubleRenderBackend,backend_ms,3,5.421834,5.463792,5.463792
resize-then-drag,drag,3152,2036,REFINED,FAST,DirectDoubleRenderBackend,base_complete_ms,3,52.997625,53.578917,53.578917
resize-then-drag,drag,3152,2036,REFINED,FAST,DirectDoubleRenderBackend,first_base_publish_ms,3,46.923459,47.36775,47.36775
resize-then-drag,drag,3152,2036,REFINED,FAST,DirectDoubleRenderBackend,base_full_publish_ms,3,53.009917,53.589959,53.589959
resize-then-drag,drag,3152,2036,REFINED,FAST,DirectDoubleRenderBackend,first_visible_publish_ms,3,46.923459,47.36775,47.36775
resize-then-drag,drag,3152,2036,REFINED,FAST,DirectDoubleRenderBackend,full_publish_ms,3,53.014792,53.594459,53.594459
resize-then-drag,drag,3152,2036,REFINED,FAST,DirectDoubleRenderBackend,first_post_layout_ms,3,47.120125,47.529584,47.529584
resize-then-drag,drag,3152,2036,REFINED,FAST,DirectDoubleRenderBackend,full_post_layout_ms,3,53.73275,55.464792,55.464792
resize-then-drag,drag,3152,2036,REFINED,FAST,DirectDoubleRenderBackend,base_fx_work_ms,3,0.427251,0.484125,0.484125
resize-then-drag,drag,3152,2036,REFINED,FAST,DirectDoubleRenderBackend,aa_fx_work_ms,3,0.0,0.0,0.0
cancel-direct,cancel,3024,1964,FAST,FAST,DirectDoubleRenderBackend,fx_dispatch_ms,3,0.015209,0.01575,0.01575
cancel-direct,cancel,3024,1964,FAST,FAST,DirectDoubleRenderBackend,plan_ms,3,3.436584,4.382583,4.382583
cancel-direct,cancel,3024,1964,FAST,FAST,DirectDoubleRenderBackend,first_backend_region_ms,3,5.886209,5.938958,5.938958
cancel-direct,cancel,3024,1964,FAST,FAST,DirectDoubleRenderBackend,backend_ms,3,1.254791,1.913333,1.913333
cancel-direct,cancel,3024,1964,FAST,FAST,DirectDoubleRenderBackend,cancel_request_ms,3,5.886209,5.938958,5.938958
cancel-direct,cancel,3024,1964,FAST,FAST,DirectDoubleRenderBackend,cancel_tail_ms,3,0.24275,0.350875,0.350875
cancel-direct,cancel,3024,1964,FAST,FAST,DirectDoubleRenderBackend,base_fx_work_ms,3,0.0,0.0,0.0
cancel-direct,cancel,3024,1964,FAST,FAST,DirectDoubleRenderBackend,aa_fx_work_ms,3,0.0,0.0,0.0
cancel-direct,cancel,3024,1964,REFINED,FAST,DirectDoubleRenderBackend,fx_dispatch_ms,3,0.014208,0.018125,0.018125
cancel-direct,cancel,3024,1964,REFINED,FAST,DirectDoubleRenderBackend,plan_ms,3,2.993459,4.577042,4.577042
cancel-direct,cancel,3024,1964,REFINED,FAST,DirectDoubleRenderBackend,first_backend_region_ms,3,5.722125,6.251916,6.251916
cancel-direct,cancel,3024,1964,REFINED,FAST,DirectDoubleRenderBackend,backend_ms,3,1.312208,1.359125,1.359125
cancel-direct,cancel,3024,1964,REFINED,FAST,DirectDoubleRenderBackend,cancel_request_ms,3,5.722125,6.251916,6.251916
cancel-direct,cancel,3024,1964,REFINED,FAST,DirectDoubleRenderBackend,cancel_tail_ms,3,0.262667,0.283625,0.283625
cancel-direct,cancel,3024,1964,REFINED,FAST,DirectDoubleRenderBackend,base_fx_work_ms,3,0.0,0.0,0.0
cancel-direct,cancel,3024,1964,REFINED,FAST,DirectDoubleRenderBackend,aa_fx_work_ms,3,0.0,0.0,0.0
cancel-deep,cancel,3024,1964,FAST,FAST,MandelbrotPerturbationRenderBackend,fx_dispatch_ms,3,0.01325,0.01325,0.01325
cancel-deep,cancel,3024,1964,FAST,FAST,MandelbrotPerturbationRenderBackend,plan_ms,3,2.872083,2.933166,2.933166
cancel-deep,cancel,3024,1964,FAST,FAST,MandelbrotPerturbationRenderBackend,first_backend_region_ms,3,8.02875,8.124625,8.124625
cancel-deep,cancel,3024,1964,FAST,FAST,MandelbrotPerturbationRenderBackend,backend_ms,3,3.961166,4.006792,4.006792
cancel-deep,cancel,3024,1964,FAST,FAST,MandelbrotPerturbationRenderBackend,cancel_request_ms,3,8.02875,8.124625,8.124625
cancel-deep,cancel,3024,1964,FAST,FAST,MandelbrotPerturbationRenderBackend,cancel_tail_ms,3,0.063542,0.097125,0.097125
cancel-deep,cancel,3024,1964,FAST,FAST,MandelbrotPerturbationRenderBackend,base_fx_work_ms,3,0.0,0.0,0.0
cancel-deep,cancel,3024,1964,FAST,FAST,MandelbrotPerturbationRenderBackend,aa_fx_work_ms,3,0.0,0.0,0.0
cancel-deep,cancel,3024,1964,REFINED,FAST,MandelbrotPerturbationRenderBackend,fx_dispatch_ms,3,0.013375,0.019167,0.019167
cancel-deep,cancel,3024,1964,REFINED,FAST,MandelbrotPerturbationRenderBackend,plan_ms,3,2.856584,2.95025,2.95025
cancel-deep,cancel,3024,1964,REFINED,FAST,MandelbrotPerturbationRenderBackend,first_backend_region_ms,3,7.984084,8.189625,8.189625
cancel-deep,cancel,3024,1964,REFINED,FAST,MandelbrotPerturbationRenderBackend,backend_ms,3,3.934917,4.687958,4.687958
cancel-deep,cancel,3024,1964,REFINED,FAST,MandelbrotPerturbationRenderBackend,cancel_request_ms,3,7.984084,8.189625,8.189625
cancel-deep,cancel,3024,1964,REFINED,FAST,MandelbrotPerturbationRenderBackend,cancel_tail_ms,3,0.058292,0.073542,0.073542
cancel-deep,cancel,3024,1964,REFINED,FAST,MandelbrotPerturbationRenderBackend,base_fx_work_ms,3,0.0,0.0,0.0
cancel-deep,cancel,3024,1964,REFINED,FAST,MandelbrotPerturbationRenderBackend,aa_fx_work_ms,3,0.0,0.0,0.0
